  一覧 cat=79(歌い手) page=1/16 … 24件 / 累計24件
  一覧 cat=79(歌い手) page=2/16 … 24件 / 累計48件
  一覧 cat=79(歌い手) page=3/16 … 24件 / 累計72件
  一覧 cat=79(歌い手) page=4/16 … 24件 / 累計96件
  一覧 cat=79(歌い手) page=5/16 … 24件 / 累計120件
  一覧 cat=79(歌い手) page=6/16 … 24件 / 累計144件
  一覧 cat=79(歌い手) page=7/16 … 24件 / 累計168件
  一覧 cat=79(歌い手) page=8/16 … 24件 / 累計192件
  一覧 cat=79(歌い手) page=9/16 … 24件 / 累計216件
  一覧 cat=79(歌い手) page=10/16 … 24件 / 累計240件
  一覧 cat=79(歌い手) page=11/16 … 24件 / 累計264件
  一覧 cat=79(歌い手) page=12/16 … 24件 / 累計288件
  一覧 cat=79(歌い手) page=13/16 … 24件 / 累計312件
  一覧 cat=79(歌い手) page=14/16 … 24件 / 累計336件
  一覧 cat=79(歌い手) page=15/16 … 24件 / 累計360件
  一覧 cat=79(歌い手) page=16/16 … 3件 / 累計363件
  一覧 cat=80(ボカロ) page=1/8 … 24件 / 累計366件
  一覧 cat=80(ボカロ) page=2/8 … 24件 / 累計368件
  一覧 cat=80(ボカロ) page=3/8 … 24件 / 累計374件
  一覧 cat=80(ボカロ) page=4/8 … 24件 / 累計374件
  一覧 cat=80(ボカロ) page=5/8 … 24件 / 累計381件
  一覧 cat=80(ボカロ) page=6/8 … 24件 / 累計387件
  一覧 cat=80(ボカロ) page=7/8 … 24件 / 累計389件
  一覧 cat=80(ボカロ) page=8/8 … 6件 / 累計391件
  一覧 cat=45(ショー／ファンイベント) page=1/12 … 23件 / 累計414件
  一覧 cat=45(ショー／ファンイベント) page=2/12 … 23件 / 累計434件
  一覧 cat=45(ショー／ファンイベント) page=3/12 … 21件 / 累計454件
  一覧 cat=45(ショー／ファンイベント) page=4/12 … 21件 / 累計474件
  一覧 cat=45(ショー／ファンイベント) page=5/12 … 20件 / 累計493件
  一覧 cat=45(ショー／ファンイベント) page=6/12 … 24件 / 累計516件
  一覧 cat=45(ショー／ファンイベント) page=7/12 … 23件 / 累計537件
  一覧 cat=45(ショー／ファンイベント) page=8/12 … 23件 / 累計560件
  一覧 cat=45(ショー／ファンイベント) page=9/12 … 23件 / 累計579件
  一覧 cat=45(ショー／ファンイベント) page=10/12 … 24件 / 累計599件
  一覧 cat=45(ショー／ファンイベント) page=11/12 … 23件 / 累計621件
  一覧 cat=45(ショー／ファンイベント) page=12/12 … 20件 / 累計640件
  一覧 cat=46(トークショー／講演会) page=1/11 … 20件 / 累計655件
  一覧 cat=46(トークショー／講演会) page=2/11 … 21件 / 累計674件
  一覧 cat=46(トークショー／講演会) page=3/11 … 18件 / 累計688件
  一覧 cat=46(トークショー／講演会) page=4/11 … 21件 / 累計704件
  一覧 cat=46(トークショー／講演会) page=5/11 … 21件 / 累計724件
  一覧 cat=46(トークショー／講演会) page=6/11 … 23件 / 累計745件
  一覧 cat=46(トークショー／講演会) page=7/11 … 24件 / 累計764件
  一覧 cat=46(トークショー／講演会) page=8/11 … 24件 / 累計783件
  一覧 cat=46(トークショー／講演会) page=9/11 … 23件 / 累計803件
  一覧 cat=46(トークショー／講演会) page=10/11 … 24件 / 累計818件
  一覧 cat=46(トークショー／講演会) page=11/11 … 16件 / 累計833件
  一覧 cat=41(アニメ／ゲーム／声優) page=1/9 … 24件 / 累計844件
  一覧 cat=41(アニメ／ゲーム／声優) page=2/9 … 24件 / 累計852件
  一覧 cat=41(アニメ／ゲーム／声優) page=3/9 … 24件 / 累計861件
  一覧 cat=41(アニメ／ゲーム／声優) page=4/9 … 24件 / 累計872件
  一覧 cat=41(アニメ／ゲーム／声優) page=5/9 … 24件 / 累計885件
  一覧 cat=41(アニメ／ゲーム／声優) page=6/9 … 24件 / 累計900件
  一覧 cat=41(アニメ／ゲーム／声優) page=7/9 … 24件 / 累計913件
  一覧 cat=41(アニメ／ゲーム／声優) page=8/9 … 24件 / 累計929件
  一覧 cat=41(アニメ／ゲーム／声優) page=9/9 … 5件 / 累計931件
  一覧 cat=29(アイドル) page=1/57 … 24件 / 累計951件
  一覧 cat=29(アイドル) page=2/57 … 24件 / 累計969件
  一覧 cat=29(アイドル) page=3/57 … 24件 / 累計991件
  一覧 cat=29(アイドル) page=4/57 … 24件 / 累計1010件
  一覧 cat=29(アイドル) page=5/57 … 24件 / 累計1033件
  一覧 cat=29(アイドル) page=6/57 … 24件 / 累計1051件
  一覧 cat=29(アイドル) page=7/57 … 23件 / 累計1073件
  一覧 cat=29(アイドル) page=8/57 … 24件 / 累計1096件
  一覧 cat=29(アイドル) page=9/57 … 24件 / 累計1114件
  一覧 cat=29(アイドル) page=10/57 … 24件 / 累計1135件
  一覧 cat=29(アイドル) page=11/57 … 24件 / 累計1152件
  一覧 cat=29(アイドル) page=12/57 … 24件 / 累計1173件
  一覧 cat=29(アイドル) page=13/57 … 24件 / 累計1196件
  一覧 cat=29(アイドル) page=14/57 … 24件 / 累計1218件
  一覧 cat=29(アイドル) page=15/57 … 24件 / 累計1237件
  一覧 cat=29(アイドル) page=16/57 … 24件 / 累計1257件
  一覧 cat=29(アイドル) page=17/57 … 24件 / 累計1278件
  一覧 cat=29(アイドル) page=18/57 … 24件 / 累計1298件
  一覧 cat=29(アイドル) page=19/57 … 24件 / 累計1320件
  一覧 cat=29(アイドル) page=20/57 … 23件 / 累計1339件
  一覧 cat=29(アイドル) page=21/57 … 24件 / 累計1361件
  一覧 cat=29(アイドル) page=22/57 … 22件 / 累計1383件
  一覧 cat=29(アイドル) page=23/57 … 24件 / 累計1402件
  一覧 cat=29(アイドル) page=24/57 … 22件 / 累計1420件
  一覧 cat=29(アイドル) page=25/57 … 24件 / 累計1439件
  一覧 cat=29(アイドル) page=26/57 … 24件 / 累計1461件
  一覧 cat=29(アイドル) page=27/57 … 23件 / 累計1480件
  一覧 cat=29(アイドル) page=28/57 … 23件 / 累計1499件
  一覧 cat=29(アイドル) page=29/57 … 24件 / 累計1519件
  一覧 cat=29(アイドル) page=30/57 … 23件 / 累計1540件
  一覧 cat=29(アイドル) page=31/57 … 24件 / 累計1561件
  一覧 cat=29(アイドル) page=32/57 … 23件 / 累計1577件
  一覧 cat=29(アイドル) page=33/57 … 24件 / 累計1599件
  一覧 cat=29(アイドル) page=34/57 … 24件 / 累計1620件
  一覧 cat=29(アイドル) page=35/57 … 23件 / 累計1638件
  一覧 cat=29(アイドル) page=36/57 … 24件 / 累計1656件
  一覧 cat=29(アイドル) page=37/57 … 23件 / 累計1678件
  一覧 cat=29(アイドル) page=38/57 … 24件 / 累計1701件
  一覧 cat=29(アイドル) page=39/57 … 24件 / 累計1720件
  一覧 cat=29(アイドル) page=40/57 … 24件 / 累計1736件
  一覧 cat=29(アイドル) page=41/57 … 23件 / 累計1754件
  一覧 cat=29(アイドル) page=42/57 … 22件 / 累計1771件
  一覧 cat=29(アイドル) page=43/57 … 24件 / 累計1790件
  一覧 cat=29(アイドル) page=44/57 … 24件 / 累計1808件
  一覧 cat=29(アイドル) page=45/57 … 24件 / 累計1826件
  一覧 cat=29(アイドル) page=46/57 … 24件 / 累計1847件
  一覧 cat=29(アイドル) page=47/57 … 24件 / 累計1867件
  一覧 cat=29(アイドル) page=48/57 … 24件 / 累計1883件
  一覧 cat=29(アイドル) page=49/57 … 23件 / 累計1903件
  一覧 cat=29(アイドル) page=50/57 … 24件 / 累計1921件
  一覧 cat=29(アイドル) page=51/57 … 24件 / 累計1937件
  一覧 cat=29(アイドル) page=52/57 … 24件 / 累計1950件
  一覧 cat=29(アイドル) page=53/57 … 24件 / 累計1965件
  一覧 cat=29(アイドル) page=54/57 … 24件 / 累計1980件
  一覧 cat=29(アイドル) page=55/57 … 23件 / 累計1998件
  一覧 cat=29(アイドル) page=56/57 … 24件 / 累計2014件
  一覧 cat=29(アイドル) page=57/57 … 19件 / 累計2024件
  [1/2024] 523993 おいでませ 公演1/券種1
  [2/2024] 523900 宴 ~E'n~ & ReTAKE 公演1/券種1
  [3/2024] 523858 【Level MAX Street Vol.2〜和ノ陣〜】 公演2/券種2
  [4/2024] 523853 【The Curse and Waltz】 公演2/券種2
  [5/2024] 523629 Voice to Voice vol.5 公演1/券種1
  [6/2024] 523617 おかえり！わいわいほーむ vol.42 公演1/券種1
  [7/2024] 514883 あんさんぶるないとめあ！ 公演1/券種1
  [8/2024] 523266 SHABENNAワンマン 公演1/券種1
  [9/2024] 522569 雨音れい生誕祭& PIMURI Debut 1/2 Annivers 公演3/券種3
  [10/2024] 523504 電脳神楽ｰDENNOU KAGURAｰvol.10 公演1/券種1
  [11/2024] 521257 日高里緒 Acoustic Studio Live 公演1/券種1
  [12/2024] 523317 〜 SPEC ～ 公演1/券種1
  [13/2024] 523142 【Pirka_Dolce】Yume-Pirka Vol.43【定期ラ 公演1/券種2
  [14/2024] 523091 愛原まな 定期ワンマンライブ "Theater" Last Chap 公演1/券種1
  [15/2024] 522682 妖狐繚乱 藤原タケル×ネテルダイヤ りるれらん 異種狐剛！？2マン合 公演1/券種1
  [16/2024] 516481 ＴЯｉｃＫＹ＆吉祥寺NEPO共同主催 『前へススメ！』vol.68〜 公演1/券種1
  [17/2024] 522652 マリーちゃんお誕生日おめでとうの巻 公演1/券種1
  [18/2024] 522964 A-RUSSIAN #えーらしあん 公演1/券種1
  [19/2024] 522975 『 Welcome to SoulPower vol.2 』 公演1/券種1
  [20/2024] 522843 りみちゃんと遊ぼう！vol.11 『まだいたの！？ハロウィンうさぎの 公演1/券種1
  [21/2024] 522213 裏返せ世界を！！〜ウラセカ〜「TURN OVER」 公演2/券種2
  [22/2024] 515292 青妃らめ 1st MINI LIVE & FAN MEETING「U 公演1/券種2
  [23/2024] 516878 ENDLESS PROMOTION LIVE EPISODE 2-ま 公演1/券種1
  [24/2024] 521470 # う た ば ず vol.67 公演2/券種2
  [25/2024] 522008 にこいち-じょかちびツーマンAcoustic Live- 公演1/券種2
  [26/2024] 521176 Reinforce 公演1/券種1
  [27/2024] 516015 【10/25】Ren Meeting!!【活動8周年記念チェキ交流会 公演1/券種1
  [28/2024] 514124 【10/24】Ren Meeting!!【活動8周年記念チェキ交流会 公演1/券種1
  [29/2024] 521399 2026年9月20日(日)amabile主宰 MUSIC TRAIN 公演1/券種1
  [30/2024] 522394 BEST BUDDY 公演1/券種1
  [31/2024] 522249 Torimochi virtual live vol.028 DAY 公演2/券種9
  [32/2024] 522238 Torimochi virtual live vol.028 DAY 公演1/券種4
  [33/2024] 522256 Torimochi virtual live vol.028 DAY 公演2/券種9
  [34/2024] 521900 立花なこ主催5thシングル発売ライブイベント 『-福音Ⅷ-』 公演1/券種1
  [35/2024] 503048 TЯicKY活動再開お昼ペアチケワンマン 『チェキは1枚500円』〜 公演1/券種1
  [36/2024] 522335 trick or melody【Aチケット】 公演2/券種2
  [37/2024] 522312 Life is tour 59 公演1/券種1
  [38/2024] 522310 ヌマちか生誕祭 in秋田とComming Soon!! 公演1/券種1
  [39/2024] 522301 齊藤真生 EP 【Reminder.】 Release Tour 三 公演1/券種1
  [40/2024] 522298 YUIYUI 3rd mini album「結」release to 公演1/券種1
  [41/2024] 521196 【DAY1 (9/25)】エンタパークフェス2026 公演1/券種4
  [42/2024] 514695 メンズフリーライブ!!〜シアターマーキュリー新宿〜 公演1/券種10
  [43/2024] 517254 Luil 4th ONE-MAN LIVE RE:SONANCE 公演1/券種1
  [44/2024] 521888 再販 EPIC 2部 公演1/券種1
  [45/2024] 521887 再販 EPIC 1部 公演1/券種1
  [46/2024] 521429 エトランジェ 1stワンマンショー 『シャランジェ＆ラプソディー』後 公演1/券種1
  [47/2024] 522004 toll gate 公演1/券種2
  [48/2024] 521957 ひきこもりですが何か？- インターネットエンジェル降臨 - 公演1/券種1
  [49/2024] 520017 【かわいく爆音。vol.2】 公演1/券種1
  [50/2024] 520932 「BONDS FES vol.3」〜SeedS RIRI生誕祭〜 公演1/券種2
  [51/2024] 480142 湊月ヨル生誕LIVE -夜光星- 公演1/券種1
  [52/2024] 521510 レインズ 公演1/券種1
  [53/2024] 519483 まじでてんしょん最高潮！まじてん祭～乗るのか？このビッグウェーブに～ 公演1/券種1
  [54/2024] 521550 大槻梢生誕祭 こずこずのいちばんかわいいところ 公演1/券種2
  [55/2024] 521305 FREEDOM.11 Soloist Bloom Orchestra 公演1/券種1
  [56/2024] 521282 JUST ROLL WITH IT Vol.2 公演1/券種1
  [57/2024] 521283 SinKin -vol.1- 公演1/券種1
  [58/2024] 521319 Contrast’s of stage~1st Anniversar 公演1/券種0
  [59/2024] 484875 Resonance CreatioN presents「Pray f 公演1/券種5
  [60/2024] 484874 Resonance CreatioN presents「Pray f 公演1/券種10
  [61/2024] 521321 「会うたもんどうし vol.2」〜高知〜 公演1/券種1
  [62/2024] 521272 LUNIVA 公演1/券種1
  [63/2024] 521265 SpoonアニソンフェスティバルsideREAL 公演1/券種1
  [64/2024] 521129 Reverie 公演1/券種1
  [65/2024] 521130 Reverie 公演1/券種1
  [66/2024] 521127 Reverie 公演2/券種2
  [67/2024] 520233 アニソンウンドウ vol.275 公演1/券種1
  [68/2024] 521141 にゃんにゃんふぇす!vol.35 公演1/券種2
  [69/2024] 521085 Euphoria-AQUARIUM- 公演1/券種1
  [70/2024] 521080 Euphoria-AQUARIUM- 公演1/券種1
  [71/2024] 521077 Euphoria-AQUARIUM- 公演1/券種1
  [72/2024] 520965 【にこちゃむフェス】ファンによるカスタム主催ライブ【Pirka_Do 公演1/券種1
  [73/2024] 520885 星型ピノを探して 公演2/券種2
  [74/2024] 520899 Euphoria 公演1/券種1
  [75/2024] 520895 Euphoria 公演1/券種1
  [76/2024] 520894 Euphoria 公演2/券種2
  [77/2024] 519659 音奏の羅針 公演1/券種1
  [78/2024] 520776 風に吹かれて vol.7 公演1/券種1
  [79/2024] 520582 Halloween Live 2026 公演1/券種1
  [80/2024] 520809 喉元過ぎれば“きみ”をも忘れる 公演1/券種1
  [81/2024] 520705 【2部】trick or melody【Bチケット】 公演1/券種1
  [82/2024] 520704 【1部】trick or melody【Bチケット】 公演1/券種1
  [83/2024] 520671 ぽこたの全国触れ合い行脚10周年記念BAND LIVE 公演1/券種1
  [84/2024] 520668 ぽこたの全国触れ合い行脚10周年記念LIVE 公演1/券種1
  [85/2024] 520664 じじい生誕祭AC LIVE 公演1/券種1
  [86/2024] 520661 ぽこた誕生日前日BAND LIVE 公演1/券種1
  [87/2024] 520660 ぽこた誕生日2日前LIVE 公演1/券種1
  [88/2024] 520465 Kmical X 2026 〜Total combat〜 公演1/券種1
  [89/2024] 520320 EPISODE vol.4 1部 公演1/券種1
  [90/2024] 520324 EPISODE vol.4 2部 公演1/券種1
  [91/2024] 519854 Prologue 公演1/券種2
  [92/2024] 520500 HARUKI 2026 Halloween 公演2/券種2
  [93/2024] 520488 ワイ氏、オンステージ〜ぽまえらもいっしょ2026秋〜 公演1/券種2
  [94/2024] 514916 UTABAKU vol.4 公演1/券種1
  [95/2024] 519880 きゅるりん♡ぱにっく 公演2/券種2
  [96/2024] 520146 Limited 公演1/券種0
  [97/2024] 520211 Grande Epoque #グラエポ 公演1/券種1
  [98/2024] 520123 Soleil vol.4 公演1/券種2
  [99/2024] 520238 TRIGGER 公演1/券種1
  [100/2024] 520204 『 ハイファイ&ケミカリ富山の秋 』 公演1/券種1
  [101/2024] 519997 ALU 1st Anniv. 歌ライブ 公演1/券種1
  [102/2024] 519892 姫路 QuietHoliday 公演1/券種1
  [103/2024] 519687 雨宮みき5thワンマンライブ「A Tale of Beans」 公演1/券種2
  [104/2024] 519588 齊藤真生EP 【Reminder.】 Release Tour Fi 公演1/券種1
  [105/2024] 513498 八咫空生誕祭【狂熱】 公演2/券種2
  [106/2024] 519215 KOTETSU “The Room” -A Limited Live 公演1/券種2
  [107/2024] 518924 『ユメゴコロ ~ページをめくるその先は~』アフターイベント 公演1/券種1
  [108/2024] 519471 星月夜への誘い 公演1/券種1
  [109/2024] 518364 終景、そのあとで 公演1/券種1
  [110/2024] 519440 オンリーワンスVol.3 公演1/券種1
  [111/2024] 519073 月の裏で逢いましょう-Let's go to The dark si 公演1/券種1
  [112/2024] 516778 『共闘 -kyoutou- 』 #しちゃそら1stツーマン 公演1/券種1
  [113/2024] 518819 髙石彩乃 誕生日前夜の主催ライブ！！「あやたか☆ナイトティーパーティ 公演1/券種3
  [114/2024] 519130 11月13日（金）秋葉原ZEST 「俺のアニソン Vol.67」 公演1/券種1
  [115/2024] 518365 「ソメノ9周年でワンマン」〜京都〜 公演1/券種1
  [116/2024] 519126 【10月公演】少女探偵ななゆかvs怪盗The scarlet gre 公演1/券種3
  [117/2024] 514950 【配信用】新声優ユニット chapter prism♡ 【Chapt 公演1/券種1
  [118/2024] 518814 fuca生誕祭〜fLAMEmusic〜 公演1/券種1
  [119/2024] 518347 わんだふる すたーず vol.2 公演2/券種4
  [120/2024] 518684 RIZE SPRING BEAT~vol.15~5周年~ 公演1/券種1
  [121/2024] 518670 クロノスタシスVol.2 公演1/券種1
  [122/2024] 518242 ALL MIND vol.08 2部(夜の部) 公演1/券種1
  [123/2024] 518241 ALL MIND vol.08 1部(昼の部) 公演1/券種1
  [124/2024] 494645 汐音かなう生誕祭2026 -Aqour Memoria- 公演1/券種1
  [125/2024] 518016 SuN's Next vol.21 公演1/券種1
  [126/2024] 518565 カーニバル祭りフェスティバル 公演1/券種2
  [127/2024] 518380 THE×+BETH ／ LitScape TOUR 公演1/券種1
  [128/2024] 518151 秘密のティータイム-THE FIRST INVITATION- 公演1/券種1
  [129/2024] 518261 メガマニナイトVol9 公演1/券種2
  [130/2024] 518316 寿司桶シャングリラガーデンvol.35 すしおけであそぼ 公演1/券種4
  [131/2024] 518198 タマタククロスロードカーニバル浜松大会‼︎ 公演1/券種1
  [132/2024] 517988 超出張版 なかじのらじお部屋 公演1/券種1
  [133/2024] 517135 miracle magic - 奇跡の魔法 - 2nd Annive 公演1/券種1
  [134/2024] 517140 miracle magic - 奇跡の魔法 - 2nd Annive 公演1/券種1
  [135/2024] 517139 miracle magic - 奇跡の魔法 - 2nd Annive 公演1/券種1
  [136/2024] 514839 CØCØRIZE-東名阪 ONE MAN TOUR-『ZERO-Ø1 公演1/券種2
  [137/2024] 516674 CØCØRIZE-東名阪 ONE MAN TOUR-『ZERO-Ø1 公演1/券種2
  [138/2024] 516714 CØCØRIZE-東名阪 ONE MAN TOUR-『ZERO-Ø1 公演1/券種1
  [139/2024] 518190 タマタクチャンカー浜松大会‼︎ 公演1/券種1
  [140/2024] 518082 MILLEA 「うたの記憶」 公演1/券種1
  [141/2024] 518054 歌宴［uta-ge］KARAOKE JUNGLE vol.04 公演1/券種1
  [142/2024] 494643 みんかな生誕祭2026 -Halo Bubble!!- 公演1/券種1
  [143/2024] 518047 NEXT STAGE vol.89 公演1/券種1
  [144/2024] 517816 ライシングVol.4 公演2/券種8
  [145/2024] 517554 BITE THE BEATS! -vol.2- 公演1/券種1
  [146/2024] 517784 アニソンウンドウ vol.274 公演1/券種1
  [147/2024] 517399 STEP UP STAGE -Tokyo- vol.7 公演1/券種1
  [148/2024] 517795 【Re:start Vol.1】 公演2/券種2
  [149/2024] 516485 『だから僕は』 公演2/券種2
  [150/2024] 517550 PROJECT DECKARD FIFTH LIMITED LIVE 公演1/券種1
  [151/2024] 513707 湯木慧 アコースティックLIVE「キッカケ」vol.5 公演1/券種2
  [152/2024] 517441 【音楽乱舞る -MUSIC RUMBLE-】=PLAYLIST= 公演1/券種3
  [153/2024] 517289 Collapse vol.4 公演2/券種2
  [154/2024] 512245 かとう唯 復帰ワンマンライブ 『1000日ぶりのただいま』 公演1/券種3
  [155/2024] 517128 10月2日（金）秋葉原ZEST 「俺のアニソン Vol.66」 公演1/券種1
  [156/2024] 517080 TIPSY vol.6 公演1/券種1
  [157/2024] 516421 ATTRACTIVE ENERGY 公演1/券種1
  [158/2024] 516368 Verbum Dey 公演1/券種1
  [159/2024] 517025 KIR PROJECT-Autumn’26- 公演1/券種1
  [160/2024] 517019 おにあいさうんど vol.3 キャンセル待ち受付(先着順) 公演1/券種1
  [161/2024] 515986 『H@ng0ut. vol.6』 Halloween Night P 公演1/券種1
  [162/2024] 516453 裏返せ世界を！！〜ウラセカ〜「TURN OVER」 公演2/券種2
  [163/2024] 516737 「ALLiCA ONE MAN TOUR2026〜京都〜」 公演1/券種1
  [164/2024] 516768 10/10夜「やりガチ！vol.5 SideM」 公演1/券種1
  [165/2024] 516766 10/10昼「やりガチ！vol.5 SideA」 公演1/券種1
  [166/2024] 505702 ZAKURO BD ONE-MAN LIVE『CROWN ME』各部 公演2/券種2
  [167/2024] 516773 10/10昼夜「やりガチ！vol.5 SideA＆SideM」 公演1/券種1
  [168/2024] 515983 『H@ng0ut. vol.5 』 公演1/券種1
  [169/2024] 516541 【 ふち豆生誕 mini ワンマンライブ 】ふり～だむ 公演1/券種1
  [170/2024] 505699 ZAKURO BD ONE-MAN LIVE『CROWN ME』各部 公演2/券種4
  [171/2024] 516705 月宵ユト誕生日ライブ 今夜の君はどんな色？ 公演1/券種0
  [172/2024] 516781 無礼切徒-夜露死苦- 公演1/券種1
  [173/2024] 515839 TRY!!!～なんでもアリのハロウィンパーティー！ 公演3/券種3
  [174/2024] 516602 【2部】ZEALTHEATER TOKYO みらすて学園 公演1/券種1
  [175/2024] 516601 【2部】ZEALTHEATER TOKYO みらすて学園 公演1/券種1
  [176/2024] 516600 【1部】ZEALTHEATER TOKYO みらすて学園 公演1/券種1
  [177/2024] 516598 だうゆちプレゼンツ『Full course』vol.3 in TOK 公演1/券種1
  [178/2024] 514944 Crystal Melody ~もう主催3周年突入しちゃったんですケ 公演1/券種1
  [179/2024] 514945 見習い天使の戯れ ~今年も楽しませちゃうカーモ！~ 公演1/券種1
  [180/2024] 516564 Caffe1ne生誕祭『覚醒』 公演1/券種1
  [181/2024] 509542 or What You Will - シェイクスピアとその音楽- 公演1/券種1
  [182/2024] 515246 ポン酢タクシー〜再来〜 公演1/券種1
  [183/2024] 516211 好パ vol.2 公演1/券種2
  [184/2024] 515746 Again vol.4 公演1/券種1
  [185/2024] 515736 平岡恵子の"Warm up" 〜久しぶりにやっちゃう〜 公演1/券種1
  [186/2024] 512994 Sing a Song 2026 公演1/券種1
  [187/2024] 515300 Lady GO!! 公演1/券種1
  [188/2024] 515251 EPIC 2部 公演1/券種1
  [189/2024] 515250 EPIC 1部 公演1/券種1
  [190/2024] 514913 UTABAKU vol.2 公演1/券種1
  [191/2024] 515114 Starlit Stage 公演1/券種1
  [192/2024] 502609 『Lunatic』 -Vol.2 - 公演1/券種1
  [193/2024] 515074 こってり汗之助＆青春カフェさくらい単独公演「自惚れ」 公演3/券種6
  [194/2024] 515012 コールマンフェスティバルvol.2【夜の部】 公演1/券種2
  [195/2024] 515011 コールマンフェスティバルvol.2【昼の部】 公演1/券種2
  [196/2024] 514959 ЯanaB 新章対バンツアー 静岡公演 公演1/券種1
  [197/2024] 514747 Pandemonium-ALIVE- 公演1/券種1
  [198/2024] 514810 Euphoria-AQUARIUM- 公演1/券種1
  [199/2024] 514784 Euphoria-AQUARIUM- 公演2/券種2
  [200/2024] 514824 Euphoria-AQUARIUM- 公演1/券種1
  [201/2024] 511118 ねじ式Presents"アコースティックな飲み会2026" 公演1/券種5
  [202/2024] 514786 Oshi Stage–ここから始まる– 公演1/券種1
  [203/2024] 514704 CONNECTION CIRCLE vol.1 公演1/券種1
  [204/2024] 514687 【野崎藍専用】Welcome back presents 『SONG 公演1/券種1
  [205/2024] 514562 俺たちの”行けたら行くわ”2nd Season 公演1/券種2
  [206/2024] 514560 華胥之夢2026 in大阪 ~ 人生100年計画Quarter An 公演2/券種4
  [207/2024] 510625 天音直子＆長島伊音初共催ライブ 「音彩-NEIRO-」 〜いお生誕祭 公演1/券種2
  [208/2024] 513884 HEAVEN's HOLIC Vol.2 公演1/券種3
  [209/2024] 513856 えすれあかーにばる！ 公演1/券種1
  [210/2024] 508777 Linear 1st LIVE ~PRISM~ 公演1/券種5
  [211/2024] 513463 Dolce 公演2/券種2
  [212/2024] 513032 アニソンウンドウ vol.273 公演1/券種1
  [213/2024] 513456 兵庫川西 ふるや 公演1/券種1
  [214/2024] 513454 静岡御殿場 RINCOLO『偽アイドルを探せ！vol.3』 公演1/券種1
  [215/2024] 513453 兵庫西宮 Bar二塁アルプス 公演1/券種1
  [216/2024] 513425 倉敷クッキージャー 〜岡山県倉敷市〜 公演1/券種1
  [217/2024] 511807 Ace vol.2 公演1/券種1
  [218/2024] 513400 「よっくんとしーら 〜倉敷編〜」〜岡山県倉敷市〜 公演1/券種1
  [219/2024] 513395 「おがホールワンマン壮行会」〜香川県高松市〜 公演1/券種1
  [220/2024] 513393 音蔵3周年初日！よっくんワンマン 「よの蔵」〜山形県新庄市〜 公演1/券種1
  [221/2024] 513389 よっくん秋田初ワンマン「初金」〜秋田県秋田市〜 公演1/券種1
  [222/2024] 513387 「四つ巴カルテット〜名古屋編〜」 公演1/券種1
  [223/2024] 513322 +ICHICAFE VLIVE vol.8 公演1/券種3
  [224/2024] 509430 +ICHICAFE VLIVE vol.7 公演1/券種3
  [225/2024] 513245 『ワンダフル日曜日』〜大阪京橋〜 公演1/券種1
  [226/2024] 513096 Kensaku Kishida×しんやっちょ presents「Li 公演1/券種1
  [227/2024] 512962 全曲ライブ7日目 公演1/券種1
  [228/2024] 512966 全曲ライブ9日目 公演1/券種1
  [229/2024] 512964 全曲ライブ8日目 公演1/券種1
  [230/2024] 512961 全曲ライブ6日目 公演1/券種1
  [231/2024] 512808 妖狐繚乱 園ノ姫なにゃ生誕祭〜姫降臨〜 公演1/券種2
  [232/2024] 512381 コンビニ組 ワンマン 公演1/券種1
  [233/2024] 512855 Gathering 公演1/券種1
  [234/2024] 512790 NAKUTE NANAKUSE FIRST LIVE 公演1/券種1
  [235/2024] 505984 ぽこたの全国触れ合い行脚 公演1/券種1
  [236/2024] 505983 エガマイヤー18周年!! 公演1/券種1
  [237/2024] 505982 ぽこたの全国触れ合い行脚~ゲスト：ASK~ 公演1/券種1
  [238/2024] 505980 ぽこたの全国触れ合い行脚 公演1/券種1
  [239/2024] 512753 『log in.』vol.1 公演1/券種2
  [240/2024] 512337 Seasonal box vol.2 公演1/券種1
  [241/2024] 511830 仮面舞踏会-Masquerade Ball- 公演2/券種2
  [242/2024] 510968 ONE sparkle NEO vol.10 公演1/券種1
  [243/2024] 511954 L e : Q u e s t ~ れ い 生 誕 祭 ラ イ ブ  公演1/券種1
  [244/2024] 511855 竹内哲也ライブ@11.7東京・水道橋Words 公演1/券種1
  [245/2024] 511854 竹内哲也ライブ@10.25大阪・豊中Roots’66 公演1/券種1
  [246/2024] 511853 竹内哲也ライブ@10.17名古屋・栄ムジカ 公演1/券種1
  [247/2024] 511856 竹内哲也ライブ@11.18京都・都雅都雅 公演1/券種1
  [248/2024] 510104 すい初主催!? 3rd Anniversary Live 公演1/券種1
  [249/2024] 511892 すい生誕祭 公演1/券種1
  [250/2024] 510125 ASP presents. MUSIC LINK Vol.24 〜ワ 公演1/券種1
  [251/2024] 511517 Link up MUSIC event【大眉りさ専用受付】 公演1/券種1
  [252/2024] 511136 Happy Halloween！Trick or Stage！ 公演1/券種1
  [253/2024] 511139 Happy Halloween！Trick or Stage！メッセ 公演1/券種5
  [254/2024] 511358 葵みつきBirthday LIVE 2026 JOURNEY 公演1/券種4
  [255/2024] 511251 ブレイキングみくすとVol.1 公演1/券種3
  [256/2024] 499300 『zaki 40th anniversary LIVE』 公演1/券種3
  [257/2024] 511103 堺ブルースフェスティバル2026 公演1/券種1
  [258/2024] 506886 Boys, be ambitious! 公演1/券種2
  [259/2024] 506890 girls girls girls Vol.22 公演1/券種2
  [260/2024] 506331 Stellar Rendezvous 〜The Second Fes 公演1/券種2
  [261/2024] 509846 夏、ログアウト失敗！ 公演3/券種3
  [262/2024] 510414 FLANICA FES 公演1/券種2
  [263/2024] 494852 ReverÐen 1st One man LIVE 『ハナコトネ』 公演1/券種1
  [264/2024] 504923 第1回いのちと希望の響愛(シンフォニー)in神戸 公演1/券種1
  [265/2024] 510649 「three-act gig」〜茨城県ひたちなか市〜 公演1/券種1
  [266/2024] 510109 pinkieDIAMOND・DIAMOND 公演1/券種2
  [267/2024] 510099 DIAMOND 公演1/券種2
  [268/2024] 508160 マゼテハジケロ vol.1 公演1/券種1
  [269/2024] 509945 『マザーの歩みvol.6〜マザー・ヤナギ単独公演〜』 公演1/券種1
  [270/2024] 509194 Thatscool 1st Live Headliner 公演1/券種1
  [271/2024] 508522 🌸なぴくん大感謝祭🌸〜みんなに感謝を伝えたい‼️〜第二部 公演1/券種1
  [272/2024] 506823 🌸なぴくん大感謝祭🌸〜みんなに感謝を伝えたい‼️〜第一部 公演1/券種1
  [273/2024] 509657 紫電らいと初主催生誕ライブ『 ブチアゲ大作戦！』 公演1/券種1
  [274/2024] 508941 Yusuken ONE-MAN LIVE 2026 About Yx 公演1/券種3
  [275/2024] 508868 REXXION 公演1/券種1
  [276/2024] 502632 SARAH BIRTHDAY LIVE 2026 〜stargaze 公演1/券種3
  [277/2024] 509146 「よっそらvol.9名古屋編」〜愛知県名古屋〜 公演1/券種1
  [278/2024] 509144 「よっそらvol.8京都編」〜京都府京都市〜 公演1/券種1
  [279/2024] 507261 shack ONEMAN LIVE『employee 』臨時会議 公演2/券種4
  [280/2024] 507555 Torimochi virtual live vol.027 DAY 公演2/券種7
  [281/2024] 507556 Torimochi virtual live vol.027 DAY 公演2/券種7
  [282/2024] 508466 ひなぴ9歳生誕祭〜こんなに大きくなりました♡〜 公演1/券種2
  [283/2024] 508457 敬愛する御前達へ 公演1/券種2
  [284/2024] 507042 アニソンウンドウ vol.272 公演1/券種1
  [285/2024] 507561 Devil's Crane Festival vol.5 公演1/券種2
  [286/2024] 507680 Egoid 公演3/券種3
  [287/2024] 498418 Deep:Immersion Vol.1 公演1/券種1
  [288/2024] 477971 ひまわり運動会 公演1/券種1
  [289/2024] 507328 #てらこ生誕2026【1部】 公演1/券種1
  [290/2024] 507330 #てらこ生誕2026【2部】 公演1/券種1
  [291/2024] 506821 愛原まな Birthday one man Live 2026 『C 公演1/券種1
  [292/2024] 506085 Nighthawks 公演1/券種1
  [293/2024] 505956 『Lunaris ～いあ誕｡2026～』 公演1/券種1
  [294/2024] 505954 『Polaris ～いあ誕｡2026～』 公演1/券種1
  [295/2024] 495983 rE:音LIVE!! 公演1/券種1
  [296/2024] 505855 NEXUS 11.22 公演1/券種1
  [297/2024] 506257 新声優ユニット chapter prism♡ 【Chapter:１〜 公演1/券種1
  [298/2024] 506231 2027年4月1日（木）LEIWAN『新時代』 Zepp Shinj 公演1/券種4
  [299/2024] 505686 RESPECT 公演1/券種1
  [300/2024] 505486 森下華奈子 1日限定ライブ復帰！&誕生祭 公演1/券種1
  [301/2024] 500475 Arise Birthday Live 2026 -Nightmar 公演1/券種1
  [302/2024] 500481 Arise Birthday Live 2026 -Reach fo 公演1/券種1
  [303/2024] 504884 NOT SINGER,NEW STAGE. 公演1/券種3
  [304/2024] 501409 BEAR 1st ONE MAN LIVE 2026 Day One 公演1/券種4
  [305/2024] 504302 Colorful Harmony in OSAKA 公演1/券種1
  [306/2024] 504316 ザ・ヒーナキャット ミニワンマン 公演1/券種1
  [307/2024] 504315 ザ・ヒーナキャット ミニワンマン 公演1/券種1
  [308/2024] 502716 Cradle vol.6 in Osaka 公演1/券種1
  [309/2024] 502636 Let's Party!!! -Osaka- 公演1/券種1
  [310/2024] 504205 兵庫新開地 フレンズ 公演1/券種1
  [311/2024] 500623 ハーピストみゆき10周年記念コンサートin大阪 公演1/券種1
  [312/2024] 504048 UTABAKU vol.3 公演1/券種1
  [313/2024] 502950 MEMORIES of VOC＠LOiD Vol.5 公演1/券種1
  [314/2024] 503632 ai*ai 5th One man live 〜ai Scream! 公演1/券種4
  [315/2024] 503334 Idol Trooper 172 公演1/券種1
  [316/2024] 503333 Idol Trooper 171 公演1/券種1
  [317/2024] 503073 介護福祉士だって”ライブ”がしたい。 公演1/券種2
  [318/2024] 503268 伽藍生誕祭(Sチケット) 公演1/券種1
  [319/2024] 499003 これなな。 公演1/券種1
  [320/2024] 502977 HOME TOWN 公演1/券種1
  [321/2024] 502843 「歌謡食堂サミット」2026#1 公演1/券種1
  [322/2024] 501749 KAKE-ONE~キズナ~ 公演2/券種2
  [323/2024] 501696 『 舞島みき3rdワンマンライブ ~ 5分の瞬き ~ 』 公演1/券種1
  [324/2024] 500551 『Be my voice』ツアーファイナル★夢3rdワンマンライブ 公演1/券種4
  [325/2024] 500532 ＜Mia One-man DinnerLive＞ 公演1/券種3
  [326/2024] 501063 悠楓生誕祭 Connecting 1部 公演1/券種1
  [327/2024] 501083 悠楓生誕祭 Connecting 2部 公演1/券種1
  [328/2024] 500957 伽藍生誕祭(Aチケット) 公演1/券種1
  [329/2024] 500347 奄美大島 MA・YASCO『SUMINURI vol.78』 公演1/券種1
  [330/2024] 500346 沖永良部 音樂居『SUMINURI vol.77』 公演1/券種1
  [331/2024] 500345 沖縄与那原 オープンマイク『SUMINURI vol.76』 公演1/券種1
  [332/2024] 500221 ドリームフェスティバル2026🍡 公演1/券種1
  [333/2024] 491053 DEKOPON FAN MEETING-諸星生誕前夜祭- 公演1/券種1
  [334/2024] 497047 KOTETSU Album Release Tour 2026 -E 公演1/券種2
  [335/2024] 497684 IDOL GATE ZONE vol.1 -THE CRAZY NI 公演1/券種1
  [336/2024] 497176 『二中病』故郷凱旋LIVE 公演1/券種1
  [337/2024] 497051 爆俺祭（ばくをれさい） 公演1/券種1
  [338/2024] 481061 或夢 1st Full Album Release Event『空想 公演1/券種1
  [339/2024] 491009 VOICE6-TOKYO-<Fan Meeting> 公演1/券種1
  [340/2024] 491008 VOICE6-TOKYO- 公演1/券種1
  [341/2024] 495023 インターネットカラオケマツリ〜バーチャル・リアル〜 公演3/券種12
  [342/2024] 496367 核闘者 ～CORE FIGHTER～ 公演1/券種1
  [343/2024] 496083 「one may a UNIT !! Vol.4」おねまや 公演1/券種1
  [344/2024] 492447 鈴木千絵 oneman live "piece" 【プレミアム】 公演1/券種1
  [345/2024] 492450 鈴木千絵 oneman live "piece" 【通常】 公演1/券種1
  [346/2024] 492449 鈴木千絵 oneman live "piece" 【特典付き】 公演1/券種1
  [347/2024] 490883 LIVEWIMPS 公演1/券種1
  [348/2024] 491205 SIXX 30th anniversary live【re:join 公演1/券種4
  [349/2024] 491188 Hortus Conclusus ～閉ざされた庭～ 中世の歌の花園 公演2/券種4
  [350/2024] 490893 鈴木千絵 oneman live "piece" 【First Pi 公演1/券種1
  [351/2024] 490425 高麗郡健郡1310周年記念新井英一コンサート 公演1/券種1
  [352/2024] 489625 希水しお 初ライブイベント 公演2/券種8
  [353/2024] 487039 月満チル夜 公演2/券種8
  [354/2024] 482119 おにあいさうんど vol.3 (取置きチケット) 公演1/券種1
  [355/2024] 483458 歌ってみます。 公演1/券種1
  [356/2024] 470512 朝木ゆう 1st Live 「朝顔と夕顔」 公演1/券種1
  [357/2024] 476940 月ノ調べ〜月ノ音なぎ2nd onemanlive2026 Plane 公演1/券種2
  [358/2024] 473139 HORI YUI RAW SESSION 260919 公演1/券種1
  [359/2024] 467180 ベスト ザ・ヒーナキャット 公演1/券種1
  [360/2024] 468844 カワウソ10歳になりました(仮) 公演1/券種2
  [361/2024] 467521 THE GAME 公演1/券種1
  [362/2024] 456303 【新作】増田桜美 単独公演「Act Two」 公演1/券種3
  [363/2024] 439449 10th anniversary「10年分のありがとう」 公演1/券種2
  [364/2024] 522754 「Pilina★Night☆Fever Vol.５ 〜BLAST〜」 公演1/券種3
  [365/2024] 521544 「DJ」Vol.5 公演1/券種1
  [366/2024] 520399 DooDooDooMiuMiuMiu Presents "Mix H 公演1/券種1
  [367/2024] 520951 FromCollection Vol.1~from歌コレ~ 公演1/券種1
  [368/2024] 516924 余白章 ---赦されない祝祭--- 公演2/券種5
  [369/2024] 520065 平田信幸プロデュース第八弾 公演1/券種1
  [370/2024] 519699 11月24日（火）秋葉原GOODMAN 「MUSIC BATTER  公演1/券種1
  [371/2024] 519545 Beat!vol.6 公演1/券種2
  [372/2024] 518928 おどチャンテーマ別回2-2部- 公演1/券種1
  [373/2024] 518926 おどチャンテーマ別回2-1部- 公演1/券種1
  [374/2024] 518355 窓の炊事場 第2回 公演1/券種1
  [375/2024] 515594 BirdLimeTrap vol.012 DAY2 公演2/券種7
  [376/2024] 515591 BirdLimeTrap vol.012 DAY1 公演2/券種7
  [377/2024] 514766 VSinger StarS - vol.2 - 公演2/券種7
  [378/2024] 515219 眠井シキ生誕祭せかんど！1部 公演1/券種2
  [379/2024] 515277 眠井シキ生誕祭せかんど！2部 公演1/券種2
  [380/2024] 514928 S★魂Vol.33 S★魂 秋祭り 公演1/券種2
  [381/2024] 514053 9月30日（水）秋葉原GOODMAN 「MUSIC BATTER V 公演1/券種1
  [382/2024] 512845 いおりりちゃんくらぶ Vol.18 公演1/券種1
  [383/2024] 510903 おどチャンLiveS#6_2部 公演1/券種1
  [384/2024] 510902 おどチャンLiveS#6_1部 公演1/券種1
  [385/2024] 510367 安藤未知生誕2026-愛されるのと愛すのは どっちが幸せなのかな？  公演1/券種1
  [386/2024] 510368 安藤未知生誕2026-愛されるのと愛すのは どっちが幸せなのかな？  公演1/券種1
  [387/2024] 509498 Chouchou -桃やまOfficial Fan Meeting- 公演1/券種5
  [388/2024] 484421 ぱうふぇちゅ！- なないろふぁんふぁ～れ - 公演1/券種2
  [389/2024] 502612 ポラリス～第2回めんこいだけじゃないだべや！～ 公演2/券種2
  [390/2024] 497961 りくたんっ 〜はじめての生誕祭!!〜 公演1/券種3
  [391/2024] 459422 【FINAL】9/18(金) 東京キネマ俱楽部 - CIVILIAN 公演1/券種2
  [392/2024] 523433 ネオまさる家 文化祭 公演1/券種22
  [393/2024] 523925 撮れ高、飽和中。フェチミート撮影会 Vol.60 公演7/券種24
  [394/2024] 523160 リリシック学園 個別浴衣撮影会2026 公演10/券種79
  [395/2024] 523862 スプスラッシュ〜ぶるのスパルタ公演 vol.1〜 公演1/券種2
  [396/2024] 523633 Oshi Fes in IKEBUKURO Halloween Ni 公演1/券種4
  [397/2024] 523868 Act Alien 我々は、ワレvol １１ 〜ひまわりさんが来るっ 公演1/券種3
  [398/2024] 523817 ♱全演者三咲化計画♱ Vol.14 公演1/券種1
  [399/2024] 523811 ONE LAST SHOT✖️パンチョ矢場町店 スペシャルコラボ 来 公演1/券種1
  [400/2024] 523736 Myamo’s Room vol.7 6周年だよ！全員集合！ 公演1/券種1
  [401/2024] 523671 利根さやなボーリング&居酒屋in大阪🎳🍺 公演1/券種6
  [402/2024] 523623 佐倉翠 野外撮影会 上野っておしゃれ感と下町感あるよね 公演6/券種6
  [403/2024] 523147 ロワベリ ハロウィンイベント 公演1/券種1
  [404/2024] 523412 菊に盃！至難に一杯！～七星御利益ファンミーティング～ 公演1/券種12
  [405/2024] 522428 がしゃずまのDio de Duo vol.2 公演1/券種0
  [406/2024] 522608 GeL presents 「トリプルグレッチ 三銃士」 (2部制) 公演2/券種4
  [407/2024] 523420 9/25(金)堀梨恵オンライン特典会 公演1/券種1
  [408/2024] 523418 9/18(金)堀梨恵オンライン特典会 公演1/券種1
  [409/2024] 523383 New Crown 2nd ONEMAN LIVE くーあい♡くらう 公演1/券種4
  [410/2024] 521590 ZENKOBA 公演1/券種1
  [411/2024] 523342 福あい9周年ライブアフターパーティー 公演1/券種1
  [412/2024] 523185 ネコトカゲpre.【おにくさんといっしょ VOL.2】*サキガケ•エ 公演1/券種1
  [413/2024] 523150 第6回ノルトベースヒーロー教室 公演2/券種2
  [414/2024] 523148 年忘れブラザーズ2026 公演1/券種1
  [415/2024] 521929 Lida presents 「"Twinkle package" v 公演1/券種2
  [416/2024] 522860 第55回 紅愛のまったりカラオケ喫茶 公演1/券種1
  [417/2024] 523019 堀 梨恵 秋のカラオケオフ会 公演1/券種1
  [418/2024] 523001 SHIMIZU SAKURA バースデーライブ2026 公演2/券種4
  [419/2024] 522988 FULL OUT!! 公演1/券種3
  [420/2024] 522911 「ほやのラップ」MV完成試写会／怨念力を高めて厄払いをするライブ2 公演3/券種3
  [421/2024] 522870 佐倉翠 野外撮影会 恵比寿っておしゃれな秋！ 公演6/券種6
  [422/2024] 522757 TOO LATE FOR CRY -宍戸翼単独 千葉編- 公演1/券種1
  [423/2024] 521953 【ぶざわん⇔ボウリング倶楽部 at ラウンドワン梅田店】 公演1/券種1
  [424/2024] 522734 Mayuko Kominami Live in Kobe 2026 公演2/券種2
  [425/2024] 522674 JAPAN PERFECT IDOL ~ 月の裏側で、君を待つ。 公演1/券種6
  [426/2024] 517518 バトル形式怪談ライブ【埼玉vs千葉-因縁の対決-】 公演1/券種1
  [427/2024] 522427 ほりえみく 2nd ファンミーティング 公演1/券種1
  [428/2024] 522361 福山あいどるくらぶ9周年ライブ 公演1/券種1
  [429/2024] 521901 エンタメ三国志ツアーin名古屋 公演1/券種1
  [430/2024] 522194 TOO LATE FOR CRY -宍戸翼単独 福岡編- 公演1/券種1
  [431/2024] 522193 TOO LATE FOR CRY -宍戸翼単独 札幌編- 公演1/券種1
  [432/2024] 522190 TOO LATE FOR CRY -宍戸翼単独 高崎編- 公演1/券種1
  [433/2024] 522192 TOO LATE FOR CRY -宍戸翼単独 東京編- 公演1/券種1
  [434/2024] 505139 【コサラボ】学校コスプレ！＠UECHU 公演1/券種3
  [435/2024] 522176 ひまわりロックフェスVol.2 公演1/券種2
  [436/2024] 522163 吉水真央大阪個人オフ会🐙 公演1/券種1
  [437/2024] 521987 TOO LATE FOR CRY -宍戸翼単独 神戸編- 公演1/券種1
  [438/2024] 520230 表参道 NEW WAVE SHOW Vol.2 公演1/券種2
  [439/2024] 521817 9月企画スタジオ撮影会📸 公演7/券種7
  [440/2024] 521356 SUPER HARD C 公演1/券種2
  [441/2024] 521439 「LmG2:ReG Live Vol.01 髙石彩乃 みゆう 合同生 公演1/券種1
  [442/2024] 521245 「だめおたちの夜 」50歳を祝ってよ！スペシャル 公演2/券種2
  [443/2024] 521404 しおの×恋兎ましろ Ribbon Cafe party 公演1/券種5
  [444/2024] 521446 カラオケオフ会 in 京都 公演1/券種1
  [445/2024] 521435 ぱぴ会 vol.5 「月より団子！~酔いどれお月見祭~」 公演1/券種3
  [446/2024] 521217 SACHI-e mini ALBUM リリース LIVE 「ほんとう 公演1/券種1
  [447/2024] 521148 Re.Nova北山監禁型お化け屋敷『異常』 公演7/券種7
  [448/2024] 521149 Re.Nova北山監禁型お化け屋敷『異常』 公演4/券種4
  [449/2024] 521154 Re.Nova北山監禁型お化け屋敷『異常』 公演7/券種7
  [450/2024] 521153 Re.Nova北山監禁型お化け屋敷『異常』 公演7/券種7
  [451/2024] 521152 Re.Nova北山監禁型お化け屋敷『異常』 公演7/券種7
  [452/2024] 521151 Re.Nova北山監禁型お化け屋敷『異常』 公演7/券種7
  [453/2024] 513047 『ONE-C ハロウィン大撮影会』 公演9/券種35
  [454/2024] 521092 みつめ Birthday Event 2026 公演1/券種1
  [455/2024] 519163 久木田姉妹夏祭りイベント 公演1/券種2
  [456/2024] 520887 FULL OUT!! 特別企画 フットサル＆ミニ運動会 公演1/券種2
  [457/2024] 520846 FULL OUT!! 公演1/券種3
  [458/2024] 520842 Noe Liam 〜Halloween party〜 公演1/券種1
  [459/2024] 520836 FULL OUT!! 公演1/券種3
  [460/2024] 520427 Buzzer01&. ACOUSTIC LIVE&CAFE EVEN 公演1/券種1
  [461/2024] 519246 HelloYouth prime 16th 公演1/券種2
  [462/2024] 516805 結城 月 Birthday 団体撮影会 公演3/券種3
  [463/2024] 519657 "BADKNee FREE"~live.13~ 公演1/券種1
  [464/2024] 519656 "BADKNee FREE"~live.12~ 公演1/券種1
  [465/2024] 519072 ユニットライブ「リバーシ vol.4 角をとるな」 公演2/券種2
  [466/2024] 519070 「出来立てプリン～カラメル多め～」伝説のプリン 新ネタライブ 公演1/券種2
  [467/2024] 519164 foh pieceトークライブ Vol.4〜バカボン鬼塚と酒井直斗〜 公演1/券種1
  [468/2024] 520281 十月、濃密につき。フェチミート撮影会 Vol.59 公演7/券種19
  [469/2024] 520000 ぽけっとファントム富士急ぷちオフ会！ 公演1/券種5
  [470/2024] 519805 Zirco Tokyo Presents -Nobody's Per 公演1/券種1
  [471/2024] 519838 IDOL STAGE LUVYA KORIYAMA 初！BBQオフ会 公演1/券種1
  [472/2024] 520119 STAR-MUSIC LIVE ol.275～女神達と秋のスペシャル 公演1/券種1
  [473/2024] 518994 Vivit vol.1 公演1/券種1
  [474/2024] 519986 "BADKNee HALLOWeeN TOKYO" 公演1/券種1
  [475/2024] 519845 Act Alien 我々は、ワレvol １０ 〜あかごのバースデーお 公演1/券種3
  [476/2024] 519825 【愛知】VINYL unplugged〜距離ゼロのⅢ〜 公演1/券種1
  [477/2024] 518968 《初日》【2部】「💎ALLEN Premium fan meetin 公演1/券種1
  [478/2024] 518970 《2日目》【1部】 「🔷ALLEN Premium fan meet 公演1/券種1
  [479/2024] 518965 《初日》【1部】 「💎ALLEN Premium fan meeti 公演1/券種1
  [480/2024] 518972 《2日目》【2部】 「🔷ALLEN Premium fan meet 公演1/券種1
  [481/2024] 518974 《2日目》【3部 ディナーショー🌃🍴】 「🌹ALLEN Premiu 公演1/券種1
  [482/2024] 519299 レディオサイエンス・東京ファンミ＠ギブハーツ （夜） 公演1/券種1
  [483/2024] 519298 レディオサイエンス・東京ファンミ＠ギブハーツ （夕） 公演1/券種1
  [484/2024] 519297 レディオサイエンス・東京ファンミ＠ギブハーツ （昼） 公演1/券種1
  [485/2024] 519286 レディオサイエンス・山形ファンミ＠ミュージック昭和 公演1/券種1
  [486/2024] 519329 れいぴょんと、夏の思い出🎐 〜浴衣と花火と、線香花火〜 公演1/券種1
  [487/2024] 512448 アイカワさんといっしょ！特別企画 【こだまする記憶】両A面シングルr 公演3/券種3
  [488/2024] 518722 Force for Revival 公演1/券種2
  [489/2024] 517989 《 Cute Robin 大阪武者修行ツーマン定期ライブ 》 公演1/券種1
  [490/2024] 515592 KOTTY 1st ファンミーティング～本日も結構なお手前で～ 公演2/券種6
  [491/2024] 518806 こゆきちゃんにからまれ隊 あしがくぼ笑楽校 1日撮影会 公演1/券種1
  [492/2024] 518757 紡霞音るかプロデュース公演in横浜11/5~8 舞台『My Answ 公演3/券種15
  [493/2024] 518755 紡霞音るかプロデュース公演in横浜11/5~8 舞台『My Answ 公演3/券種15
  [494/2024] 518754 紡霞音るかプロデュース公演in横浜11/5~8 舞台『My Answ 公演2/券種10
  [495/2024] 518758 紡霞音るかプロデュース公演in横浜11/5~8 舞台『My Answ 公演2/券種10
  [496/2024] 517249 【ぶいきゃすコレクション】ミニライブ【輝常うどん様 / いねかりたん 公演1/券種3
  [497/2024] 517235 【ぶいきゃすコレクション】ファンミーティング(2026/10/18開 公演2/券種4
  [498/2024] 517219 【ぶいきゃすコレクション】ミニライブ【あいぷろ様 / はむぷら様】( 公演1/券種3
  [499/2024] 517215 【ぶいきゃすコレクション】ファンミーティング(2026/10/17開 公演2/券種4
  [500/2024] 517214 【ぶいきゃすコレクション】ミニライブ【葵井詩雫様 / 百瀬ヒバナ様  公演1/券種3
  [501/2024] 517212 【ぶいきゃすコレクション】ファンミーティング(2026/10/12開 公演2/券種4
  [502/2024] 517198 【ぶいきゃすコレクション】ミニライブ【胡桃澤もも様 / NoirLo 公演1/券種3
  [503/2024] 517188 【ぶいきゃすコレクション】ファンミーティング(2026/10/11開 公演2/券種4
  [504/2024] 517183 【ぶいきゃすコレクション】ミニライブ【狼谷はるか様 / BΣrett 公演1/券種3
  [505/2024] 517163 【ぶいきゃすコレクション】ファンミーティング(2026/10/10開 公演2/券種4
  [506/2024] 517869 Rip van cats セカンドワンマンライブ｢渋谷で7時半｣ 公演1/券種2
  [507/2024] 518436 アイドル対抗小運動会 公演1/券種1
  [508/2024] 518071 Buzzer01&. Acoustic Live&Game even 公演1/券種1
  [509/2024] 514210 『Forsaken by Gods!!!』 公演1/券種2
  [510/2024] 514211 『Forsaken by Gods!!!』 公演1/券種2
  [511/2024] 514213 『Forsaken by Gods!!!』 公演1/券種2
  [512/2024] 514215 『Forsaken by Gods!!!』 公演2/券種4
  [513/2024] 514218 『Forsaken by Gods!!!』 公演2/券種4
  [514/2024] 514214 『Forsaken by Gods!!!』 公演1/券種2
  [515/2024] 518064 SHOHEI 主催-夜会- 公演1/券種1
  [516/2024] 517275 北村悠デビュー25周年イベント「ボクノコドウ」 公演1/券種1
  [517/2024] 517075 LUNARIUM to（ルナリウムと）10 公演1/券種3
  [518/2024] 517375 Sclaim presents SPECIAL 3MAN 🎃HALL 公演1/券種1
  [519/2024] 517773 納屋橋“笑”劇場ネタライブ納屋橋”JUMP”！！！ゲスト:ぎょねこ 公演1/券種3
  [520/2024] 517444 Milieu 現体制ラストライブ 公演1/券種2
  [521/2024] 517448 10/12(月)トークライブ「ヤマトウゲ」 公演1/券種1
  [522/2024] 517391 tubadisk presents showcase live vo 公演1/券種2
  [523/2024] 517390 ハロパ！～みんなでハロウィン～ 公演1/券種2
  [524/2024] 517259 Sowa's Secret Hideout 公演1/券種3
  [525/2024] 517208 ONE STAR 公演1/券種2
  [526/2024] 516859 怨念力を高めて厄払いをするライブ 公演3/券種3
  [527/2024] 491013 高野いつか弾き語りライブ【Someday】 公演1/券種1
  [528/2024] 514280 春陽美海プレゼンツ『なんでもない日のお茶会』第三話 公演1/券種3
  [529/2024] 516522 Ellememe主催 「Frill & GIG｣vol.2 公演1/券種1
  [530/2024] 516253 HERO 19th Anniversary Special FanM 公演1/券種3
  [531/2024] 511821 RAN ONEｰMAN LIVE ROCK THE STREET 公演1/券種3
  [532/2024] 516611 YouTubeチャンネル「リーガル探偵」オフ会 公演1/券種3
  [533/2024] 516690 渡辺えり インクルーシブトークショー 公演1/券種1
  [534/2024] 516511 【2部】『IDOL MOMENT VOL.11 ～EarthAce- 公演1/券種2
  [535/2024] 516491 【1部】『IDOL MOMENT VOL.11 ～EarthAce- 公演1/券種3
  [536/2024] 516070 ドリルソングとつみれステップと黒岩スマイルと石渡食いwith Tak 公演1/券種1
  [537/2024] 515798 ザ・フィクションVol.11 公演3/券種3
  [538/2024] 516504 ​👶🏻 Oh, Baby! 〜不滅のアスカ 産休前ラストライブ〜 公演1/券種1
  [539/2024] 514757 Unlucky Morpheusワンマンツアー"Hell or He 公演1/券種1
  [540/2024] 516298 TOO LATE FOR CRY -宍戸翼単独 大阪編- 公演1/券種1
  [541/2024] 516294 TOO LATE FOR CRY -宍戸翼単独 名古屋編- ※昼公演 公演1/券種1
  [542/2024] 516292 TOO LATE FOR CRY -宍戸翼単独 京都編- 公演1/券種1
  [543/2024] 516295 TOO LATE FOR CRY -宍戸翼単独 宮城編- 公演1/券種1
  [544/2024] 515634 3s.Fit's 1st Anniversary Party 『MO 公演1/券種1
  [545/2024] 516299 見るほどに、抜け出せない。フェチミート撮影会 Vol.58 公演8/券種18
  [546/2024] 515958 第134回DTKC45 公演1/券種1
  [547/2024] 515745 霧愛が逢いたい人 vol.18 〜 ライブ＆トークショー 〜 公演1/券種1
  [548/2024] 515694 友田ジュンリクエストライブvol.9 公演1/券種2
  [549/2024] 515595 FULL OUT!! 公演1/券種3
  [550/2024] 515575 FULL OUT!! 公演1/券種3
  [551/2024] 513735 ローワンベリーまう生誕ライブ 公演1/券種1
  [552/2024] 515249 九州の《海外進出を目指す企業》が一堂に会する交流会『海外ビジネス・イ 公演1/券種6
  [553/2024] 515172 MiMi 3周年LIVE～MiM!nt Party～ 公演1/券種7
  [554/2024] 515141 ちさバースデーイベント 公演1/券種3
  [555/2024] 514995 斎藤恭代 9月 ファンミーティング 公演7/券種7
  [556/2024] 514948 道又愛 八度目の撮影会 私服ver. 公演6/券種6
  [557/2024] 515081 【10/31(土)】トークライブ!!! ポジティブWORLD 公演1/券種4
  [558/2024] 515078 【10/24(土)】トークライブ!!! ポジティブWORLD 公演1/券種4
  [559/2024] 515077 【10/16(金)】トークライブ!!! ポジティブWORLD 公演1/券種4
  [560/2024] 515076 【10/10(土)】トークライブ!!! ポジティブWORLD 公演1/券種4
  [561/2024] 515073 【10/3(土)】トークライブ!!! ポジティブWORLD 公演1/券種4
  [562/2024] 515071 【9/26(土)】トークライブ!!! ポジティブWORLD 公演1/券種4
  [563/2024] 515069 【9/20(日)】トークライブ!!! ポジティブWORLD 公演1/券種4
  [564/2024] 514665 BREAKTHROUGH Vol.2 公演1/券種1
  [565/2024] 514414 アコースティックワンマン たけち生誕祭『Tの蜜約』 公演1/券種1
  [566/2024] 514681 谷村凪咲デビュー1周年記念トークイベント 公演1/券種2
  [567/2024] 514320 2nd Anniversary ONEMAN 「Re:Sclaim」 公演1/券種1
  [568/2024] 513917 ゆいのこ！ぱちぱちセレブレーション 公演1/券種2
  [569/2024] 513945 ZERO OPERATORS 2026 公演1/券種2
  [570/2024] 513403 さんとら10万人記念イベント ～さんとらと〇〇〇〇初対面！？～ 公演1/券種5
  [571/2024] 512049 たくなるLIVE vol.１ 公演1/券種2
  [572/2024] 512867 黒咲くるみ生誕祭～今日から三十路の仲間入り！～ 公演1/券種7
  [573/2024] 511107 コンパス単独LIVE『さんざめけ』 公演1/券種1
  [574/2024] 512884 9/22(火)トークライブ「ヤマトウゲ」 公演1/券種1
  [575/2024] 512301 霧愛が逢いたい人 vol.17 〜 ライブ＆トークショー 〜 公演1/券種1
  [576/2024] 508796 生声STAYG 名古屋出張編 公演1/券種1
  [577/2024] 511527 お女郎 お鰻 お怪談 公演1/券種1
  [578/2024] 510796 ひでじビール「秋のむかばきビアフェスタ2026」 公演13/券種13
  [579/2024] 510794 ひでじビール「秋のむかばきビアフェスタ2026」 公演17/券種17
  [580/2024] 507465 夜明けの唄 ライブドローイングイベント 〜Two Million S 公演1/券種1
  [581/2024] 498290 パクユソンの独演会 DA.GA.NE！vol.2 公演1/券種1
  [582/2024] 509988 茅野聖良生誕祭2026~ODILE~ 公演1/券種2
  [583/2024] 498097 Move the Future Japan vol.2 in Toc 公演1/券種4
  [584/2024] 509347 きまぐれフルコース ～À la mode～ 公演1/券種8
  [585/2024] 509045 禁断之箱-パンドラのはこ- 公演1/券種1
  [586/2024] 509163 LoveROCK Fes Vol.4 公演1/券種2
  [587/2024] 508764 鈴木太郎ワンマンライブ打ち上げパーティー 公演1/券種1
  [588/2024] 499050 静寂（しじま）エレジー eleanor 20周年記念 公演1/券種2
  [589/2024] 508325 第14回RAKU・GO・三道楽(らくごさんどら） 「彦いちプラスワン 公演1/券種1
  [590/2024] 507685 B.O.G 1st anniversary of The Relea 公演1/券種1
  [591/2024] 506205 AOI Fan Meeting -Cutie Halloween- 公演1/券種1
  [592/2024] 506940 あおのちはれ 公演1/券種1
  [593/2024] 501986 "OVERDRIVE" Vol.3 公演1/券種2
  [594/2024] 506541 fleuЯR LIVE 2026『Blooming Greeting 公演1/券種2
  [595/2024] 506542 fleuЯR LIVE 2026『Blooming Greeting 公演1/券種2
  [596/2024] 506548 fleuЯR LIVE 2026『Blooming Greeting 公演1/券種2
  [597/2024] 506534 史郎と蘭子とエミの部屋〜赤坂の夜は更けて 公演1/券種1
  [598/2024] 505933 SMELL cap SMILE x CYCLONE pre.【CIR 公演1/券種1
  [599/2024] 503695 うーたん生誕祭2026 ～きらめき魔法少女 うーたん降臨っ💗～ 公演1/券種4
  [600/2024] 504748 MOHANAK限定 COPYPANDA ハロウィン 編’26 公演1/券種1
  [601/2024] 505160 C.A.T. FESTIVAL Vol.2 公演1/券種1
  [602/2024] 503941 満開パフェのお楽しみ会 〜ドカ盛り！⭐︎ウエハース多めでお願いします 公演1/券種1
  [603/2024] 502733 Lida presents "100050歳"記念TOUR 「-KA 公演1/券種2
  [604/2024] 502735 Lida presents "100050歳"記念TOUR 「-KA 公演1/券種2
  [605/2024] 502743 Lida presents "100050歳"記念TOUR 「-KA 公演2/券種4
  [606/2024] 502722 Lida presents "100050歳"記念TOUR 「-KA 公演1/券種2
  [607/2024] 502737 Lida presents "100050歳"記念TOUR 「-KA 公演1/券種2
  [608/2024] 502732 Lida presents "100050歳"記念TOUR 「-KA 公演1/券種2
  [609/2024] 502436 NoBさんファンの集い〜いつも心にNoBさん Vol.4〜 公演1/券種1
  [610/2024] 464407 シダックスのこれできる？選手権&ビンゴ大会2026 公演1/券種4
  [611/2024] 495326 anna calla Birthday Oneman Live 公演2/券種6
  [612/2024] 499311 BlueEnsemble 3rd Anniversary 公演1/券種1
  [613/2024] 502515 一夜城単独ライブ 『第一回 参勤交代 金沢編』 公演1/券種4
  [614/2024] 501210 DOLL PARTS Acoustic Live ''It"s li 公演1/券種1
  [615/2024] 501804 『LeNa 2026 Premium Fun Meeting』 公演1/券種1
  [616/2024] 500504 レトランジェ - l’étranger -【10/18 Cafe & 公演2/券種2
  [617/2024] 500372 レトランジェ - l’étranger -【9/20 入間市文化創造 公演2/券種2
  [618/2024] 499737 GIRLS MEETING FUKUI powered by ZER 公演1/券種1
  [619/2024] 499580 [5/16振替公演]【東京】VINYL unplugged Meet 公演1/券種1
  [620/2024] 495890 けも・けも・けも 公演1/券種2
  [621/2024] 497245 2026レディオサイエンス・ワンマンライブツアー『感謝』in 神戸  公演1/券種1
  [622/2024] 497254 2026レディオサイエンス・ワンマンライブツアー『感謝』in 神戸  公演1/券種1
  [623/2024] 495329 今度は本当に旅しない??SiziUと小樽でMake you happ 公演1/券種1
  [624/2024] 496077 ［姫路］WAZAWAZONEMAN TOUR 公演1/券種2
  [625/2024] 496075 ［東京］WAZAWAZONEMAN TOUR 公演1/券種2
  [626/2024] 496074 ［大阪］WAZAWAZONEMAN TOUR 公演1/券種2
  [627/2024] 495086 おと.のワンマンライブ「花束」 公演1/券種1
  [628/2024] 492579 アベノブユキ 40th Anniversary Event & Li 公演2/券種4
  [629/2024] 490526 ICHIJU 1st ONE MAN LIVE "掟" 公演1/券種1
  [630/2024] 489243 [ワルキューレコピーバンドワンマンLIVE]本気！ハレイション TH 公演1/券種1
  [631/2024] 490176 夢幻泡影～ようこそおばけの世界へ～かききまなみワンマンライブ 公演1/券種2
  [632/2024] 490101 東京サイコパスpresents 5th Anniversary Pa 公演1/券種1
  [633/2024] 489871 夏、未完。 -LAST LIVE OF SEPTEMBER- 公演2/券種5
  [634/2024] 485263 BananaLemon -Last Showcase Live No 公演1/券種1
  [635/2024] 479417 余白の言葉 後編 公演1/券種2
  [636/2024] 469617 大山まき TOUR 2026 "THE REMAINS" 【 凱旋  公演1/券種1
  [637/2024] 456752 12/15 赤坂咲かす 東京仏恥義理ショー T.B.S 公演1/券種1
  [638/2024] 456749 11/24 赤坂咲かす 東京仏恥義理ショー T.B.S 公演1/券種1
  [639/2024] 456747 10/20 赤坂咲かす 東京仏恥義理ショー T.B.S 公演1/券種1
  [640/2024] 456746 9/29 赤坂咲かす 東京仏恥義理ショー T.B.S 公演1/券種1
  [641/2024] 523835 もうひとつのOpenSesame －文化による第３の開国ー 公演1/券種0
  [642/2024] 523564 Channel恐怖presents 異界の怪談６ 公演1/券種2
  [643/2024] 523755 あかあおえんぴつ vol.3…者面談！ 公演1/券種1
  [644/2024] 523754 ガチ 公演1/券種1
  [645/2024] 523683 黒子タクシー愉愉快快禮舞『幻想黒子宙間』#5 公演1/券種1
  [646/2024] 523494 ひとりウッズ 公演1/券種1
  [647/2024] 523498 『黒鬼夜行』 公演3/券種3
  [648/2024] 523560 「渋谷原宿女子会議」season4 トークイベント 公演1/券種1
  [649/2024] 523529 優月心菜生誕スペシャルwith宵色喫茶 公演1/券種1
  [650/2024] 523403 ふくろうFM～ゆてぃりせのドッペルゲンガー放送局～ 公演1/券種1
  [651/2024] 520956 ららぺち〜の☆vol.2 公演2/券種3
  [652/2024] 523334 【大阪】東西大保護者懇談会 公演1/券種1
  [653/2024] 523307 飲み処こまど 公演1/券種1
  [654/2024] 523095 月曜の夜はキイロイレディオ公開収録 公演1/券種1
  [655/2024] 523103 ジゴロと大喜利トレーニング会・神無月 公演1/券種1
  [656/2024] 521966 奥田こころ7thシングルリリースイベント 公演1/券種3
  [657/2024] 523042 ルルエクレール定期公演vol.6〜リメイク・ストーリーライブ〜 公演1/券種2
  [658/2024] 523039 ルルエクレール定期公演vol.6〜るるえくレトロ❤︎昭和歌謡ライブ〜 公演1/券種2
  [659/2024] 522300 村田らむのBANBANBAN ～ゲスト：柴山斐子 公演1/券種2
  [660/2024] 522933 新人声優の気になるエンタメニュース 公開ラジオイベント 公演1/券種0
  [661/2024] 522672 別に今日から始めれるんじゃ？ 公演1/券種1
  [662/2024] 512153 てらコワ6 公演1/券種1
  [663/2024] 522451 ホラーババア 公演1/券種1
  [664/2024] 522342 服部拓也独り語り18『ボタスピ』 公演1/券種2
  [665/2024] 522479 『楽屋怪談3』 公演1/券種1
  [666/2024] 522473 〔福岡開催〕第5回 能楽いろは in 福岡 公演1/券種1
  [667/2024] 522449 バトルホビー女子部 公演1/券種1
  [668/2024] 521511 市川うららFM83.0 『Music Gift』第21回公開収録 公演1/券種1
  [669/2024] 520020 『岩原大輔ジャンベワークショップ』 公演1/券種1
  [670/2024] 522209 ラジオ番組『秋月みくの週末のラストページ』 公演1/券種1
  [671/2024] 522046 湯本亜美 誕生日イベント チェキ&私物サイン会 公演1/券種1
  [672/2024] 521036 『ありがとう そして明日へ向かって！』 ―志穂美悦子～鬼無里（きなさ 公演1/券種2
  [673/2024] 488951 カフェあめだま party!!㊽ ハロウィンLIVE -Trick  公演1/券種2
  [674/2024] 521826 第49回！ 放課後✡️ひみつ✡️倶楽部 公演1/券種1
  [675/2024] 521724 神保町怪議 公演1/券種1
  [676/2024] 521452 出版社をひらく読書会 vol.3 早川書房の巻 公演1/券種2
  [677/2024] 521221 『怪談対局 -人怖（ヒトコワ）ギャンビット-』 公演1/券種1
  [678/2024] 521182 ちはる餃子2026 公演2/券種2
  [679/2024] 521163 見っかんナイト Vol.19 公演1/券種1
  [680/2024] 520833 話ありがとう 公演1/券種1
  [681/2024] 520645 鉄道トークライブ「ゆめもぐら～21両目～」 公演1/券種1
  [682/2024] 520697 聖★めろんぱんぬ学園vol.081 ～ハロウィン大運動会～ 公演1/券種2
  [683/2024] 498822 ヒョンなおしまい。【2部】 公演1/券種1
  [684/2024] 498819 ヒョンなおしまい。【1部】 公演1/券種1
  [685/2024] 520553 笑福亭喬明ファースト写真集〜めい〜発売記念トークライブ 公演1/券種2
  [686/2024] 519994 channel恐怖 怪談祭り 特別編 ～月下の怪奇譚～ 公演1/券種2
  [687/2024] 520087 IBA SPECIAL DAY「REAL＆IMAGINARY CAS 公演1/券種1
  [688/2024] 520278 石ひっくり返されたダンゴ虫たち〜定例会〜 公演1/券種1
  [689/2024] 519822 渦目のらりく怪談会vol.3 「渦 時々 はおまりこ」 公演1/券種1
  [690/2024] 519821 渦目のらりく怪談会vol.4 「渦 時々 サクリファイス岡本」 公演1/券種1
  [691/2024] 518123 ちみspace vol.7 公演3/券種6
  [692/2024] 517883 ちみspace vol.6 公演3/券種6
  [693/2024] 517880 ちみspace vol.5 公演3/券種6
  [694/2024] 519529 怪談解剖夜 公演1/券種2
  [695/2024] 519295 はなとあきの眠れない夜 公演1/券種1
  [696/2024] 518962 Channel恐怖presents 学校怪談会18 公演1/券種2
  [697/2024] 519180 怪談語り 中村一門会 第三回語り較べ 公演1/券種1
  [698/2024] 519149 ドラマ&映画『災』大好き芸人トークライブ 〜あいつは一体何者なんだ？ 公演1/券種1
  [699/2024] 519132 ファンキー中村 独演 人形の潜む家 ザ・完結 公演1/券種1
  [700/2024] 519123 竹内義和・ファンキー中村 二人会 公演1/券種1
  [701/2024] 519102 噺家演劇サークル NO SENSE 【新プロジェクト始動！企画会議ラ 公演1/券種1
  [702/2024] 518756 恐ノ者。 公演1/券種1
  [703/2024] 519077 花木みなと10thFFS DAY2あにめろCafe 公演1/券種1
  [704/2024] 519074 花木みなと10thFFS DAY1あにめろBar 公演1/券種3
  [705/2024] 518878 トークライブ 公演1/券種1
  [706/2024] 518980 喫茶トークライブ➇ 公演1/券種1
  [707/2024] 518703 かたりだしたらキリがない！vol.5 公演1/券種1
  [708/2024] 518570 ヒグチアイ氏提供楽曲「轟音」リリース記念ライブ 公演1/券種2
  [709/2024] 518507 KAEDE LIVE 公演1/券種1
  [710/2024] 518015 VIKANT TALK LIVE 2026.9.24 公演1/券種1
  [711/2024] 506477 村田らむと歌舞伎町で飲む会22 公演1/券種1
  [712/2024] 514299 「ブクロ 三人怪」 響洋平✕伊山亮吉✕西浦和也 公演1/券種1
  [713/2024] 518301 Masuke Nozaki 笛旅2026 "涙の跡" ~ 宇都宮 公演1/券種1
  [714/2024] 518292 Masuke Nozaki 笛旅2026 "涙の跡" ~ 藤井寺 公演1/券種1
  [715/2024] 518264 熱した水で生命活動を停止させる 公演1/券種1
  [716/2024] 518084 2MAN LIVE 公演1/券種1
  [717/2024] 518159 デューズお笑いライブ2026 公演1/券種1
  [718/2024] 518001 【10/2金19:30～】竹田信弥✕和氣正幸「人を巻き込むとはどうい 公演1/券種1
  [719/2024] 517605 左肩パンケーキ、はちみつは頭から 公演1/券種1
  [720/2024] 517953 うらうれくんファンミーティング2026 公演1/券種1
  [721/2024] 517921 Masuke Nozaki 笛旅2026 "涙の跡" ~ 御坊 公演1/券種1
  [722/2024] 517851 Masuke Nozaki 笛旅2026 "涙の跡" ~ 彦根 公演1/券種1
  [723/2024] 517849 Masuke Nozaki 笛旅2026 "涙の跡" ~ 白河 公演1/券種1
  [724/2024] 515063 呪物メイト Special Talk Event 田中俊行とマユリカ 公演1/券種1
  [725/2024] 517701 ちゃんすうイベント仮 公演2/券種4
  [726/2024] 517668 【配信版】もやのみ企画第3弾 点を線にするために〜支援のあり方を考え 公演1/券種1
  [727/2024] 517602 街裏ぴんく漫談独演会『べすとおぶぴんく in キイロイエイ』 公演1/券種1
  [728/2024] 517604 街裏ぴんく×関本ぶりき二人会『ふれんどおぶぴんく in キイロイエイ 公演1/券種1
  [729/2024] 517631 ダイノジ独演会 漫才とトークとあれこれ 公演1/券種1
  [730/2024] 517504 配信NG炸裂 vol.10 公演1/券種1
  [731/2024] 517107 Channel恐怖presents 夜馬裕と宮代 Friendly  公演1/券種2
  [732/2024] 510247 川口英之第2回単独ライブ『欠け脳』 公演2/券種3
  [733/2024] 517210 第11回 〇と談合 「あなたって逆に何が出来ないんですか」 公演2/券種2
  [734/2024] 517002 怪談巡礼 第一夜 〜宵闇の社〜 公演3/券種3
  [735/2024] 516632 コレクティンカイダン 公演1/券種1
  [736/2024] 514746 Masuke Nozaki 笛旅2026 "涙の跡" ~ 仙台 公演1/券種1
  [737/2024] 516869 ARK BOX怪談ライブ「下北不可思議蒐集箱」vol.12 公演1/券種1
  [738/2024] 516864 うたう怪談 公演1/券種1
  [739/2024] 516701 Masuke Nozaki 笛旅2026 "涙の跡" ~ 金沢 公演1/券種1
  [740/2024] 516816 トークライブBASE CAMP-秘密基地- 公演1/券種3
  [741/2024] 516623 Masuke Nozaki 笛旅2026 "涙の跡" ~ 美馬 公演1/券種1
  [742/2024] 516685 Masuke Nozaki 笛旅2026 "涙の跡" ~ 浜松 公演1/券種1
  [743/2024] 516630 Masuke Nozaki 笛旅2026 "涙の跡" ~ 名古屋 公演1/券種1
  [744/2024] 516618 Masuke Nozaki 笛旅2026 "涙の跡" ~ 宇都宮 公演1/券種1
  [745/2024] 516479 『大将たけもんのお悩み解決！？トークライブ7』 公演1/券種1
  [746/2024] 516628 Masuke Nozaki 笛旅2026 "涙の跡" ~ 京都 公演1/券種1
  [747/2024] 516607 ワンタイトルトークライブ 『に』 公演1/券種1
  [748/2024] 516288 ワイドデショー怪談15 公演1/券種2
  [749/2024] 516403 シルバナスつばさって何者？ 完結編 公演1/券種1
  [750/2024] 516264 コント男優 〜10回記念！プレミアム公演〜 ③おしゃべり男優 公演1/券種1
  [751/2024] 516235 大谷 大名古屋 大祭り 大一部 "ダイノジ・大谷 独演会2026" 公演1/券種1
  [752/2024] 515963 能楽いろは in京都〈14時の部〉 公演1/券種1
  [753/2024] 515239 Channel恐怖presents サイコロジカル怪談会 -心理分析 公演1/券種2
  [754/2024] 514844 ゆめりすひみちゅのライブ～まかろちゃん・のあちゃんバースデー～ 公演1/券種3
  [755/2024] 515548 channel恐怖 怪談祭り 終祭 公演1/券種2
  [756/2024] 515855 はまこ・テラこ テラこのお喋り会 珈琲とまねき猫 公演1/券種1
  [757/2024] 515854 能楽いろは in京都〈15時半の部〉 公演1/券種1
  [758/2024] 512531 能楽いろは in京都〈通し券〉 公演1/券種1
  [759/2024] 515830 音楽とコーヒー愛presents「MUSIC WORKSHOP」 公演1/券種3
  [760/2024] 515532 バスタオルでいこう！女の本音、イッちゃうトーク② 公演1/券種1
  [761/2024] 512443 SWING! Musical Live 公演2/券種4
  [762/2024] 510612 TOKYO SPOKEN WORD 2026 公演1/券種2
  [763/2024] 515044 七一式怪談 -1971年生まれの怪談屋全員集合- 公演1/券種2
  [764/2024] 515046 岩手県出身芸人で岩手語ろうライブvol.1 公演1/券種1
  [765/2024] 514869 漫才オレンジレンジ 公演1/券種1
  [766/2024] 514741 Masuke Nozaki 笛旅2026 "涙の跡" ~ 金沢 公演1/券種1
  [767/2024] 510710 Snack Bar KONJYO〜根性月がママになる夜〜 公演1/券種1
  [768/2024] 514584 ダイノジ・大谷の プロ野球トークライブ ドラ夜話Vol.1 公演1/券種1
  [769/2024] 514532 中垣哲也 オーロラ上映会＆トークライブ 歓喜のオーロラ 公演3/券種6
  [770/2024] 514274 ハシグチカナデリヤ毎月ワンマンライブ大作戦 【Experience  公演1/券種1
  [771/2024] 514268 ハシグチカナデリヤ毎月ワンマンライブ大作戦 【Experience  公演1/券種1
  [772/2024] 514267 ハシグチカナデリヤ毎月ワンマンライブ大作戦 【Experience  公演1/券種1
  [773/2024] 513418 宮前真樹 CoCoの名曲を語る Vol.1 公演1/券種1
  [774/2024] 513850 channel恐怖 怪談祭り 八祭 公演1/券種2
  [775/2024] 511695 Masuke Nozaki 笛旅2026 "涙の跡" ~ 福岡 公演1/券種1
  [776/2024] 513988 9/19(土)トークライブ「細かすぎて伝わらない関西弁な男たち」 公演1/券種1
  [777/2024] 513748 ポルトガルギターコンサート 万博の記憶とポルトガル館の調べ 公演1/券種3
  [778/2024] 511236 Masuke Nozaki 笛旅2026 "涙の跡" ~ 和歌山 公演1/券種1
  [779/2024] 511989 Masuke Nozaki 笛旅2026 "涙の跡" ~ 新潟 公演1/券種1
  [780/2024] 511984 Masuke Nozaki 笛旅2026 "涙の跡" ~ 新発田 公演1/券種1
  [781/2024] 512259 行きは良い宵 Vol.30 公演2/券種2
  [782/2024] 510707 ねぶたるみ生誕祭イベント〜もう歳は数えねぇ〜 公演1/券種1
  [783/2024] 510704 ねぶたるみちゃんねるオフ会 in 青森 vol.2 公演1/券種1
  [784/2024] 488948 カフェあめだま party!!㊼月夜の縁日 公演1/券種2
  [785/2024] 512795 -阪神タイガースファントークライブ-『なんば虎党トーク』 公演1/券種1
  [786/2024] 512592 浜崎洋介先生×タントリス 公演1/券種1
  [787/2024] 512507 Level up 東京公演 公演1/券種1
  [788/2024] 512214 続！グレート直弼 OPEN SESAME 公演1/券種1
  [789/2024] 511710 Masuke Nozaki 笛旅2026 "涙の跡" ~ 広島 公演1/券種1
  [790/2024] 511715 Masuke Nozaki 笛旅2026 "涙の跡" ~ 姫路 公演1/券種1
  [791/2024] 511622 Masuke Nozaki 笛旅2026 "涙の跡" ~ 諏訪 公演1/券種1
  [792/2024] 511711 Masuke Nozaki 笛旅2026 "涙の跡" ~ 高松 公演1/券種1
  [793/2024] 511803 Masuke Nozaki 笛旅2026 "涙の跡" ~ 大阪 公演1/券種1
  [794/2024] 511662 Masuke Nozaki 笛旅2026 "涙の跡" ~ 下北沢 公演1/券種1
  [795/2024] 511704 Masuke Nozaki 笛旅2026 "涙の跡" ~ 岡山 公演1/券種1
  [796/2024] 511683 Masuke Nozaki 笛旅2026 "涙の跡" ~ 福井 公演1/券種1
  [797/2024] 511678 Masuke Nozaki 笛旅2026 "涙の跡" ~ 大津 公演1/券種1
  [798/2024] 506692 怪談恐不知 山本洋介 独演会 公演1/券種1
  [799/2024] 511431 スペシャルトリオ怪談ライブ5th 公演1/券種1
  [800/2024] 509394 山田稔明×岡野裕行 コラボトーク＆ライブ「そばにあるすべて 2002 公演1/券種1
  [801/2024] 510807 ドラいぶF〜13話目 公演1/券種1
  [802/2024] 488065 こわミゾ 2026 〜秋の怪〜 公演3/券種3
  [803/2024] 510733 【第2回】前田大自然×似東JOKER純也🇺🇸W杯アメリカ現地観戦珍道 公演1/券種4
  [804/2024] 509857 秋のヤバい弾き語リスト祭り 公演1/券種1
  [805/2024] 509860 祝！乾杯！眠れる44(獅子)生誕祭〜今村、その先へ〜 公演1/券種1
  [806/2024] 509732 コン太（ふと） 公演1/券種1
  [807/2024] 508021 風力発電の真実 ～ 電気代高騰・再エネの底知れぬ闇 ～ 公演1/券種2
  [808/2024] 507667 わかざえもんファンイベント2026 【東京豊洲万葉倶楽部】 公演1/券種1
  [809/2024] 507427 Manga家・Mogikoトークイベント 公演1/券種1
  [810/2024] 507429 シンポジウム「Mangaを形づくるもの」 公演1/券種1
  [811/2024] 503325 本と文鳥と落語会 公演2/券種2
  [812/2024] 506930 ダイノジ・大谷 × TRIPLANE 公演1/券種1
  [813/2024] 506917 Ryo Birthday Live 2026 THE CINEMA 公演1/券種1
  [814/2024] 504120 マジムン倶楽部 第１回 『ユタの話』 公演1/券種1
  [815/2024] 505726 ファンキー中村 独演 妖怪譚 公演1/券種1
  [816/2024] 500600 宗像モノノ怪祭り【妖怪ライブ】 公演1/券種3
  [817/2024] 500493 宗像モノノ怪祭り【宗像怪談-1グランプリ／怪談ライブ】 公演2/券種3
  [818/2024] 497129 TKO木本武宏トークライブ in 桶川 公演1/券種1
  [819/2024] 499290 【2部】大人のスリーマン！ 公演1/券種2
  [820/2024] 499283 【1部】大人のスリーマン！ 公演1/券種2
  [821/2024] 499268 【2部】大人のスリーマン！ 公演1/券種2
  [822/2024] 499266 【1部】大人のスリーマン！ 公演1/券種2
  [823/2024] 458119 カミジマジュン「やるかやらないか49」 公演1/券種1
  [824/2024] 470572 【東京ファイナル公演】沢城千春 「あの月へ」Release Tour 公演2/券種2
  [825/2024] 470571 【北海道公演】沢城千春 「あの月へ」Release Tour 公演1/券種1
  [826/2024] 491000 びびの怖語2026 公演1/券種1
  [827/2024] 484525 【10月28日】NDプラットフォーム プロデュース公演『煙が目にしみ 公演2/券種8
  [828/2024] 480671 Music & Comedy Fes vol.3 公演1/券種2
  [829/2024] 479929 植田ハシグチの1曲ずつツーマンvol.9～新曲書き下ろし付き～ 公演1/券種1
  [830/2024] 472495 あき☆らぼvol.45【Adult Acoustic Live!!! 公演1/券種2
  [831/2024] 472492 あき☆らぼvol.44【もう...年末...?!!!】 公演2/券種2
  [832/2024] 472491 あき☆らぼvol.43【秋祭り!!!】 公演2/券種2
  [833/2024] 457276 ねぶたるみ青森公演〜ただいま青森〜 公演1/券種1
  [834/2024] 523989 Milane Project 定期主催ライブ「Milane Conn 公演1/券種2
  [835/2024] 523911 2026年10月9日(金)深夜 松山あおいの朝まで帰さない 公演1/券種2
  [836/2024] 523293 【配信チケット】霜月はるか 20th Anniversary GRA 公演1/券種4
  [837/2024] 523283 【配信チケット】霜月はるか 20th Anniversary GRA 公演1/券種4
  [838/2024] 523252 「ジョージ秋山初コミックイメージソングス&初オフィシャルグッズ限定販 公演1/券種1
  [839/2024] 522954 【LIVE with YOU!!】#143 ～ 銀色週間SP ～ 公演1/券種2
  [840/2024] 520190 Music Colorful Special Edition｢星餞送 公演1/券種3
  [841/2024] 522820 【水戸】9/22(祝火)🌈Cosmic Party!#こすぱ！【秋の 公演1/券種1
  [842/2024] 520104 #シーナデイvol.3 公演1/券種1
  [843/2024] 522755 小池雅也生誕祭2027「Say 全 魂-soul-」【②部：18時0 公演1/券種2
  [844/2024] 518729 小池雅也生誕祭2027「Say 全 魂-soul-」【①部：13時0 公演1/券種2
  [845/2024] 519860 花木みなと10thFFS DAY4「初めましてGSP」 公演2/券種2
  [846/2024] 514861 TOUMA GALA 2026 公演1/券種2
  [847/2024] 522294 藍原ことみが歌うだけ 公演1/券種1
  [848/2024] 503042 TЯicKY 活動再開ワンマンやります！ 『チェキは1枚500円』 公演1/券種2
  [849/2024] 521928 第2回ビリケン座 船場deロードショー！ 公演1/券種0
  [850/2024] 516478 ＴЯｉｃＫＹ＆吉祥寺NEPO共同主催 『前へススメ！』vol.67〜 公演1/券種1
  [851/2024] 521574 愛野爆誕2026 公演2/券種2
  [852/2024] 521441 暇人研究所〜暇なのでアニソンと特撮を歌います〜 公演1/券種1
  [853/2024] 520810 大藤史 オンラインライブ〜第2回ほっこりファミリーの会〜 公演1/券種1
  [854/2024] 519910 TAKUMI LIVE HOUSE SUPERSTAR 公演2/券種2
  [855/2024] 519908 TAKUMI'S LIVEPARTY 2026 Autumn～Aut 公演1/券種1
  [856/2024] 519853 花木みなと10thFFS DAY3「懐かしGSP」 公演4/券種4
  [857/2024] 507621 ゲーム音楽ナイト level 2 公演1/券種1
  [858/2024] 519527 有佐美ひより♡12th Anniversary LIVE♪ 〜Eve 公演1/券種1
  [859/2024] 518827 【ぽんふぇす⑤】秋月みく生誕祭2026 ～ 昼祭 ～ 公演1/券種2
  [860/2024] 519243 ルンルン爆誕！大感謝フェス〜愛と平和と筋肉をありがとう〜 公演1/券種4
  [861/2024] 518842 【ぽんふぇす⑤】秋月みく生誕祭2026 ～ 夜祭 ～ 公演1/券種2
  [862/2024] 518285 R@INBOW STAGE!!10th Anniversary『Pe 公演1/券種1
  [863/2024] 516086 YURiコス＠百合が原公園 公演1/券種8
  [864/2024] 517591 チャワリ・チャコ生誕祭〜お姫様にしてよ！〜 公演1/券種3
  [865/2024] 517438 シトリンなりのハロウィン Vol.2 ～ENERGY QUEST～ 公演1/券種1
  [866/2024] 517071 東京War:DS外伝『京都神狼組異聞-血塗れの夜明け-』アフタートー 公演2/券種2
  [867/2024] 514674 ウタのチカラ 第21回 公演1/券種1
  [868/2024] 515942 朱のオペレッタ-ROCKしようぜ🤘🏻- 公演2/券種3
  [869/2024] 516472 エスターク先輩の福岡オフ会！ 公演1/券種1
  [870/2024] 516471 エスターク先輩のチーズケーキオフ会！ 公演1/券種1
  [871/2024] 516219 朱衣るり&藤嶋ちづる生誕祭2026 公演2/券種3
  [872/2024] 516243 大谷 大名古屋 大祭り 大三部 DJ PARTY 昭和と平成を浴びる 公演1/券種1
  [873/2024] 516052 べーるちゃんとあそぼう# 【おとめざのはね】 公演1/券種9
  [874/2024] 515308 Gt.Sena & Dr.佐藤有紗 presents RE:SONA 公演1/券種1
  [875/2024] 515142 涼城えみ 朗読イベント｢声遊宴会 ～ 言燈 ～｣ vol.1 公演1/券種9
  [876/2024] 514002 タマゴソニック 公演1/券種1
  [877/2024] 513997 LOVE PARADE 4 公演1/券種1
  [878/2024] 512761 SUNBURST TOUR in KANAZAWA with KGC 公演1/券種1
  [879/2024] 512312 Rocket Fes vol.121 毬谷梨紗生誕祭 公演1/券種1
  [880/2024] 509439 ワンダー・ニーニャ おはなしの会 vol.4(ﾌｫｯ) 〜ふぉーえば 公演1/券種1
  [881/2024] 511050 CeroZ体育祭【第一部】 公演1/券種2
  [882/2024] 511029 CeroZ文化祭【第二部】 公演1/券種4
  [883/2024] 511054 CeroZ体育祭【第二部】 公演1/券種2
  [884/2024] 510458 CeroZ文化祭【第一部】 公演1/券種4
  [885/2024] 511301 【2次募集】夕霧×エスターク先輩 大阪初オフ会 公演1/券種1
  [886/2024] 511082 HARU✖️坂本和弥 2-MAN LIVE IN OSAKA 公演1/券種1
  [887/2024] 510610 OrJourney Session LIVE "革命前夜” vol. 公演1/券種1
  [888/2024] 508934 ATELIER SIESTA CONCERT in 高井戸 公演1/券種1
  [889/2024] 510016 あらよっとフェス 2026 公演2/券種4
  [890/2024] 509016 金月真美 live2026 ～My Songs～ 公演1/券種1
  [891/2024] 508940 芝熊関東同窓会 公演1/券種2
  [892/2024] 505225 #Nジェネ -FINAL- 公演1/券種1
  [893/2024] 499604 By Steps Vol.1 [ 篠原望 Irisリリース記念 Ac 公演1/券種2
  [894/2024] 500536 ゴワスBAND presents『ゴワちゃんまつり2026〜サブカル 公演1/券種1
  [895/2024] 505695 Starlight Rendezvous〜vol.1〜 公演1/券種2
  [896/2024] 508198 ～ これぱ！in 津まつり 2026 ～ 公演1/券種16
  [897/2024] 507729 何時何分何秒地球が何回回ったとき？ 公演1/券種2
  [898/2024] 506426 Welcome to Happy Decibell Land!! 公演1/券種2
  [899/2024] 507687 グランド・クロスクルセイド・アリーナ 公演1/券種1
  [900/2024] 506967 ～ これぱ！in 第9回 全国エンタメまつり ～ 最終日 公演1/券種19
  [901/2024] 506943 ～ これぱ！in 第9回 全国エンタメまつり ～ 初日 公演1/券種19
  [902/2024] 505864 みみっchu1周年記念 1st ONEMANLIVE 公演1/券種3
  [903/2024] 506758 いにしえのひびき ― 古楽器でめぐる、冒険と幻想のゲーム音楽 ― 公演2/券種2
  [904/2024] 502972 ayu×mike大感謝LIVE 公演1/券種5
  [905/2024] 505470 TOHO WALL OF FES presented by 五壁坂 公演1/券種2
  [906/2024] 504403 浪漫座ワンマン！螺鈿幻想から40年 公演1/券種1
  [907/2024] 504329 大藤史 「眠れるピアノ弾き語り」 公演1/券種1
  [908/2024] 504318 大藤 史「眠れるピアノ弾き語り」 公演1/券種1
  [909/2024] 503311 FUsioN BOX vol.2 公演1/券種1
  [910/2024] 503145 夕霧×エスターク先輩 大阪初オフ会 公演1/券種1
  [911/2024] 503039 よかみゅLIVE 公演1/券種1
  [912/2024] 478736 てっぱんハウス結成10周年記念ライブ「Select」 公演1/券種1
  [913/2024] 502507 Happy Holiday -Arte- act.6 公演1/券種1
  [914/2024] 483700 『Anime Music El Dorado vol.20』 公演1/券種1
  [915/2024] 499519 SO.ON project LaV LIVE TOUR 2026「L 公演1/券種1
  [916/2024] 498626 ～ これぱ！in 恵那峡ワンダーランド 8 初日 ～ 公演1/券種45
  [917/2024] 495350 magic red kids pre.「far east shoeg 公演1/券種1
  [918/2024] 497041 Sol-fa×NeoN 公演1/券種1
  [919/2024] 496073 esola 2nd ONE MAN LIVE Wake me up 公演1/券種1
  [920/2024] 495592 QUEST OF LABYRINTH 公演1/券種4
  [921/2024] 495507 ShiNova-Kalafina Tribute Live- 公演1/券種6
  [922/2024] 491144 kiyuka フルバンド編成 ワンマンライブ 「海底都市（アビスシテ 公演2/券種2
  [923/2024] 492429 エスターク先輩×夕霧 スペシャルアフターパーティー 公演1/券種1
  [924/2024] 490460 有馬ゆみこ Music Party 2026 秋 ex.Yumiko 公演1/券種3
  [925/2024] 485937 大月ゲームサミット2026 公演1/券種2
  [926/2024] 485611 ～ これぱ！in まちなかスクエアガーデン 31 ～ 公演1/券種34
  [927/2024] 485575 ～ これぱ！in オオガキストリートフェスティバル 2026 ～ 公演1/券種34
  [928/2024] 485538 ～ これぱ！in まちなかスクエアガーデン 30 ～ 公演1/券種34
  [929/2024] 485490 ～ これぱ！in 恵那峡ワンダーランド 8 最終日 ～ 公演1/券種41
  [930/2024] 455744 BM照合型 公演1/券種1
  [931/2024] 435990 おめあて照合型 公演1/券種1
  [932/2024] 523992 AviEARTH &白清蓮presents 公演1/券種0
  [933/2024] 523973 キミニハネ Presents 愛乃音生誕祭2026『17歳になる日』 公演1/券種4
  [934/2024] 522009 朝日あゆ生誕祭2026 - あまあま最強 ♡ ぴんく拡大計画 ♡ - 公演1/券種2
  [935/2024] 523962 9月20日『遊撃少女』 公演1/券種1
  [936/2024] 523078 兵頭百華「ヤンマガWeb NEXT推しガール！03」 発売記念イベン 公演1/券種1
  [937/2024] 523943 ♡DEMICK定期公演 公演1/券種2
  [938/2024] 523845 推し事.LivePollux～超★NOVA24’山科まな生誕～ 公演1/券種2
  [939/2024] 523137 四つ巴 DE カルチャー 公演1/券種2
  [940/2024] 523913 広島アイドルライブ「POPAPIPUPEPOPA NEO」 公演1/券種1
  [941/2024] 523857 プエラの絶対値🐮仙台おつかれさまオフ会🐮 -山邊歩夢presents 公演1/券種1
  [942/2024] 523872 プエラの絶対値 🫛仙台満喫♡2ショットおさんぽ会🫛 公演4/券種24
  [943/2024] 523819 TRiSPHERE新体制主催 「ALTER//WORLD」suppo 公演1/券種2
  [944/2024] 523463 【1部】石沢瑠架 1st ソロイベント 「犬も避ければ棒に当たらない 公演1/券種1
  [945/2024] 521740 ネクストカルチャーズ 9/27公演 公演1/券種1
  [946/2024] 523905 POEM・poemちゃん健康促進無料配信ライブ！ 会場でも観覧できま 公演1/券種1
  [947/2024] 523899 希顔 初撮影会＠渋谷 公演6/券種6
  [948/2024] 523898 秋月まゆ生誕祭 特製限定Tシャツ 公演1/券種5
  [949/2024] 523852 特盛音楽祭vol.12 公演1/券種1
  [950/2024] 523793 Birthday チェキ会 公演1/券種1
  [951/2024] 523722 FUSION MOVE FES Vol.3 公演1/券種0
  [952/2024] 523732 平日も！あいどるーむ 公演1/券種1
  [953/2024] 523834 定期公演 AM5:26 vol.31 公演1/券種1
  [954/2024] 523886 アウイ新アイドルユニット結成プレデビューイベント 公演1/券種1
  [955/2024] 519049 加藤いくみ生誕ワンマン前主催ライブ〜おちゃらけいえろーふぇすてぃばる 公演1/券種1
  [956/2024] 523277 BOYz LIVE STATION mini 公演1/券種2
  [957/2024] 523878 ShortSleeper 公演1/券種1
  [958/2024] 523866 点染テンセイ少女。単独公演 公演1/券種2
  [959/2024] 523430 楠木こはな × BRODY コラボイベント 公演1/券種1
  [960/2024] 520463 IDOL HUNT SPECIAL LIVE vol.49 公演1/券種1
  [961/2024] 523698 ORIGIN TO HERE 公演1/券種1
  [962/2024] 523843 【2部】9/24(木) 『LEVEL4 -man- vol.214』 公演1/券種4
  [963/2024] 523841 🦌🔥🌸 クロフェス直前、全員集合‼️ 🌸🔥🦌 Le Siana・イロ 公演1/券種1
  [964/2024] 523840 【1部】9/24(木) #超無銭 @初台DOORS 公演1/券種3
  [965/2024] 523833 10/4小原涼専用ページ 公演1/券種1
  [966/2024] 523826 シルバーウィークFINAL~セトリクイズ公演~ 公演1/券種2
  [967/2024] 523823 ファンミーティング 公演1/券種1
  [968/2024] 523825 さちふぇす 私服物販縛り 公演1/券種1
  [969/2024] 523807 9月20日『無銭大好きマン』 公演1/券種1
  [970/2024] 523785 ドールズ火曜無料定期＆Dolls大運動会 公演2/券種4
  [971/2024] 523743 すずはらかのんプレミアム撮影会 in 関東 『Daisy Days』 公演6/券種6
  [972/2024] 523726 『AWAKE』 公演1/券種1
  [973/2024] 523730 -イケイケイケメンスーツライブ-（一般先行チケット） 公演1/券種1
  [974/2024] 523723 Sweet Lip研修生お披露目イベント 公演1/券種2
  [975/2024] 523717 【第4回】フロレフットサル部 公演1/券種1
  [976/2024] 523626 秘密基地#01 公演1/券種2
  [977/2024] 523708 TD MUSIC PARTY vol18、北堀江Goldee 公演1/券種2
  [978/2024] 523703 センシティブ集会7 2nd Anniversary 公演1/券種1
  [979/2024] 523694 小原とボーリング大会 公演1/券種1
  [980/2024] 483600 cosmic★YDK 10周年記念ライブ 公演1/券種1
  [981/2024] 523685 理想の少女 1stワンマンLIVE 『ONE DREAM』 公演1/券種0
  [982/2024] 521266 LuvHz 定期公演前 個別撮影会 公演4/券種26
  [983/2024] 523677 イエスハッピー！デビュー15周年記念ワンマンライブ！〜15周年イヤー 公演1/券種2
  [984/2024] 523672 きぬvsあまね 犬猫オタク合戦 公演1/券種1
  [985/2024] 523670 朝練ガールズ５周年記念ワンマン！ 〜こんなもんやないで 羽ばたくで〜 公演1/券種2
  [986/2024] 522590 10月6日(火)『燦楽景 単独無料公演』 公演1/券種1
  [987/2024] 523362 水槽とクレマチス全国ツアー「誰かの庭で」広島公演 第１部 公演1/券種1
  [988/2024] 522577 9月30日(水)『燦楽景 単独無料公演』 公演1/券種1
  [989/2024] 523661 【09/24】Party Preparation vol.2 公演1/券種2
  [990/2024] 520422 LuvHz Pre.午後5時のお茶会 Vol.50 公演1/券種3
  [991/2024] 523649 ミライズ 羽丸みれい卒業LIVE 公演1/券種2
  [992/2024] 523270 『 Anluce♡Sugar Cafe＠cafeMENU 』 公演2/券種2
  [993/2024] 522737 『VARIVARI』 公演1/券種1
  [994/2024] 521730 ネクストカルチャーズ 9/26公演 公演1/券種1
  [995/2024] 523087 コドモメンタルINC. pre. “ANOMALISM#02” 公演1/券種1
  [996/2024] 523621 Tnaka 35th birthday one-man live「平 公演1/券種1
  [997/2024] 522702 No.1004 リリカ生誕主催LIVE『緑閃光の夢想 vol.2』 公演1/券種2
  [998/2024] 523479 超新星 -新アイドルのみの新星対バン- 公演2/券種2
  [999/2024] 523607 田村侑久 BIRTHDAY LIVE 公演1/券種1
  [1000/2024] 523202 第二回 GMU ボーリング大会（28名様参加限定） 公演1/券種7
  [1001/2024] 523312 9/23(水祝)TOIROADスタジオ撮影会 公演3/券種18
  [1002/2024] 520927 ホンモノ5周年記念 終了単独公演『黎明の空』 公演1/券種1
  [1003/2024] 523373 頭の中お花畑音楽祭【10/10】 公演1/券種1
  [1004/2024] 523532 『入場無料！漆黒ノ協奏曲〜コンチェルト〜定期公演Vol.79』 公演1/券種1
  [1005/2024] 523375 頭の中お花畑音楽祭【10/11】 公演1/券種1
  [1006/2024] 523577 『 IDOL CONTENT EXPO＠日暮里ネコシアター～緊急開催 公演1/券種2
  [1007/2024] 523597 ねもとうい🌻37バースデー酒場 公演1/券種6
  [1008/2024] 523187 Happy HALLOWEEN LIVE 公演1/券種1
  [1009/2024] 523491 GIRLS LIVE-Diary 4部 (9/26) 公演1/券種2
  [1010/2024] 523487 GIRLS LIVE-Diary 2部 (9/26) 公演1/券種2
  [1011/2024] 523465 9月19日（土）神田CLUB F# 「KANDA MUSIC Vol 公演1/券種1
  [1012/2024] 523484 GIRLS LIVE-Diary 1部 (9/26) 公演1/券種2
  [1013/2024] 523172 響宴-KYOEN- vol.2 公演1/券種1
  [1014/2024] 523367 「Galaxy SUPER LIVE」AKIBA OTAKU☆COS 公演1/券種1
  [1015/2024] 523161 第56回 QunQun主催ライブ 南有紗 生誕祭LIVE 「有紗日和 公演1/券種1
  [1016/2024] 523406 星合スミレBirthday LIVE 公演1/券種2
  [1017/2024] 523489 GIRLS LIVE-Diary 3部 (9/26) 公演1/券種2
  [1018/2024] 523563 全メンバーギャルメイク&ギャル衣装ライブ「GAL'S SCHOOL」 公演1/券種1
  [1019/2024] 523153 「いつかのネバーランド」主催公演 「未完成ミライ Vol.3」 公演1/券種1
  [1020/2024] 523338 「HARAJUKU SUPER LIVE 2026」竹下通り 10色 公演1/券種2
  [1021/2024] 520473 じゃじゃ☆Night vol.8 公演1/券種1
  [1022/2024] 523552 Selling Jesus 公演1/券種1
  [1023/2024] 523541 MBL企画〜スリーマンLive〜 公演1/券種1
  [1024/2024] 523535 SOUND MUSEUM コバラヘル×DooDooDooMiuMiu 公演1/券種2
  [1025/2024] 523428 アイドルパーティー in MBL 2026 9 22 公演3/券種3
  [1026/2024] 523402 トゥエルムービー 公演1/券種3
  [1027/2024] 523401 twelve2MIX 公演1/券種3
  [1028/2024] 523400 NON-STOP LIVE 公演1/券種3
  [1029/2024] 523399 パピレチェリポ 公演1/券種3
  [1030/2024] 523398 PAPI de FASHION 〜何衣装着る？LIVE〜 公演1/券種3
  [1031/2024] 523049 『ざっと・ベストテン』 昭和ヒット歌謡ワンマンライブ 公演1/券種1
  [1032/2024] 523411 Galaxyオーナーの生誕祭をすずはらかのんが企画してみた！vol. 公演1/券種2
  [1033/2024] 523410 小原涼スタジオライブ 公演1/券種1
  [1034/2024] 523409 Galaxyオーナーの生誕祭をすずはらかのんが企画してみた！vol. 公演1/券種2
  [1035/2024] 523370 NERVEでしょ〜たいむ 公演1/券種2
  [1036/2024] 523348 X-OVER『TOMOYA生誕祭』 公演1/券種2
  [1037/2024] 523212 あるみーを全消し！！-SUNHALOTHEATERでぷよぷよバトル- 公演1/券種1
  [1038/2024] 522842 四つ巴 DE カルチャー 公演1/券種2
  [1039/2024] 522513 【急募】千葉みゆうの4回目の誕生日を祝ってくれる人【you-show 公演2/券種4
  [1040/2024] 523235 ゼロキョリハーツ日向えいる、うるなの卒業公演 うるるん対バン編 公演1/券種2
  [1041/2024] 523358 0.5th ANNIVERSARY LIVE（後方チケット） 公演1/券種1
  [1042/2024] 523353 0.5th ANNIVERSARY LIVE（Aチケット 一般） 公演1/券種1
  [1043/2024] 523352 0.5th ANNIVERSARY LIVE（Sチケット 一般） 公演1/券種1
  [1044/2024] 523024 Cave Music Museum 〜ハロウィンSP2026 2日目 公演1/券種2
  [1045/2024] 523022 Cave Music Museum 〜ハロウィンSP2026 1日目 公演1/券種2
  [1046/2024] 523282 Sapporo-Girls Link 公演1/券種1
  [1047/2024] 523033 Fortune Party vol.11 inOKINAWA 公演1/券種1
  [1048/2024] 523025 Cave Music Museum 〜ハロウィンSP2026 3日目 公演1/券種2
  [1049/2024] 523145 アイドルカレッジ 17th anniversary tour 202 公演1/券種3
  [1050/2024] 523331 WOW! アイドルサンデー 公演3/券種3
  [1051/2024] 523332 【大阪】LATERAL ROOTS 公演1/券種1
  [1052/2024] 523070 NORTH☆KINGDOMジュニア参観日 vol.2 『新曲‼️ハロ 公演1/券種1
  [1053/2024] 523330 【大阪】ネムレス1stワンマンライブ「HOME」ドキュメンタリー上映 公演1/券種1
  [1054/2024] 520916 りゅうのすけBirthday One Man Live “My Re 公演1/券種0
  [1055/2024] 523257 青春のフロンティア、ワンマン昼公演 〜 青春独奏 〜 公演1/券種2
  [1056/2024] 523267 LUMILUMI! vol.1 〜朝からみんなでカレーを食べませんか 公演1/券種2
  [1057/2024] 521586 ときめき過剰摂取！ 公演1/券種2
  [1058/2024] 522684 TYCOON LAB. presents. 【 TYCOON WAV 公演1/券種1
  [1059/2024] 523262 【 IDOL CONTENT EXPO ＠秋葉原ゼスト～緊急全組たっ 公演1/券種2
  [1060/2024] 523254 ココロモノローグ、小恋なの生誕祭 公演1/券種3
  [1061/2024] 522685 TYCOON LAB. presents. 【 TYCOON WAV 公演1/券種1
  [1062/2024] 523062 NORTH☆KINGDOMジュニア参観日 vol.1 『対決‼️ソロ 公演1/券種1
  [1063/2024] 523327 【大阪】ネムレス個展「ROOTS」オープニングパーティー 公演1/券種1
  [1064/2024] 523326 つむぎあみ生誕祭2026 公演1/券種3
  [1065/2024] 523082 CULTURE CONNECT vol.1 公演3/券種5
  [1066/2024] 523316 お萩生誕祭2026〜KAWAII IS NOT WEAK〜 公演1/券種1
  [1067/2024] 523319 THE ONE NIGHT vol.12 公演1/券種1
  [1068/2024] 509975 娯楽場 公演2/券種2
  [1069/2024] 523253 RISEOVER優勝記念「感謝の無料ライブ＆パーティー！」 公演1/券種1
  [1070/2024] 522925 SPAフェス36／ハロウィンコスプレライブ 公演1/券種1
  [1071/2024] 522924 SPAフェス36／ハロウィンコスプレライブ 公演1/券種1
  [1072/2024] 515385 ❤️北乃咲久 生誕特典会 ❤️ 公演1/券種1
  [1073/2024] 515481 北乃咲久🎂生誕ミニグッズ販売 公演1/券種2
  [1074/2024] 522997 JUMP UP!! 公演1/券種1
  [1075/2024] 523306 HALL🎃WEEN JACK（一般先行チケット） 公演1/券種1
  [1076/2024] 523298 LOVE NECTER vol.46 公演1/券種1
  [1077/2024] 523289 LOVE NECTER vol.45 あやめリアルバースデー振替公演 公演1/券種1
  [1078/2024] 523279 LOVE NECTER vol.44 公演1/券種1
  [1079/2024] 523278 望月あんず ソロ公演 公演1/券種1
  [1080/2024] 523271 POTESARA WHEEL2026 公演1/券種4
  [1081/2024] 523268 宇野ななか ソロ公演~うのななかの参観日Vol.2~ 公演1/券種1
  [1082/2024] 523265 初咲翠ソロ公演 ～すいーとたいむ Vol.4～ 公演1/券種1
  [1083/2024] 523111 合同撮影会(9/20) 公演1/券種1
  [1084/2024] 522926 idol FES@EBISU 〜地域を盛り上げる浜辺ライブ〜 公演1/券種2
  [1085/2024] 523152 【ガルボム個人撮影会】 公演1/券種36
  [1086/2024] 522976 GIRLS LIVE-Diary 1部 (9/24) 公演1/券種2
  [1087/2024] 522981 GIRLS LIVE-Diary 2部 (9/24) 公演1/券種2
  [1088/2024] 523165 HAPPY PARTY MARINAight 公演1/券種1
  [1089/2024] 523260 Teamくれれっ娘！定期公演「Teamくれれっ娘！フェスタ Vol. 公演1/券種1
  [1090/2024] 523258 I☆Cicle 定期公演「Ice☆Bullet」vol.97 公演1/券種1
  [1091/2024] 523244 ワンダーウィード 天【滋賀公演打ち上げオフ会】 公演1/券種1
  [1092/2024] 523241 愛情たっぷり♡おまじなーる♪ デビューライブ 公演1/券種1
  [1093/2024] 523159 『 IJICHI’s Living Door VOL.674 』 公演1/券種1
  [1094/2024] 523081 『𝓧 / 116』（𝓧 ＝ 78〜87） 公演1/券種2
  [1095/2024] 523143 1周年ワンマンライブ 公演1/券種2
  [1096/2024] 523133 アイドル1-9-23 公演1/券種3
  [1097/2024] 523140 ゆきみくにpresents『咲唄 vol.4』 公演1/券種1
  [1098/2024] 523123 【 NARA IDOL FESTIVAL 〜 萌崎叶乃生誕祭 〜 】 公演2/券種2
  [1099/2024] 522838 「NIPPORI SUPER LIVE 2026」にゃんドル☆NEO 公演1/券種2
  [1100/2024] 523115 Idol Legends 公演1/券種1
  [1101/2024] 517864 映画 歌って!!上映記念ライブ 公演1/券種3
  [1102/2024] 517866 映画 歌って!!上映記念ライブ 公演1/券種3
  [1103/2024] 522819 【FC会員様限定ページ】朝日あゆ生誕祭2026 - あまあま最強 ♡ 公演1/券種2
  [1104/2024] 523056 #10回目の佐々木まゆ生誕ライブ 公演2/券種3
  [1105/2024] 523055 ♡DEMICKキラキラ公演~シルバーウィークDAY3~ 公演1/券種2
  [1106/2024] 521993 この映画を見終わったら 名古屋公演 公演1/券種2
  [1107/2024] 522670 ぱんまいみえきいラストミニワンマン 公演1/券種1
  [1108/2024] 522802 BOYS BANQUET 公演2/券種2
  [1109/2024] 522801 BOYS BANQUET 公演2/券種2
  [1110/2024] 523045 なつ散歩 in 池袋 公演5/券種5
  [1111/2024] 522623 秋のフラリリ祭り-OKAYAMA- 公演2/券種2
  [1112/2024] 522673 SAPPORO HALLOWEEN FESTIVAL 2026 公演1/券種2
  [1113/2024] 522966 望月杏紗 生誕祭『あずたん2026』 公演1/券種1
  [1114/2024] 522950 GIRLS INFINITY Tuesday @AKIHABARA（ 公演1/券種1
  [1115/2024] 522959 狐撮影会 公演2/券種4
  [1116/2024] 522622 秋のフラリリ祭り-YONAGO- 公演2/券種2
  [1117/2024] 522832 sasanqua(船橋)定期ライブ〜ここ生誕祭〜 公演1/券種2
  [1118/2024] 522865 みなみ生誕＆卒業公演~みなみのわがままお姫様Day♡~ 公演1/券種2
  [1119/2024] 522861 CHA CHA ちゃーみんぐっ！in 名村造船所跡地【10/10】 公演1/券種2
  [1120/2024] 522818 初秋のSounds good！義澄牙-GIZGA-編 公演1/券種3
  [1121/2024] 522821 初秋のSounds good！ExciteOneSelf編 公演1/券種3
  [1122/2024] 522862 CHA CHA ちゃーみんぐっ！in 名村造船所跡地【10/11】 公演1/券種2
  [1123/2024] 523012 ゆあプロデュース公演 公演1/券種1
  [1124/2024] 521758 あかつきフェスmini vol.2 公演1/券種2
  [1125/2024] 522863 れんてつin金沢オフ会！ 公演1/券種1
  [1126/2024] 521583 MISA生誕祭2026 公演2/券種3
  [1127/2024] 522632 Vivid idol port -Osaka- Vol.1 公演1/券種2
  [1128/2024] 522951 FUJI&YU 福岡LIVE 公演1/券種2
  [1129/2024] 522938 ゆのん『きゅーんず！特別衣装＆秋のデート私服撮影会』 公演1/券種6
  [1130/2024] 522936 夏空ゆか『きゅーんず！特別衣装＆秋のデート私服撮影会』 公演1/券種10
  [1131/2024] 522937 茶葉つむぎ『きゅーんず！特別衣装＆秋のデート私服撮影会』 公演1/券種10
  [1132/2024] 522917 星奈みお生誕祭2026-煌めく夏のPrincess- 公演1/券種2
  [1133/2024] 522260 Melt Love Scribe 公演1/券種1
  [1134/2024] 522908 ときめき⭐︎high school vol.18 公演1/券種1
  [1135/2024] 522879 【アイドルさんへプレゼント】大阪造船所音楽祭2026 支援Tシャツ 公演1/券種1
  [1136/2024] 522872 GRFest.31 公演1/券種2
  [1137/2024] 522869 猫屋敷ひめか『きゅーんず！特別衣装＆秋のデート私服撮影会』 公演1/券種10
  [1138/2024] 522857 【2部】9/28(月) 『LEVEL4-man vol.213』 📍 公演1/券種4
  [1139/2024] 522851 堀このみ「このみと小指の約束」 公演1/券種1
  [1140/2024] 522823 【FC個人プラン限定ページ】朝日あゆ生誕祭2026 - あまあま最強 公演1/券種2
  [1141/2024] 522808 『 再生のルクトゥミーCafe＠cafeMENU 』 公演1/券種1
  [1142/2024] 522805 夢未あみな卒業ライブ【Dreaming Night】〜ひみつの動物園 公演1/券種1
  [1143/2024] 522795 LILY&YOU〜SOLO〜 公演1/券種1
  [1144/2024] 522793 LILY&YOU〜SOLO〜 公演1/券種2
  [1145/2024] 522656 Blueberry Girlsツアー直前無銭ライブ 公演1/券種2
  [1146/2024] 522723 秋月まゆ生誕祭 公演1/券種1
  [1147/2024] 517190 おとなり 公演1/券種1
  [1148/2024] 522600 ギミラブ！ワンマンライブ直前対バンLIVE 公演1/券種4
  [1149/2024] 522778 fairy fes! fairy☆elements 麦乃らるむ 生誕 公演1/券種4
  [1150/2024] 522580 #神推しがいるセカイVol.33 公演1/券種3
  [1151/2024] 522769 SASSITE Vol.4 公演1/券種2
  [1152/2024] 522764 Melo＊Traum デビュー前イベント『迷子ナイト』事前予約用 公演1/券種1
  [1153/2024] 522747 れーるー花火オフ会 公演1/券種1
  [1154/2024] 520254 零祭 vol.3 「緊急イベント夏の終わり秋の始まり」 公演1/券種1
  [1155/2024] 522495 idol FES@FJ Theatre〜小林あい生誕祭〜 公演1/券種2
  [1156/2024] 522630 2026.10.03 IDOLOOKIN OSAKA 公演1/券種2
  [1157/2024] 522619 GIGA•GIGA SONIC 公演1/券種3
  [1158/2024] 522711 『 キミイロプロジェクトCafe＠cafeMENU 』 公演2/券種2
  [1159/2024] 517802 苺愛あまね生誕祭 『キミとの世界線』 公演1/券種1
  [1160/2024] 522699 アイドルパーティー in MBL 2026 9 19 公演3/券種3
  [1161/2024] 522698 RAYZ 秋祭り 2026 公演1/券種1
  [1162/2024] 522517 Ruka Birthday Live ラスト•プリンセス♡ -THA 公演1/券種1
  [1163/2024] 522575 広島アイドルライブ「POPAPIPUPEPOPA NEO」 公演1/券種1
  [1164/2024] 522457 「ぽっぷんすたー★41」【1部】 公演1/券種1
  [1165/2024] 522458 「ぽっぷんすたー★41」【2部】 公演1/券種1
  [1166/2024] 522665 miniエコプラフェス vol.79 公演1/券種2
  [1167/2024] 522649 Tフェス Vol.3 公演1/券種2
  [1168/2024] 522618 MYKNOT pre. 『15周年も一番にさせてください。』 公演1/券種1
  [1169/2024] 522617 聖彩天萌音 生誕祭2026 ～みんなで染める白い世界～ 公演1/券種1
  [1170/2024] 522591 バトルクエスト前哨戦 公演1/券種2
  [1171/2024] 522504 音楽食べちゃいました in 名村造船所跡地【10/11】 公演1/券種1
  [1172/2024] 522390 「GIRLS INFINITY vol.117」 秋生まれさんお誕生 公演2/券種2
  [1173/2024] 522503 音楽食べちゃいました in 名村造船所跡地【10/10】 公演1/券種1
  [1174/2024] 522559 虹色スペクトル 2nd LIVE"NEXT STAGE!" 公演1/券種1
  [1175/2024] 522509 『📸麻衣愛 撮影会2026📸』 公演1/券種11
  [1176/2024] 522422 カガクハンノウvol.82 公演1/券種1
  [1177/2024] 522574 早乙女りいち生誕祭2026 ~応援企画~ 公演1/券種3
  [1178/2024] 522572 広島フリーアイドルライブ「初めてさんらっしゃっせ！！」絶望のポメラニ 公演1/券種1
  [1179/2024] 522584 100-YOKAI主催イベント「アイドル×妖怪演芸会」 公演1/券種1
  [1180/2024] 522571 広島フリーアイドルライブ「初めてさんらっしゃっせ！！」ロロキルッ！の 公演1/券種1
  [1181/2024] 522555 IDOL CAMP in AOYAMA -NIGHT- 公演1/券種1
  [1182/2024] 522552 IDOL CAMP in AOYAMA -DAY- 公演1/券種1
  [1183/2024] 520387 FEAM presents LIVE in SAPPORO 公演1/券種1
  [1184/2024] 522444 緋喰カグラ -生誕祭- 公演1/券種2
  [1185/2024] 522570 広島フリーアイドルライブ「初めてさんらっしゃっせ！！」Nosquae 公演1/券種1
  [1186/2024] 522576 Melo＊Traum 定期公演『DREAM DIARY』vol.1 公演1/券種2
  [1187/2024] 522565 あまりりすPRESENTS ラムネとソーダのノンフィクション Vol 公演1/券種1
  [1188/2024] 522563 【数量限定】 浴衣オンラインチェキ 公演1/券種9
  [1189/2024] 521791 制服＆私服チェキ会 公演1/券種1
  [1190/2024] 521584 『CureDoll-チハヤ生誕-』 公演1/券種1
  [1191/2024] 522536 Cherry Bomb #18 公演1/券種1
  [1192/2024] 522417 ARISA BIRTHDAY 2026 (予約一般) 公演1/券種1
  [1193/2024] 522415 ARISA BIRTHDAY 2026 (予約優先) 公演1/券種1
  [1194/2024] 522544 『池袋グラフィティ』 公演1/券種1
  [1195/2024] 522543 『遊撃少女』 公演1/券種1
  [1196/2024] 522440 AKIARIM LAST TOUR「証」@ TOKYO SHIN-K 公演1/券種2
  [1197/2024] 522498 アイドルパーティー in MBL 2026 9 20 〜配信live 公演1/券種1
  [1198/2024] 522511 おはようLIVE~パジャマ公演~ 公演1/券種2
  [1199/2024] 522265 UP-T FESTIVAL mini名古屋 vol.2 公演1/券種2
  [1200/2024] 522259 「ZEST SUPER LIVE」AKIBA FREE☆ELECTR 公演1/券種2
  [1201/2024] 522450 広島アイドルライブ「POPAPIPUPEPOPA NEO」 公演1/券種1
  [1202/2024] 522263 「ZEST SUPER LIVE」AKIBA SELECT☆NEON 公演1/券種1
  [1203/2024] 522191 「NIPPORI SUPER LIVE 2026」にゃんドル☆MEG 公演1/券種2
  [1204/2024] 522474 POTION 齋藤しるく 生誕祭 2026 公演1/券種2
  [1205/2024] 521366 gaizao主催公演 ミッドナイト サイクリング リサイタルvol. 公演1/券種1
  [1206/2024] 522436 LuvHz Pre.午後5時のお茶会 Vol.52 LuvHz Ha 公演1/券種3
  [1207/2024] 522418 ON THE STAGE! ~KAIJU ON THE STAGE単 公演1/券種3
  [1208/2024] 522410 いとちゃん、さゆりんごきげん酒場 公演1/券種6
  [1209/2024] 516776 「最」ライブツアー2026 in 福岡 公演1/券種2
  [1210/2024] 517288 「最」ライブツアー2026 in 仙台 公演1/券種2
  [1211/2024] 516777 「最」ライブツアー2026 in 宮古島 公演1/券種2
  [1212/2024] 520454 【2部】9月27日(日)『燦楽景 単独無料公演』 公演1/券種1
  [1213/2024] 520543 BIRTHDAY BASH 2026 TWIN YOSHIYOSHI 公演1/券種2
  [1214/2024] 516046 「最」ライブツアー2026 in 大阪 公演1/券種2
  [1215/2024] 522060 水槽とクレマチス全国ツアー「誰かの庭で」岡山公演 第２部 公演1/券種1
  [1216/2024] 522075 水槽とクレマチス全国ツアー「誰かの庭で」岡山公演 第１部 公演1/券種1
  [1217/2024] 520287 【1部】9月27日(日)『燦楽景 単独無料公演』 公演1/券種1
  [1218/2024] 522400 朝練ガールズのシークレットベース！vol.2 〜秘密のコメディ教室〜 公演1/券種2
  [1219/2024] 522397 【09/19】#あたぱちと朝活 vol.7 公演1/券種1
  [1220/2024] 522391 天使突抜ニ読ミ 夏の終わり花火オフ会2026 公演1/券種1
  [1221/2024] 522386 2026桜木まりあ生誕祭~きんじゅり学園のお姫様~ 公演1/券種1
  [1222/2024] 522131 柳緑花紅 ～金沢の物語～ 一部 公演1/券種2
  [1223/2024] 522134 柳緑花紅 ～金沢の物語～ 二部 公演1/券種2
  [1224/2024] 522336 爆音少女症候群Ø Kanon 生誕祭 Kanon Birthday  公演1/券種1
  [1225/2024] 521880 TEATRO DE LIVE 公演1/券種2
  [1226/2024] 519661 「滋賀県大津市クラフトビアランド」×「始まるぞ!SMIF!」 公演1/券種1
  [1227/2024] 522044 青木詩織 生誕の儀 -Age35 今走れ走れ！- 公演1/券種2
  [1228/2024] 522052 2MAN LIVE 公演1/券種1
  [1229/2024] 522054 KAWAII LAB. SOUTH 定期公演 vol.6 in KU 公演1/券種2
  [1230/2024] 522171 ELCOM TOKYO Vol.64 公演1/券種2
  [1231/2024] 522356 有栖れな生誕祭応援企画お渡し会 公演1/券種5
  [1232/2024] 522350 9/30 AZの理由 ひじん生誕祭2026 公演1/券種3
  [1233/2024] 522345 ぷち☆ぽっぴんぐ定期公演「はっぴ~ふれ~ば~」vol.89 公演1/券種1
  [1234/2024] 521963 LOUD ON 公演1/券種1
  [1235/2024] 513485 Bask in IDOL vol.12 公演1/券種1
  [1236/2024] 522314 11/7小原涼専用予約ページ 公演1/券種2
  [1237/2024] 521979 【1部】9/28(月) #超無銭 📍名古屋ReNY limited 公演1/券種3
  [1238/2024] 522285 ぷちっと HALL🎃WEEN！（後方チケット） 公演1/券種1
  [1239/2024] 522283 ぷちっと HALL🎃WEEN！（一般先行チケット） 公演1/券種1
  [1240/2024] 522288 ≪SQRRL無料ライブ≫ Freeze vol.01 公演1/券種1
  [1241/2024] 520545 北村悠with会in 仙台 公演1/券種1
  [1242/2024] 521207 【DAY3 (9/27)】エンタパークフェス2026 公演1/券種5
  [1243/2024] 521201 【DAY2 (9/26)】エンタパークフェス2026 公演1/券種5
  [1244/2024] 522231 旅立ちクエスト～腕試し LV40～ 公演1/券種2
  [1245/2024] 518429 「My Carnival2026(まいか祭り)」～ソロ4周年記念＆生 公演1/券種4
  [1246/2024] 522168 【昼部】Galaxy Festival vol.1 Trick or 公演1/券種1
  [1247/2024] 522091 【夜部】Galaxy Festival vol.1 Trick or 公演1/券種1
  [1248/2024] 522109 miniエコプラフェス vol.78 公演1/券種2
  [1249/2024] 522086 Teamくれれっ娘！定期公演「Teamくれれっ娘！フェスタ Vol. 公演1/券種1
  [1250/2024] 522114 君色＋シンクロニシティ 3rd Anniversary Live 公演1/券種3
  [1251/2024] 522104 ONE MAN LIVE-BAND SET- 公演1/券種2
  [1252/2024] 522106 miniエコプラフェス vol.77 公演1/券種2
  [1253/2024] 522094 ぷち☆ぽっぴんぐ定期公演「はっぴ~ふれ~ば~」vol.88 公演1/券種1
  [1254/2024] 522093 Teamくれれっ娘！定期公演「Teamくれれっ娘！フェスタ Vol. 公演1/券種1
  [1255/2024] 522092 Teamくれれっ娘！定期公演「Teamくれれっ娘！フェスタ Vol. 公演1/券種1
  [1256/2024] 522090 Teamくれれっ娘！定期公演「Teamくれれっ娘！フェスタ Vol. 公演1/券種1
  [1257/2024] 521890 早坂瑠花 presents 凪のひととき - Acoustic Ro 公演1/券種2
  [1258/2024] 522087 Teamくれれっ娘！定期公演「Teamくれれっ娘！フェスタ Vol. 公演1/券種1
  [1259/2024] 522081 miniエコプラフェス vol.76 公演1/券種2
  [1260/2024] 521972 「Critical Attack 45」 公演1/券種3
  [1261/2024] 521875 CutiV新曲『Starlight』お披露目フリーライブ 公演2/券種2
  [1262/2024] 521819 天満凛 生誕祭 ~ 生誕ぽんぽこ祭 ~ 公演1/券種2
  [1263/2024] 521837 覇気 -LOFT X 7th Anniversary- 公演1/券種1
  [1264/2024] 521864 浮世茶会 - 旋風浮世ぱーりない!! - 公演1/券種3
  [1265/2024] 519601 10月10日(土)『燦楽景定期公演 親愛なる燦愛へ -蓮太生誕SP- 公演1/券種2
  [1266/2024] 518637 胸♡キュン無銭FES vol.91 公演1/券種2
  [1267/2024] 522050 unMARIE's presents 「MARIE BIRTHDAY 公演1/券種1
  [1268/2024] 521793 Flood Lyrics presents 1部「Sunとみんなで異 公演2/券種2
  [1269/2024] 519971 ネクストカルチャーズ -秋のデート編- 9/19公演 公演1/券種1
  [1270/2024] 522026 イロハサクラ定期ライブ 公演1/券種1
  [1271/2024] 521942 ソレイユの影法師、クオンヒナコ生誕祭 公演1/券種3
  [1272/2024] 520636 NEW DAY RISING vol.9 公演1/券種1
  [1273/2024] 521827 LOVE♡LOGIN PRE-DEBUT LIVE 「FIRST L 公演2/券種4
  [1274/2024] 522013 美穂ちんFINAlL ORGANIZER LIVE 公演2/券種3
  [1275/2024] 522014 美穂ちんFINAlL ORGANIZER LIVE 公演2/券種2
  [1276/2024] 521715 W I T H (Wonderful Idol THrive) vo 公演2/券種3
  [1277/2024] 521941 Attimo Presents はじめまして、アッティモです。DAY 公演2/券種2
  [1278/2024] 521944 Attimo Presents はじめまして、アッティモです。DAY 公演1/券種1
  [1279/2024] 521943 Attimo Presents はじめまして、アッティモです。DAY 公演2/券種2
  [1280/2024] 521821 手羽先センセーション×BRODY コラボイベント（ミニライブ＆特 公演1/券種1
  [1281/2024] 522039 合同定期ライブ 公演1/券種1
  [1282/2024] 521905 カンロヂ主催53Sense聖菜うさこ生誕祭 公演1/券種1
  [1283/2024] 521897 かぐやらむBirthdayLIVE2026 公演1/券種1
  [1284/2024] 521894 天使の羽衣2周年記念ワンマンライブ 公演1/券種2
  [1285/2024] 521863 「ゆうら生誕祭前の大遊び」 公演1/券種1
  [1286/2024] 521860 姫事絶対値ゆうら生誕祭 「世界に反抗期」 公演1/券種1
  [1287/2024] 521947 I’s Merry Go Round 定期公演 Twinkle Pr 公演1/券種2
  [1288/2024] 521542 【WaChaフェス！ ～ Starlight Garden 葵希みな 公演1/券種6
  [1289/2024] 521995 ニュースタ観覧無料！動画撮影可能！！握手会付き！ EBeanSフリー 公演1/券種1
  [1290/2024] 521992 ニュースタ観覧無料！動画撮影可能！！握手会付き！ EBeanSフリー 公演1/券種1
  [1291/2024] 521985 『笑舞(えむ)』#11 公演1/券種2
  [1292/2024] 521028 4MAN LIVE 『二代目X-Order with Mirror』 公演1/券種2
  [1293/2024] 521651 ガールズ×ガールズ×ガールズvol.602 公演1/券種4
  [1294/2024] 521923 Candye♡Syrup 1st anniversary onema 公演1/券種3
  [1295/2024] 521870 McDog Works presents「伊勢いこに。」 公演1/券種1
  [1296/2024] 521834 Orange Sniper presents 第1回卯月ひなみ対策本 公演1/券種1
  [1297/2024] 521829 Orange Sniper presents 百音百中 vol.2 公演1/券種2
  [1298/2024] 521547 「𝑷𝑶𝑻𝑬𝑺𝑨𝑹𝑨𝑾𝑯𝑬𝑬𝑳 2026」 公演1/券種1
  [1299/2024] 521623 山作戰&ROXY pre. 熊本災害チャリティーイベント『でくるしこ 公演1/券種1
  [1300/2024] 520650 『 We WISH - Episode.17 栞 〜星の図書館〜 - 公演1/券種6
  [1301/2024] 521824 桃乃あまみ生誕単独公演『 吠えろ！狂犬！MIX祭 』 公演1/券種3
  [1302/2024] 521117 みんなで作る音楽体験！ ～のんちゃん定期またまた借りましたSP～ 公演1/券種1
  [1303/2024] 521600 空色Glitterハロウィンオフ会 公演1/券種1
  [1304/2024] 521438 「PGN撮影会(0919)」 公演7/券種21
  [1305/2024] 519978 ネクストカルチャーズVAMPKIN 公演1/券種1
  [1306/2024] 520249 おむすびコロコロ 感謝ライブ〜ありがとうをぎゅっと結んで♡〜 公演1/券種1
  [1307/2024] 521737 ツーマン企画Fortuness✖️Lunouir Tiara 『るの 公演1/券種1
  [1308/2024] 521797 RED-i presents「KALOA BIRTHDAY LIVE 公演1/券種2
  [1309/2024] 521412 Historic X-over 公演1/券種1
  [1310/2024] 521460 ラストブルー佳美メイ20th記念ライブ「youth,again.」 公演1/券種3
  [1311/2024] 521779 purette debut live ~かわいいはまっすぐだ~ 公演1/券種2
  [1312/2024] 521627 魁の部屋vol.35 公演1/券種1
  [1313/2024] 521313 novel junction主催フリーライブ「Here's to j 公演1/券種1
  [1314/2024] 521585 11/3中野夢で逢えたら主催「This is 福岡」 公演1/券種2
  [1315/2024] 521049 残響倫理 公演1/券種1
  [1316/2024] 521786 みんなで一緒にあいととんとんまつり 公演1/券種1
  [1317/2024] 521783 柳家スーパーフェス DAY2 公演1/券種1
  [1318/2024] 521738 僕の仙台ヒストリア 公演1/券種1
  [1319/2024] 520505 「Star’s light at Stage Vol.104」 1部 公演1/券種2
  [1320/2024] 521770 【東京】Teamくれれっ娘！東京出張公演 公演1/券種1
  [1321/2024] 521768 【東京】I☆Cicle×ぷち☆ぽっぴんぐ ツーマンライブ 公演1/券種1
  [1322/2024] 520509 「Star’s light at Stage Vol.104」 2部 公演1/券種2
  [1323/2024] 521593 IQ99定期公演「耐久99」vol.27 公演1/券種1
  [1324/2024] 521443 GIRLS LIVE-Diary 1部 (9/19) 公演1/券種2
  [1325/2024] 521726 RETRORAIN無銭単独公演 「RAIN FALL」at AOHA 公演1/券種1
  [1326/2024] 521454 GIRLS LIVE-Diary 4部 (9/19) 公演1/券種2
  [1327/2024] 521450 GIRLS LIVE-Diary 3部 (9/19) 公演1/券種2
  [1328/2024] 521448 GIRLS LIVE-Diary 2部 (9/19) 公演1/券種2
  [1329/2024] 521764 Idol Monthly Live ver.15 公演1/券種2
  [1330/2024] 521709 ドラァグクイーンのライラがお届けする【👑QUEEN OF HEART 公演1/券種1
  [1331/2024] 521652 すわべまゆ撮影会 公演6/券種6
  [1332/2024] 521595 ふわわソロライブ〜360°ビュー！ドラムの日スペシャル〜 公演1/券種2
  [1333/2024] 521601 CHICKEN BLOW THE IDOL「蕾る子送別会」&「周年会 公演2/券種2
  [1334/2024] 521551 9/20【ミルクセーキは食べ物です vol.137】 公演1/券種1
  [1335/2024] 521413 白黒アリス主催-狂乱旋律曲-第交流楽章- 公演1/券種2
  [1336/2024] 521539 GLIM9 HALLOWEEN NIGHT 2026 公演1/券種1
  [1337/2024] 521361 ハロウィンの推しがかわいい 公演1/券種1
  [1338/2024] 521388 「絶対少女物語vol.2」【2部】 公演1/券種4
  [1339/2024] 521290 「絶対少女物語vol.2」【1部】 公演1/券種4
  [1340/2024] 521258 OOTEMACHI MIX LIVE vol.4 公演1/券種1
  [1341/2024] 521502 大西波音平日ソロライブ〜真夜中深夜 パジャマでおじゃま〜 公演1/券種1
  [1342/2024] 521442 ｢🌟きらめきパワーライブ🌟vol.16｣ 公演1/券種1
  [1343/2024] 521477 「ヌマちか生誕祭 in秋田とComming Soon!!」 公演1/券種1
  [1344/2024] 521299 恋白みる料理イベント ～2026ハロウィン🎃👻～ 公演1/券種2
  [1345/2024] 521465 至極リア生誕祭 オフ会 公演1/券種1
  [1346/2024] 521352 The First Link ～to the future～ 公演1/券種1
  [1347/2024] 517298 改めまして、私たち「アイドルのいる生活」です！in大阪 公演1/券種2
  [1348/2024] 521420 10/1【SYABON NIGHT〜Scope 9th Annive 公演1/券種1
  [1349/2024] 521418 おかえり！ぱんまつり ~秋~【もっち生誕＆活動11周年記念ライブwi 公演1/券種1
  [1350/2024] 521374 INFINITY vol.155 公演1/券種4
  [1351/2024] 521345 単独公演"FIND MY COLOUR" 神戸公演 公演1/券種2
  [1352/2024] 517499 第3回 ALL JAPAN IDOL FES 公演1/券種1
  [1353/2024] 521426 あきふぁむ家族会議Vol.3 公演1/券種1
  [1354/2024] 521422 あきらむ自主企画ハロウィン撮影会 公演6/券種6
  [1355/2024] 521377 Alll de made presents 星乃しほ生誕祭-しほのお 公演1/券種1
  [1356/2024] 521402 まいかぴ先生特別受診ライブ じゅうしょ〜への総力戦 公演1/券種3
  [1357/2024] 521336 「Critical Attack 44」 公演1/券種3
  [1358/2024] 520588 【第1回】ハロ！ジャン 公演1/券種1
  [1359/2024] 521010 IDOL Treasure bottle LIVE 公演1/券種1
  [1360/2024] 521364 The resurrection of Satan〜堕天使降臨祭Vo 公演1/券種2
  [1361/2024] 519236 第一回ナリファームフェス 公演3/券種4
  [1362/2024] 521334 のんポリス取調室 公演1/券種10
  [1363/2024] 521331 りこポリス取調室 公演1/券種10
  [1364/2024] 521329 あやのポリス取調室 公演1/券種10
  [1365/2024] 521306 ちんちくりんず定期公演だゼ 「ちっちゃくても、夢だけは宇宙級」 公演1/券種2
  [1366/2024] 521285 『可愛愛兎のレベルが29になりました。良い感じに祝ってください！！！ 公演1/券種1
  [1367/2024] 521269 TOKYO青春映画祭2026・DAY2 公演3/券種6
  [1368/2024] 521268 TOKYO青春映画祭2026・DAY1 公演3/券種7
  [1369/2024] 520702 アイコピフェス!! 公演1/券種3
  [1370/2024] 520914 「情熱LIVE!!オールジャンルイベント編」 公演1/券種2
  [1371/2024] 521218 木之宮有香主催LIVE ♡D.M.P. PARTY♡vol.7~スー 公演1/券種1
  [1372/2024] 520423 Re:INCARNATION 牡丹るき生誕公演 公演1/券種1
  [1373/2024] 521051 てるBirthday Live 1部（一般チケット） 公演1/券種1
  [1374/2024] 521052 てるBirthday Live 1部（後方チケット） 公演1/券種1
  [1375/2024] 520910 「ENライブvol.14」 公演1/券種1
  [1376/2024] 520957 "Goodbye Bright Memories " 公演1/券種1
  [1377/2024] 515911 アイドルカレッジ 17th anniversary tour 202 公演1/券種2
  [1378/2024] 521145 10/3(日) ルルネージュ新体制お披露目公演『Re:BLUE』 公演1/券種3
  [1379/2024] 519022 ソロ丸っと定期 1(イチ） 公演1/券種2
  [1380/2024] 520608 パラパラ★パラダイス～ソロ～ 公演1/券種1
  [1381/2024] 521120 ~Nostalgia CD500枚達成~ 奏音コレクト主催無料ライブ 公演1/券種1
  [1382/2024] 521214 アニノマス“兄の日”公演 「ノンストップライブ！」 公演1/券種3
  [1383/2024] 520789 Melty Nest フリーライブ vol.1 公演2/券種2
  [1384/2024] 521044 ゼロキョリハーツ日向えいる、うるなの卒業公演 公演1/券種2
  [1385/2024] 520855 10月17日(土)『月刊メンズアイドル祭Vol.2 』【燦楽景新規チ 公演1/券種1
  [1386/2024] 521073 小原涼NEWアルバムレコ発ツアー特別編・会津若松凱旋ワンマンLIVE 公演1/券種1
  [1387/2024] 519274 MiNO10周年アコースティック単独LIVE 公演1/券種2
  [1388/2024] 519257 Disconnect Cendrillon主催『Ba.かつお生誕祭』 公演1/券種2
  [1389/2024] 521007 Grateful LIVE 公演1/券種1
  [1390/2024] 521147 10月もよろしくね 公演1/券種2
  [1391/2024] 521162 神楽ひらん新曲発表主催ライブ 公演1/券種1
  [1392/2024] 521156 推し事.LivePollux 公演1/券種2
  [1393/2024] 520120 【WaChaフェス！ ～ 100-YOKAI 蜘蛛乃珠羽 卒業＆生誕 公演1/券種6
  [1394/2024] 520806 #BEMYLOVE "FIND MY COLOUR" 神戸公演 【対 公演1/券種2
  [1395/2024] 521081 Holy Night Funeral ~星野めあ生誕・卒業~ 公演1/券種3
  [1396/2024] 521058 ON THE STAGE! vol.3 公演1/券種3
  [1397/2024] 520904 KOBE BLUEPORT & Go→STRAIGHT Pre「TH 公演1/券種1
  [1398/2024] 520903 俺達いつでも真っ直ぐバカ 公演1/券種1
  [1399/2024] 520644 『 ONE-WISH TikTok撮影会 』 公演1/券種2
  [1400/2024] 520457 キスエク バーベキューオフ会2026 公演1/券種1
  [1401/2024] 520786 佐世保サウンドパーク初上陸LIVE 公演1/券種1
  [1402/2024] 520720 『THE PRIMARY〜世界震撼の予兆〜』 公演1/券種2
  [1403/2024] 520570 夜明あおい活動休止前ラスト主催「青は遠い色」 公演1/券種1
  [1404/2024] 520734 Village in Maier pre. “NO GIMMICK  公演1/券種1
  [1405/2024] 520856 DANCE INSPIRE （入場整理番号） 公演1/券種1
  [1406/2024] 520796 のんちゃんと秋のおさんぽ撮影会🍠🍁 公演1/券種2
  [1407/2024] 520831 Alice Syndrome 実験記録 Vol.4 公演1/券種4
  [1408/2024] 520816 ロックギャラクティカ-infinity- 公演1/券種2
  [1409/2024] 520647 城之内とわ生誕祭~とわちゃんとHappy Time~ 公演1/券種2
  [1410/2024] 519922 ガールズ×ガールズ×ガールズ vol.599 公演1/券種5
  [1411/2024] 520780 アイリスアウトpresents The DIVA vol.3 「みみ 公演1/券種1
  [1412/2024] 517516 MOFU★Comet pre. 「覚星しぐなる Bit_01-もふこ 公演2/券種4
  [1413/2024] 520725 【Mikoto取置き専用】一ノ瀬晏奈・加納更紗生誕ライブ 公演1/券種1
  [1414/2024] 520555 MONDAY NIGHT MORE DRAMA 公演1/券種2
  [1415/2024] 520713 【大阪】MASSASTUGIG&SUMMER SLASH prese 公演1/券種1
  [1416/2024] 519048 「私たちを知ってますか？いつか行こうを、この日に」 Cherry B 公演1/券種1
  [1417/2024] 520413 水槽とクレマチス全国ツアー「誰かの庭で」広島公演 第２部 公演1/券種1
  [1418/2024] 519530 CODE改革同盟coa生誕祭 公演1/券種2
  [1419/2024] 520586 IViA Event Vol.3 ~浴衣撮影会~ 公演7/券種7
  [1420/2024] 520550 Cave Music Museum ~マエノミドリ RYO Birt 公演1/券種2
  [1421/2024] 520450 AVACLUB presents「噂夜会 Vol.3」 公演1/券種1
  [1422/2024] 520284 sus-tainの水曜無銭拡大版 公演1/券種1
  [1423/2024] 520620 もえがみ真冬の夏祭り 公演1/券種2
  [1424/2024] 520638 【魁専用予約】岐阜moon 公演1/券種1
  [1425/2024] 518953 ますちゃん生誕祭2026 公演1/券種2
  [1426/2024] 520426 PUREMORPH Presents 「もーふぃんぐ!!!!!」 新 公演1/券種2
  [1427/2024] 520004 《 Cute Robin定期ライブVol.81~月イチなら時間~ 》 公演1/券種1
  [1428/2024] 520549 心羽もも生誕祭〜君と迎える、はじめての誕生日〜 公演1/券種2
  [1429/2024] 520226 「Galaxy SUPER LIVE」AKIBA GALAXY 11 公演1/券種1
  [1430/2024] 512196 SMY Halloween Fes 公演1/券種1
  [1431/2024] 519680 星野みちる 20th「michiru time」Special !! 公演1/券種1
  [1432/2024] 520220 「Galaxy SUPER LIVE」AKIBA GALAXY FR 公演1/券種2
  [1433/2024] 520492 石井るい＆市ヶ谷凪紗IDREAM卒業ライブ 公演1/券種1
  [1434/2024] 520462 BLEND-UP vol.1 君色＋シンクロニシティご予約専用フォー 公演1/券種1
  [1435/2024] 520168 KATSUSHIKA IDOL BLOSSOM(葛飾アイドルブロッサ 公演1/券種1
  [1436/2024] 519987 I Scream Syndrome vol.10 公演1/券種1
  [1437/2024] 520138 新横浜においでませ！SP！-1部- 公演1/券種2
  [1438/2024] 520142 新横浜においでませ！SP！-2部- 公演1/券種2
  [1439/2024] 519881 アマノガワプリンセス冠イベント 「 Stardust Parade  公演1/券種1
  [1440/2024] 517476 👑Qtwins 主催♦︎ 「QUEENDOM-炎宴-参の巻-」 公演1/券種1
  [1441/2024] 520437 IKOTEN TEIKI LIVE vol.18 公演1/券種1
  [1442/2024] 520106 なかじ&帯刀柚月presents Go all out〜縦横無尽に五 公演1/券種2
  [1443/2024] 519974 FOOD CULTURE LABO -特務食育機関- Vol_2 公演1/券種2
  [1444/2024] 520109 めろめろダメディネロ1st ONEMAN LIVE「メイド・イン・ス 公演2/券種16
  [1445/2024] 519599 てんとせんと天浜線と～2026～ 公演1/券種2
  [1446/2024] 520219 TOUR OF THE 「MUSKETEERS」 公演1/券種2
  [1447/2024] 515828 Hey! Say! ♡ Reviver 2ndワンマンライブ 『伝説 公演1/券種2
  [1448/2024] 515819 桜咲 1st ワンマンライブ『やっぱり桜咲が117♡』 公演1/券種2
  [1449/2024] 520346 はいばず定期公演 The Wild Awakening Vol.36 公演1/券種3
  [1450/2024] 520331 アンダーランドvol.3 愛媛編 公演1/券種1
  [1451/2024] 519828 Buzzer01&. presents 【 NAGOYA ROCK! 公演1/券種1
  [1452/2024] 520270 MEiSM バブロス2マンライブ 香川編 《RESPECT》 公演1/券種1
  [1453/2024] 520336 アンダーランドvol.3 東京編 公演1/券種1
  [1454/2024] 520234 水咲爽 生誕祭 - Final Birthday Event - 公演1/券種2
  [1455/2024] 520237 水咲爽 卒業ライブ 公演1/券種4
  [1456/2024] 520189 【2部ワンマン】卯月ひなみ Birthday Live 2026 〜 公演1/券種1
  [1457/2024] 520184 【1部ブッキング】卯月ひなみ Birthday Live 2026  公演1/券種1
  [1458/2024] 518156 残響カノンミニアルバム「天涯孤独のこころがふたつ」Release G 公演1/券種1
  [1459/2024] 520082 狐の嫁入り前presents. 「アンダーランド」vol.3 リリー 公演1/券種1
  [1460/2024] 520400 かほにゃん生誕2026 公演1/券種3
  [1461/2024] 520105 Piece of cake 公演1/券種1
  [1462/2024] 520315 10月12日20:00 Studio L 公演1/券種1
  [1463/2024] 520314 10月11日17:00 Studio L 公演1/券種1
  [1464/2024] 520313 10月10日20:00 Studio L 公演1/券種1
  [1465/2024] 520317 10月13日18:30 Studio L 💐無料特典会入場整理券💐 公演1/券種1
  [1466/2024] 520040 coco弍 公演1/券種1
  [1467/2024] 520038 coco壱 公演1/券種1
  [1468/2024] 519984 「NIPPORI SUPER LIVE 2026」にゃんドル☆キャッ 公演1/券種2
  [1469/2024] 520355 超(super)Rich 名古屋公演 公演1/券種1
  [1470/2024] 519894 【2部／新規チケット】石沢瑠架 1st ソロイベント 「犬も避ければ 公演1/券種1
  [1471/2024] 520293 FourSound定期 Vol.26 FourSound Fashi 公演1/券種4
  [1472/2024] 520275 SUNSET BBQ LIVE at 岡八 公演1/券種1
  [1473/2024] 519895 運動会 ～with ゆの誕生祭～ 公演1/券種1
  [1474/2024] 520110 風愛ことり 浴衣撮影会in浅草 公演5/券種5
  [1475/2024] 520158 よりどりみどり Vol.2 君色＋シンクロニシティご予約専用フォーム 公演1/券種1
  [1476/2024] 520140 Runa’s Birthday Party 公演1/券種1
  [1477/2024] 520148 てんしろっ！新衣装お披露目ワンマン 『 Sleepy Rabbit  公演1/券種3
  [1478/2024] 520064 AKIARIM LAST TOUR「証」 @ OSAKA AMERI 公演1/券種2
  [1479/2024] 519989 AdFicTioN×勉強屋オフ会 公演1/券種1
  [1480/2024] 520094 帶川蓮里BIRTHDAY SP〜アフターパーティー〜 公演1/券種1
  [1481/2024] 520088 帶川蓮里BIRTHDAY LIVE SP 公演1/券種1
  [1482/2024] 519983 いくりん合同スタジオ撮影会📸🩷️ 公演6/券種6
  [1483/2024] 519900 Cave Music Museum~OTONOVA2027編~3日目 公演1/券種1
  [1484/2024] 519898 Cave Music Museum~OTONOVA2027編~2日目 公演1/券種1
  [1485/2024] 519897 Cave Music Museum~OTONOVA2027編~1日目 公演1/券種1
  [1486/2024] 519429 「ordear-vol.8-」#オルディア 公演1/券種1
  [1487/2024] 519598 しらい再デビュー二周年記念公演「リボンの憂鬱」 公演1/券種2
  [1488/2024] 519636 幻色シアター「西野みじゅ聖誕祭26～西野みじゅってば愛の戦士ってワケ 公演1/券種2
  [1489/2024] 519712 10/17(日) 「2nd Second Coming 全曲ライブ  公演1/券種1
  [1490/2024] 520096 恋愛暴走列車vol.7 公演1/券種2
  [1491/2024] 519925 「ALLiCA ONE MAN TOUR2026〜福岡〜」 公演1/券種1
  [1492/2024] 520003 朝練ガールズのシークレットベース！vol.1 公演1/券種2
  [1493/2024] 518913 Bask in IDOL vol.13 公演1/券種1
  [1494/2024] 518918 Bask in IDOL vol.13 公演1/券種1
  [1495/2024] 519035 LUMINOUS 公演1/券種1
  [1496/2024] 519961 ASPIRE PARADE＃アスパレ 琥珀さやBirthday SP 公演1/券種1
  [1497/2024] 520070 9月主催LIVE 公演1/券種1
  [1498/2024] 520067 ワンブレンダーフリーライブ 公演1/券種1
  [1499/2024] 519840 🎃ハロウィン撮影会🎃 公演4/券種8
  [1500/2024] 519655 【撮影S/だいスキエリア の購入はこちら】―りぼんずいっぱい大作戦！ 公演1/券種2
  [1501/2024] 519616 【前方S/撮影エリア/ 一般】―りぼんずいっぱい大作戦！♡―1.5T 公演1/券種3
  [1502/2024] 519781 JINKS presents Road to DRUM LOGOS  公演1/券種1
  [1503/2024] 519770 JINKS presents Road to DRUM LOGOS  公演1/券種1
  [1504/2024] 519779 JINKS presents Road to DRUM LOGOS  公演1/券種1
  [1505/2024] 519767 JINKS presents Road to DRUM LOGOS  公演1/券種1
  [1506/2024] 519771 JINKS presents Road to DRUM LOGOS  公演1/券種1
  [1507/2024] 519775 JINKS presents Road to DRUM LOGOS  公演1/券種1
  [1508/2024] 519766 JINKS presents Road to DRUM LOGOS  公演1/券種1
  [1509/2024] 519784 JINKS presents Road to DRUM LOGOS  公演1/券種1
  [1510/2024] 519773 JINKS presents Road to DRUM LOGOS  公演1/券種1
  [1511/2024] 518137 MonsterFactory 百華生誕祭【CutiV予約専用】 公演1/券種1
  [1512/2024] 519610 『早乙女ねおん生誕祭2026』 公演1/券種1
  [1513/2024] 518900 9月22日(火祝)『燦楽景定期公演 親愛なる燦愛へ Vol.16』 公演1/券種2
  [1514/2024] 519806 妄想ヒロインの夏はまだ終わらない！-うちわお絵描きサイン会&ハイタッ 公演1/券種1
  [1515/2024] 519691 ミルフィオーレ定期公演 『bouquet vol.1』 公演1/券種2
  [1516/2024] 519516 『ようこそお姫ライブ』 公演1/券種2
  [1517/2024] 518640 9月21日(月祝)『燦楽景 単独無料公演』 公演1/券種1
  [1518/2024] 519549 KINSEI 20th BIRTHDAY PARTY KII-CHA 公演1/券種6
  [1519/2024] 519449 文翠麗×Coloration 2マンライブ ~衣装交換しちゃいます~ 公演1/券種3
  [1520/2024] 519676 LLC - LOVE LIVE CLUB - vol.41 公演1/券種1
  [1521/2024] 519431 QunQun 9.26 主催ライブ＆ SPECIAL 2MAN 公演3/券種3
  [1522/2024] 519681 💛小兎妃れいら生誕祭💛 公演1/券種1
  [1523/2024] 519128 キシティバル#9 公演1/券種1
  [1524/2024] 519605 JUST FOR YOU vol.2 公演1/券種1
  [1525/2024] 519735 GYB×MUSIC FARM Pre. FUJIGAOKA GIRL 公演1/券種1
  [1526/2024] 518217 GMUファンミーティング 公演2/券種3
  [1527/2024] 519451 わんキル3周年単独公演 ~らむねあいすもアイドル3周年！！！ 4年目 公演1/券種1
  [1528/2024] 519501 初秋のSounds good！僕等のスイッチ編 公演1/券種3
  [1529/2024] 519197 マザリ×BRODY コラボイベント（トークショー＆特典会） 公演1/券種1
  [1530/2024] 519403 小原涼とバスで行く！ 会津若松観光オフ会 公演1/券種1
  [1531/2024] 519371 JEWELRY JEWELRY JEWELRY vol.060 公演1/券種1
  [1532/2024] 519554 DIANNAプロジェクト定期公演vol.69 3rd 振り返り配信 公演1/券種1
  [1533/2024] 519553 DIANNAプロジェクト定期公演vol.69 2nd 振り返り配信 公演1/券種1
  [1534/2024] 519497 ディアブルボア ONEMAN LIVE「桜花爛漫」 公演1/券種1
  [1535/2024] 517436 東京咖喱喰部 スパイスミーティング Vol,6 公演1/券種1
  [1536/2024] 519619 『オーダーメイドポップ』 公演1/券種1
  [1537/2024] 519116 占い男子 デビューライブ「第一回開運宣言」 公演1/券種1
  [1538/2024] 519503 ゆりざべす生誕祭お祝いご協力企画 公演1/券種4
  [1539/2024] 519480 『今年もめぐぐ。来年もめぐぐ〜第1章〜』 公演1/券種2
  [1540/2024] 519441 Sparkling Eyes 主催ライブ Vol.3「ミラクル天国  公演1/券種4
  [1541/2024] 519430 Our Generation vol.25 -キャンディ山内卒業公演 公演1/券種1
  [1542/2024] 519161 曖昧な干渉 単独公演 3rd Anniversary Live 公演1/券種3
  [1543/2024] 519376 七草 天甜生誕祭2026「わんわんすいーつぱらだいちゅッ」 公演1/券種3
  [1544/2024] 519063 にゅういんぱくといんまいおおいたvol.181〜Niimo14周年記 公演2/券種5
  [1545/2024] 519133 ウソやろ！？DA･BAMBI 大阪初上陸でいきなりツーマンライブって 公演1/券種1
  [1546/2024] 519364 シャルロット主催単独公演『 しゃる無銭 』 公演1/券種2
  [1547/2024] 519372 小原涼NEWアルバムリリースツアー 「My Live Life -S 公演3/券種3
  [1548/2024] 519383 小原涼NEWアルバムレコ発ツアー 「My Live Life -SM 公演1/券種1
  [1549/2024] 519079 ZZZ LIVE -半年ぶりの新曲発表SP- 公演1/券種2
  [1550/2024] 518961 二刀流系アイドルFortuness ねお生誕祭〜WARNING！？〜 公演1/券種1
  [1551/2024] 519287 みーむちゅ勉強CHU！vol.1 公演1/券種2
  [1552/2024] 517159 Enjoy "LIVE" so much 公演1/券種1
  [1553/2024] 519160 Star☆T定期ライブ40 公演1/券種4
  [1554/2024] 518484 『もももの教えTHE・FINAL』 公演1/券種2
  [1555/2024] 518568 #神推しがいるセカイ in名古屋 Vol.2 公演1/券種3
  [1556/2024] 519076 9/26(土)「わくわくファミレス vol.23」秋のわくわく大収穫 公演1/券種1
  [1557/2024] 519145 1682 LAST LIVE ~有終完美の大団円終焉ノ宴~ 公演1/券種1
  [1558/2024] 518414 昼想夜夢 公演1/券種1
  [1559/2024] 519264 平川市市制施行 20 周年 アルプスおとめ 20th Anniver 公演1/券種2
  [1560/2024] 519020 『 零 × 零 』 公演1/券種2
  [1561/2024] 513922 素直ちゃん生誕＆卒業公演〜素直写真館 ─特別展─「フォーカすー。」〜 公演1/券種1
  [1562/2024] 519182 きゅるりらんvol.1 公演1/券種1
  [1563/2024] 519065 himawari(船橋)無銭ライブ 公演1/券種2
  [1564/2024] 519069 himawari(船橋)定期ライブ〜あみ＆きらり生誕祭〜 公演1/券種3
  [1565/2024] 519086 LioNa生誕祭 公演1/券種1
  [1566/2024] 518206 HARU ONE-MAN LIVE 『Road to 京都劇場 vo 公演1/券種1
  [1567/2024] 518213 HARU ONE-MAN LIVE 『Road to 京都劇場 vo 公演1/券種1
  [1568/2024] 518984 📸新衣装撮影会 &ミニライブ🎀 公演2/券種3
  [1569/2024] 518973 桜ちい 個人撮影会 公演1/券種10
  [1570/2024] 518778 【わがままPARTY～きゃわソロ祭～】 公演1/券種1
  [1571/2024] 518915 ♡みきぷのちょっとはやいBirthdaySPライブ♡ みんなにお祝い 公演1/券種2
  [1572/2024] 518956 桜ちい リクエスト撮影会【９月】 公演1/券種1
  [1573/2024] 518795 久瀬ことは生誕祭2026 〜終わらない恋〜 公演1/券種2
  [1574/2024] 518665 Buzzer01&.×ASH FRAST presents. 【 C 公演1/券種1
  [1575/2024] 518652 FOWS×ファミメ！pre.『SCREAMING BORDER vo 公演1/券種2
  [1576/2024] 515882 DAISY TOWN 現体制終了ライブ 公演1/券種2
  [1577/2024] 517750 DAISY TOWN 現体制終了ライブ 公演1/券種1
  [1578/2024] 518817 THE 笑 TIME 公演1/券種3
  [1579/2024] 516881 キャラメルシフォンLIVE 10年越しのアンコール〜もう一度、推して 公演1/券種1
  [1580/2024] 518905 FILME＋Debut Live 公演1/券種2
  [1581/2024] 518825 日向かほ生誕祭 公演1/券種1
  [1582/2024] 518823 idoled Live Lab.04 公演1/券種1
  [1583/2024] 518805 あそびばプロジェクト2 公演1/券種1
  [1584/2024] 518157 れんてつ23区ツアー2026 10区目＠千代田区 公演1/券種1
  [1585/2024] 518775 【徳島】Loud Nights Again Vol.2 公演1/券種1
  [1586/2024] 518753 アマプリちゃんの月まで届くもん！打ち上げオフ会 公演1/券種1
  [1587/2024] 518751 アマノガワプリンセス 単独公演vol.26 〜アマプリちゃんの月まで 公演1/券種2
  [1588/2024] 518717 はるにゃん1st Hall Live「Myスター⭐️いる！」 公演1/券種3
  [1589/2024] 517997 緊急会合！！Star Rise Entertainmentライブ上等 公演3/券種3
  [1590/2024] 518674 # 椿かなたロックダイアリー vol.2 HOWDYS SHOW v 公演1/券種1
  [1591/2024] 518676 # 椿かなたロックダイアリー vol.3 HOWDYS SHOW v 公演1/券種1
  [1592/2024] 518680 まっひーお誕生日会（後方チケット） 公演1/券種1
  [1593/2024] 518678 まっひーお誕生日会（一般先行チケット） 公演1/券種1
  [1594/2024] 518479 ギミラブ！3rdワンマンライブ第三章、開幕。〜350人集めます〜 公演1/券種3
  [1595/2024] 518562 みんなでパジャマパーティ〜眠琉ねる生誕祭2026 公演1/券種2
  [1596/2024] 518480 ピコピコ大作戦(仮) 公演1/券種2
  [1597/2024] 518148 2MAN LIVE in OSAKA 「村上来渚×まほらな」 公演1/券種3
  [1598/2024] 518602 9.25ミスカランド 公演1/券種1
  [1599/2024] 517417 東京咖喱喰部プレゼンツ【第1回】ジルとジョンのカレー定例会 公演1/券種1
  [1600/2024] 518409 YUGUREMI 2nd ONEMAN LIVE 「NIGHT PR 公演1/券種2
  [1601/2024] 518394 ぽけっとファントム撮影会 公演4/券種14
  [1602/2024] 518462 Monster Cat's MONTHLY LIVE -Septem 公演1/券種1
  [1603/2024] 518060 Say acheese! vol.2 公演1/券種3
  [1604/2024] 516175 MellBellデビューライブ-親愛なる貴方とはじまりの鐘を- 公演1/券種2
  [1605/2024] 518201 Disconnect Cendrillon×FOWS pre.『NY 公演1/券種1
  [1606/2024] 518121 Ranknavi Fes!! Vol.2 公演1/券種1
  [1607/2024] 508102 LYRA LIVE Vol.91 公演1/券種4
  [1608/2024] 518440 アイドル対抗小運動会 延長戦！ 〜 今度はライブで勝負！〜 公演1/券種1
  [1609/2024] 518424 Li-V-RAVE 遥川みのり生誕祭2026【本祭】 公演1/券種1
  [1610/2024] 518420 Li-V-RAVE 遥川みのり生誕祭2026【前夜祭】 公演1/券種1
  [1611/2024] 517412 ♡みんなと過ごす初めてのレコ発♡ 公演1/券種2
  [1612/2024] 518227 🎀KAWAII CORE🎀 公演1/券種1
  [1613/2024] 518234 Masquerade32 公演1/券種2
  [1614/2024] 518335 9/22(火•祝)まゆぴぴファンミ@東京 公演2/券種3
  [1615/2024] 504003 けっぱって東北 4thワンマンライブ『ふるさと2026』全国ツアー  公演1/券種2
  [1616/2024] 504005 けっぱって東北 4thワンマンライブ『ふるさと2026』全国ツアーフ 公演1/券種3
  [1617/2024] 518197 WAIT UNTIL DARK 公演1/券種1
  [1618/2024] 517983 MELTY TIME 公演1/券種2
  [1619/2024] 518302 夢乃菜生生誕祭2026 公演1/券種1
  [1620/2024] 518297 夢乃菜生生誕祭2026 公演1/券種2
  [1621/2024] 517853 KAWAII LAB. SOUTH 定期公演vol.5 公演1/券種2
  [1622/2024] 518291 アイドル対抗小運動会 延長戦！〜 今度はライブで勝負！〜 公演1/券種1
  [1623/2024] 518280 “アイドル対抗小運動会” 公演1/券種1
  [1624/2024] 518222 くるのお誕生日会 公演1/券種1
  [1625/2024] 518208 アイドル対抗小運動会 公演1/券種1
  [1626/2024] 518237 アイドル対抗小運動会 延長戦! 〜 今度はライブで勝負! 〜 公演1/券種1
  [1627/2024] 518187 MISSION TSUKINAMI ー指輪を外してっ！ー 公演1/券種4
  [1628/2024] 518161 X-OVER名古屋単独公演vol.2 公演1/券種2
  [1629/2024] 514664 ガールズ×ガールズ×ガールズvol.600〜Day〜 公演1/券種6
  [1630/2024] 514650 ガールズ×ガールズ×ガールズvol.600〜Night〜 公演1/券種6
  [1631/2024] 517654 あかつきフェスmini vol.1 公演1/券種2
  [1632/2024] 518115 Teamくれれっ娘！定期公演「Teamくれれっ娘！フェスタ Vol. 公演1/券種1
  [1633/2024] 518105 I☆Cicle 定期公演「Ice☆Bullet」vol.96 公演1/券種1
  [1634/2024] 517733 小鳥遊恋生誕祭2026 公演2/券種2
  [1635/2024] 517729 あかしふうか生誕祭2026 公演2/券種2
  [1636/2024] 516183 10/27(火)「G-ROCK PARTY vol.23｣ 公演1/券種1
  [1637/2024] 511385 スターリットストーリー 4thワンマン直前単独公演「RUBY STO 公演1/券種2
  [1638/2024] 517958 この映画を見終わったら 福岡公演 公演1/券種2
  [1639/2024] 517748 ZIPPYS Debut Live［Boot Up］ 公演1/券種1
  [1640/2024] 514538 Fortunessと行く沖縄バスツアー 公演1/券種1
  [1641/2024] 517838 fairy fes! ～fairy☆elements小咲さち卒業生誕 公演1/券種4
  [1642/2024] 518066 Paradigm Shift 定期公演 第4回 公演1/券種1
  [1643/2024] 517621 #神推しがいるセカイ 4マンSP 公演1/券種3
  [1644/2024] 517624 #神推しがいるセカイVol.32 公演1/券種3
  [1645/2024] 517622 #神推しがいるセカイVol.31 公演1/券種3
  [1646/2024] 514464 はこどる大運動会2026 公演1/券種1
  [1647/2024] 517051 SUPERHARD C 公演1/券種2
  [1648/2024] 517472 LILIM. DEBUT LIVE 公演1/券種2
  [1649/2024] 517927 モナ・ミダレ生誕企画『ミダレにいっぱいお酒飲ませてください‼️』 公演1/券種1
  [1650/2024] 517982 Teamくれれっ娘！特別公演「Teamくれれっ娘！フェスタ ～守道小 公演1/券種1
  [1651/2024] 517984 めろん畑a go go Pre.【HORROR BILLY NIGH 公演1/券種1
  [1652/2024] 517979 I☆Cicle 守道小粋生誕特別公演「Ice☆Bullet」 公演1/券種1
  [1653/2024] 517977 守道小粋 ソロ公演【Strawberry Hug】 公演1/券種1
  [1654/2024] 517889 マグノリアの雫。pre. 『kira kira-きらきら-』#17 公演1/券種1
  [1655/2024] 517834 AIOLITE SOLO LIVE 2026 HOME LAND 公演1/券種3
  [1656/2024] 517473 AdFicTioN Pre. 屋根裏 vol.59 公演1/券種1
  [1657/2024] 516594 9/20(日)「Kawaiiiiii Extreme OSAKA m 公演1/券種1
  [1658/2024] 517799 ソロのすすめ 公演1/券種1
  [1659/2024] 517618 ゼンゼロランカー 1'st OneManLive 『 REBEL Z 公演1/券種3
  [1660/2024] 517119 おためしろもん!!!!!!! 公演1/券種3
  [1661/2024] 516809 『PEACE TUESDAY - アイスクリーム夢少女 プロデュース 公演1/券種2
  [1662/2024] 517280 IDOL RIOT 公演1/券種1
  [1663/2024] 516808 『PEACE TUESDAY - 七音そら 生誕祭』 公演1/券種2
  [1664/2024] 517632 CutiVグループ撮影会 公演1/券種5
  [1665/2024] 517628 QunQun×CutiV合同浴衣撮影会【CutiV予約専用】 公演6/券種60
  [1666/2024] 516895 #なおたんとなかよし記念日♡ Lily's Doll 白石奈愛 生誕 公演1/券種1
  [1667/2024] 517676 QunQun 2026年9月 QunQun×CutiV合同浴衣撮影会 公演10/券種50
  [1668/2024] 517702 IDOL TOY BOX vol.56 公演2/券種2
  [1669/2024] 515790 ネクストカルチャーズサーキット 公演1/券種2
  [1670/2024] 515363 sustain your spirits-大阪単独定期公演- 公演1/券種3
  [1671/2024] 517726 『水曜のライブ その43』 公演1/券種1
  [1672/2024] 517346 モフミニ定期ワンマン 公演1/券種1
  [1673/2024] 517380 UP-T FESTIVAL×IDOL COLLECTION FEST 公演1/券種2
  [1674/2024] 517276 JUMP UP!! 公演1/券種1
  [1675/2024] 517789 ぷち☆ぽっぴんぐ定期公演「はっぴ~ふれ~ば~」vol.87 公演1/券種1
  [1676/2024] 517599 波浮すわpre.『のんびり座る夜 第九夜〜祝！4周年パーティー〜』 公演1/券種2
  [1677/2024] 514716 ガールズ×ガールズ×ガールズvol.601 公演1/券種9
  [1678/2024] 516196 11/4（水)「G-ROCK PARTY vol.24｣ 公演1/券種1
  [1679/2024] 517466 9/19(土) 奥村桃夏 撮影会 公演1/券種4
  [1680/2024] 517470 9/19(土) 市倉侑季奈 撮影会 公演1/券種4
  [1681/2024] 517464 9/19(土) 辻優衣 撮影会 公演1/券種4
  [1682/2024] 510643 10/21(火)「G-ROCK PARTY vol.22｣ 公演1/券種1
  [1683/2024] 515739 点染テンセイ少女。 超早朝完全無銭LIVE 公演1/券種2
  [1684/2024] 517588 燃えこれ学園 熊野はる生誕祭(ライブ配信あり) 公演1/券種16
  [1685/2024] 517558 Happy ParadiSe幸村ちさと生誕祭 公演1/券種1
  [1686/2024] 517578 Teamくれれっ娘！定期公演「Teamくれれっ娘！フェスタ Vol. 公演1/券種1
  [1687/2024] 517576 True Love 公演1/券種1
  [1688/2024] 517424 Village in Maier pre."NANA 生誕祭" 〜重 公演1/券種1
  [1689/2024] 515644 まいぱれっ！vol.2 公演1/券種2
  [1690/2024] 516045 「最」ライブツアー2026 in 名古屋 公演1/券種2
  [1691/2024] 517517 オトノギフト vol.27 〜大園くるみ生誕祭2026〜 公演2/券種2
  [1692/2024] 517343 ♡モフプルリズム♡ 公演2/券種2
  [1693/2024] 517347 GIRLS INFINITY vol.116 公演1/券種1
  [1694/2024] 517526 ＜札幌＞しらいみさpresents 「オトノダチクエスト～ニ街ガンガ 公演1/券種1
  [1695/2024] 517532 ＜室蘭＞しらいみさpresents 「オトノダチクエスト～ニ街ガンガ 公演1/券種1
  [1696/2024] 511497 ≠Sarah ワンマンライブ 公演1/券種3
  [1697/2024] 515269 CutiV regular event MAZIPOSI vol.9 公演1/券種2
  [1698/2024] 517329 氷菓にこ生誕祭2026 〜 Loading… 2次元計画 〜応援企画 公演1/券種4
  [1699/2024] 517317 IGNITION 公演2/券種2
  [1700/2024] 517393 止まるな！！ノンストップライブ！！！（一般先行チケット） 公演1/券種1
  [1701/2024] 517394 止まるな！！ノンストップライブ！！！（後方チケット） 公演1/券種1
  [1702/2024] 516604 9/19(土) 前田鮎花 撮影会 公演1/券種4
  [1703/2024] 517439 信野樹奈ソロ公演 公演1/券種1
  [1704/2024] 517309 れんてつin越谷！BBQオフ会 公演1/券種1
  [1705/2024] 517421 【初見さん予約】きらりすず2周年ワンマンライブ 公演1/券種1
  [1706/2024] 515688 にゃんフェスVol.4 スポンサー様VIP席 公演1/券種1
  [1707/2024] 516879 小原涼NEWアルバムレコ発ツアー 「My Live Life -SM 公演1/券種1
  [1708/2024] 516840 いざ参らんpre. 毘沙門ストリートファイターvs sus-tain 公演1/券種2
  [1709/2024] 516943 いざ参らんpre. 毘沙門ストリートファイター vs なないろ∞ミル 公演1/券種2
  [1710/2024] 517286 「SHACHI STAND AND LOUD TOUR2026」 公演1/券種1
  [1711/2024] 517277 Isiliel and the Lilin - Empire's D 公演1/券種1
  [1712/2024] 517278 イオンモール常滑アイドルフェス2026─カラフルノイズ─ 公演2/券種4
  [1713/2024] 517273 sus-tain 6th. CD 「pivot」RELEASE TO 公演1/券種1
  [1714/2024] 517221 #超マエミドワンマン祭 ~板橋からシェアハピ!!~ 公演3/券種3
  [1715/2024] 517237 「SHAREIDO 35th Anniversary Special 公演1/券種1
  [1716/2024] 515695 I♡ZEST I♡IDOL 〜秋葉原ZEST9周年特別公演〜 公演1/券種1
  [1717/2024] 516769 Make Happy!! 公演1/券種1
  [1718/2024] 516953 GLIM9定期公演 -Faint Light-vol.68 公演1/券種1
  [1719/2024] 516951 GLIM9定期公演 -Faint Light-vol.67 公演1/券種1
  [1720/2024] 516949 GLIM9定期公演 -Faint Light-vol.66 公演1/券種1
  [1721/2024] 516035 sus-tain 6th. CD 「pivot」RELEASE TO 公演1/券種1
  [1722/2024] 516871 この映画を見終わったら 仙台公演 公演1/券種2
  [1723/2024] 516509 バブロス×GLIM9 ボウリングオフ会リベンジ 公演1/券種6
  [1724/2024] 516819 「高田pre OVER DRIVE vol.16」 公演1/券種1
  [1725/2024] 516725 「魁ちゃんキャンパーになる vol.1」 公演1/券種1
  [1726/2024] 516748 おいでよ！はちゃパレ集会 公演1/券種2
  [1727/2024] 516865 主謀者翔馬×アミューズLaLa♪ハッピーランド presents「L 公演1/券種1
  [1728/2024] 508564 美VA♡FULL LIVE VOL.2 公演2/券種2
  [1729/2024] 516817 がおがおfluffy新体制first主催ライブ ようこそ、恋するオオ 公演1/券種1
  [1730/2024] 516728 【当日お渡し】大阪造船所音楽祭2026 支援Tシャツ 公演1/券種1
  [1731/2024] 515424 ぐろーあっぷっ！ 公演1/券種1
  [1732/2024] 516275 321 IDOL PROJECT 5期ラストライブ 公演1/券種4
  [1733/2024] 514224 Silent Blue 1st contact -Be Blue- 公演1/券種1
  [1734/2024] 516633 臨海ヤオヨロずデビューライブ 公演1/券種3
  [1735/2024] 516578 望月あんず ソロ公演 公演1/券種1
  [1736/2024] 516577 初咲翠ソロ公演 ～すいーとたいむ Vol.3～ 公演1/券種1
  [1737/2024] 516568 『Idol PiT GirlsRush』 公演2/券種12
  [1738/2024] 515934 もやもやの森にて Vol.2 公演1/券種1
  [1739/2024] 516474 Ac!u pre.September18 〜10年後も〜 公演1/券種1
  [1740/2024] 516377 DEADLY JELLY - XTEEN † 天月綺々奈 BIRTH 公演1/券種1
  [1741/2024] 516529 LYL 4th Oneman LIVE -LIVE YOUR LIF 公演1/券種1
  [1742/2024] 515686 #神推しが大運動会2026 公演1/券種4
  [1743/2024] 515718 マーベルエール25周年記念 Marvel-AGE マーベル☆ぱるふぇ 公演1/券種2
  [1744/2024] 511822 早川瑠泉 生誕・卒業ライブ〜1年9ヶ月の「ありがとう！」を込めて歌い 公演1/券種2
  [1745/2024] 515990 ヒーローズアイドルプロジェクト♡ファン感謝祭♡ 公演1/券種1
  [1746/2024] 510640 10/14(水)「G-ROCK PARTY」vol.21 公演1/券種1
  [1747/2024] 510662 10/6 (火)「G-ROCK PARTY」vol.20 公演1/券種1
  [1748/2024] 515998 すずはらかのん単独公演 「 すずはらかのんのうさぎ、波を走る！」 公演1/券種2
  [1749/2024] 516348 WAZZE LIVE 〜shigeP birthday event〜 公演1/券種2
  [1750/2024] 515751 ベリースカッチ主催 Vol.81 公演1/券種1
  [1751/2024] 515951 アオハルっ！！〜未開拓の青春を、あなたと。 公演1/券種4
  [1752/2024] 515959 記憶：0010 瞳子と蘭香の生誕祭 公演1/券種1
  [1753/2024] 515007 「オフィスカジュアルズとsommeil sommeil」 公演1/券種1
  [1754/2024] 515260 かがやきフェス2026 公演1/券種3
  [1755/2024] 515440 SUPER REPLiCA主催 "ハッピーレプレプ"~challen 公演1/券種1
  [1756/2024] 516199 きっぺい生誕祭🩵 公演1/券種1
  [1757/2024] 516123 【2部】9/29(火)浅草VAMPKIN·.ꕀ🎀#うちゃ姫生誕202 公演1/券種2
  [1758/2024] 516122 【1部】9/29(火)浅草VAMPKIN·.ꕀ🎀#うちゃ姫生誕202 公演1/券種2
  [1759/2024] 514646 ガールズ×ガールズ×ガールズvol.598 公演1/券種5
  [1760/2024] 514643 ガールズ×ガールズ×ガールズvol.597 公演1/券種6
  [1761/2024] 514846 Pcycle個人撮影会 公演7/券種42
  [1762/2024] 515540 いざ参らんpre.僕らの六十分戦争 公演1/券種2
  [1763/2024] 504994 東名阪リリースツアー 「We are OLS!!」 FINAL ワン 公演1/券種2
  [1764/2024] 515878 POP♡TUNE vol.81 水曜日祝日 〜あくる新曲発表&レコ発 公演1/券種1
  [1765/2024] 515884 POP♡TUNE vol.81 水曜日祝日 〜あくる新曲発表&レコ発 公演1/券種1
  [1766/2024] 514728 #つくもの日2026 二部：ブッキングライブ 公演1/券種1
  [1767/2024] 514726 #つくもの日2026 一部：アコースティックライブ 公演1/券種1
  [1768/2024] 514730 #つくもの日2026 三部：月雲さくら7thワンマンライブ 公演1/券種1
  [1769/2024] 515395 KIRA:MINA主催 "KIRAKIRA Everybody"~v 公演1/券種1
  [1770/2024] 515394 KIRA:MINA主催 "KIRAKIRA Everybody"~v 公演1/券種1
  [1771/2024] 511112 Back to the Azuki 〜未来へ繋ぐ450粒〜 公演1/券種1
  [1772/2024] 511425 新天町で推しごと vol.11 ～『Star☆Prince』×『K- 公演1/券種1
  [1773/2024] 515115 LILY&YOU〜ぐっどなみゅーじっく！〜 公演1/券種1
  [1774/2024] 514411 にゃんフェスVol.4 公演1/券種2
  [1775/2024] 515053 蒼斗ゆりあ生誕LIVE 『- 白昼夢 -』 公演1/券種3
  [1776/2024] 507234 西区文化フェスタ2026～琴似アイドルフェスティバル～ 公演2/券種2
  [1777/2024] 515667 ハロプロ縛りで浮かれモード Vol.8 公演1/券種1
  [1778/2024] 515480 カウンターアタック 2026 再結成LIVE「ゆめに夢中」 公演1/券種1
  [1779/2024] 515655 これピコ(仮)無銭公演 公演1/券種2
  [1780/2024] 515002 MOGUMOGU music 公演1/券種2
  [1781/2024] 504711 SPiCA LIVE VOL.10 公演1/券種2
  [1782/2024] 515461 いまいりさ🎂ワンマンライブ🎂~帰る場所~ 公演1/券種2
  [1783/2024] 515409 10/24(土)藤岡まりもpresentsプチ3マンvol.6 公演1/券種1
  [1784/2024] 515390 推しの手料理 公演1/券種1
  [1785/2024] 514459 「滋賀県大津市クラフトビアランド」×「帰ってきたSIF!」2026 公演1/券種1
  [1786/2024] 514456 「滋賀県大津市クラフトビアランド」×「帰ってきたSIF!」2026 公演1/券種1
  [1787/2024] 514457 「滋賀県大津市クラフトビアランド」×「帰ってきたSIF!」2026 公演1/券種1
  [1788/2024] 515052 コバラヘル×DooDooDooMiuMiuMiu SPLIT TOU 公演1/券種1
  [1789/2024] 513852 MARUKADO 第24回定期公演 「ファンファーレ！」 公演1/券種3
  [1790/2024] 515140 Live A.b.M Vol.4 -Spellbound Hallo 公演1/券種1
  [1791/2024] 515220 これピコ(仮)のHiHi呑みオフ会 公演1/券種1
  [1792/2024] 512732 ちかっぱ祭2026 公演1/券種3
  [1793/2024] 514900 mini TIF in OKINAWA vol.3 SEASIDE  公演1/券種8
  [1794/2024] 515122 嶋村愛可・渚 W生誕「みんなで作る夏の終わりの1ページ」 公演1/券種1
  [1795/2024] 515097 小原と内田のルーツの会-今月から歌います- 公演1/券種1
  [1796/2024] 514547 Candye♡Syrup Festival 1.5th annive 公演1/券種1
  [1797/2024] 514553 『YIF Vol.12 ～MOZZ 安里 Birthday Even 公演1/券種1
  [1798/2024] 511899 「ALLiCAカツ様の降臨祭 〜ON MY BEAT〜」 公演1/券種1
  [1799/2024] 514552 『YIF Vol.11 ～Melty Dream～』 公演1/券種1
  [1800/2024] 513544 HINA birthday LIVE : LOVE GAME 公演1/券種3
  [1801/2024] 514990 日本橋戦線 公演1/券種2
  [1802/2024] 514573 バリスゴ天神祭 Vol.8〜天神祭LIVE〜 公演1/券種1
  [1803/2024] 514550 一凛3rdワンマンライブ OPERATION : DEEP COVE 公演1/券種1
  [1804/2024] 514885 理想の少女 翠城みさきバースデーLIVE 公演1/券種1
  [1805/2024] 514827 『Fプレ』 公演1/券種1
  [1806/2024] 514891 もりながぴの卒業ライブ 公演1/券種3
  [1807/2024] 512159 こよゆか撮影会 公演1/券種14
  [1808/2024] 514692 Chii x 大那茉都 合同生誕主催 『遺書』 公演1/券種4
  [1809/2024] 512894 GMUファンミーティングin仙台 公演2/券種3
  [1810/2024] 514487 國安さゆり（わがなま）生誕祭2026～ツーマン×5杯～ 公演6/券種6
  [1811/2024] 514436 筑豊まゆちん生誕フェス2026 公演1/券種4
  [1812/2024] 514012 #来玲町しあり生誕祭2026 ~里帰り~ 公演1/券種3
  [1813/2024] 509437 音楽の魔法使い達 Ⅷ ～甘く響く天使のクリスマスライブ～ 12月の奇 公演1/券種1
  [1814/2024] 509435 音楽の魔法使い達 Ⅶ ～甘く響く天使のクリスマスライブ～ （夜公演） 公演1/券種1
  [1815/2024] 509433 音楽の魔法使い達 Ⅵ ～甘く響く天使のクリスマスライブ～ （昼公演） 公演1/券種1
  [1816/2024] 513697 仙台flavorワンマンライブ！ ～The only way is  公演1/券種1
  [1817/2024] 513156 sus-tain 6th. CD 「pivot」RELEASE TO 公演1/券種1
  [1818/2024] 513660 「ガキンチョ★FORK」帯広 公演1/券種1
  [1819/2024] 513529 「ガキンチョ★FORK」旭川 公演1/券種1
  [1820/2024] 513527 「ガキンチョ★FORK」札幌 公演1/券種1
  [1821/2024] 513525 「ガキンチョ★FORK」札幌 公演1/券種1
  [1822/2024] 513522 「ガキンチョ★FORK」小樽 公演1/券種1
  [1823/2024] 513528 「ガキンチョ★FORK」平岸 公演1/券種1
  [1824/2024] 514182 無料ライブ（一般先行チケット） 公演1/券種1
  [1825/2024] 514170 のんびりカバーライブ（前売チケット） 公演1/券種1
  [1826/2024] 514160 ニュースタ36時間ぶっ通しイベント フィナーレ（一般チケット） 公演1/券種1
  [1827/2024] 514140 コリコリ(対バン用) 公演1/券種1
  [1828/2024] 514057 きらりすず2周年ワンマンライブ 公演1/券種3
  [1829/2024] 504691 LYRA LIVE Vol.90〜KIRARI☆HAPPY BIRT 公演1/券種4
  [1830/2024] 512740 『ソー・クロース・ソー・ファー！』リリース記念 中野名曲堂りさいたる 公演1/券種1
  [1831/2024] 513854 AZ歌謡大全（再々） 公演1/券種1
  [1832/2024] 513508 甘夏ゆず生誕2026「アイスキャンディーがとけるまで」 公演1/券種1
  [1833/2024] 513443 小原涼10周年主催ライブ＆NEWアルバムリリースツアー初日 「My  公演3/券種3
  [1834/2024] 513533 Sparkly Mints 新体制お披露目公演 公演1/券種3
  [1835/2024] 513638 Buzzer01&. presents 真琴＆星井あお生誕祭 公演1/券種2
  [1836/2024] 513876 【ライブ配信】開歌-かいか-定期公演「四季彩」 公演1/券種2
  [1837/2024] 513514 小椋千央バースデーイベント〜ちっぴぃバースデー2026〜 公演2/券種3
  [1838/2024] 513582 ちゃんなお生誕祭-楽しみしみっしみ〜- 公演1/券種1
  [1839/2024] 513734 10月5日17:00 無料特典会 MY.st 〜Epilogue 4 公演1/券種1
  [1840/2024] 513365 いざ参らん 葵 優里生誕の儀 -素晴らしい・ アンダー・ザ・シー- 公演2/券種5
  [1841/2024] 512286 ハリケーンミキサー pre.”ロック馬鹿一代” 公演1/券種1
  [1842/2024] 513693 からふるぱーてぃーらいぶ！vol.4 公演1/券種1
  [1843/2024] 511993 I-CONNECTION♯12 - HARUTO生誕祭 - 公演1/券種1
  [1844/2024] 513675 からふるぱーてぃーらいぶ！vol.4 公演1/券種1
  [1845/2024] 513218 キャラフルアイドルフェス 公演1/券種3
  [1846/2024] 513653 mini TIF vol.120 公演1/券種4
  [1847/2024] 510646 FEAM 20th Anniversary FINAL STAGE  公演1/券種3
  [1848/2024] 512655 DIAq PRESENTS ガラフェスDASH!!〜推して運んでWO 公演1/券種2
  [1849/2024] 513637 10月4日17:00 MY.st 〜Epilogue 4U〜 公演1/券種1
  [1850/2024] 513623 みう生誕体育祭打ち上げＢＢＱオフ会 公演1/券種1
  [1851/2024] 513621 みう生誕体育祭 公演1/券種1
  [1852/2024] 513624 10月2日18:30 MY.st 〜Epilogue 4U〜 90分 公演1/券種1
  [1853/2024] 510843 ぽけっとファントム8thワンマンライブ！ 公演1/券種5
  [1854/2024] 513268 《山本乃愛 Sing a new song!! LiVE 競泳どり〜 公演1/券種7
  [1855/2024] 505442 あやみ生誕祭2026 - お騒がせ注意報!! - 公演1/券種2
  [1856/2024] 513200 三奏の宴 其ノ四 公演1/券種1
  [1857/2024] 512799 "バッドニーサミット"~vol.2~ 公演1/券種1
  [1858/2024] 513428 USAGI Sparkle 2nd Oneman Live 公演2/券種2
  [1859/2024] 512798 "バッドニーサミット"~vol.1~ 公演1/券種1
  [1860/2024] 511095 &youth!ワンマンライブ 雅愛菜乃生誕祭2026 君に届け！愛の 公演1/券種2
  [1861/2024] 513252 Y-nation〜さよならの後にはこんにちは〜 公演1/券種1
  [1862/2024] 510557 街裏ぴんくとニトロネコ 公演1/券種1
  [1863/2024] 513009 「朱海彩星生誕祭2026～地雷存症候群～」「世良小春生誕祭2026～ 公演1/券種2
  [1864/2024] 513303 しょへ生誕祭2026 公演1/券種2
  [1865/2024] 512909 MAZE PRESENTS "CRASH THE FRONT" 公演1/券種1
  [1866/2024] 506111 路地裏堂 1st ONEMAN 【cinéma】 公演1/券種1
  [1867/2024] 513210 祈おと卒業ライブ 公演1/券種4
  [1868/2024] 512165 ～奏～ 公演1/券種1
  [1869/2024] 512852 Psychic Night vol.20〜なの誕2026〜 公演1/券種1
  [1870/2024] 513020 文坂なのアコースティックソロコンサート 公演1/券種2
  [1871/2024] 512649 「Happy Birthday to ななせ」 公演1/券種3
  [1872/2024] 512438 9/30【なせばなる生誕祭2026】 公演1/券種2
  [1873/2024] 512419 prink × Make Some Noise!! presents 公演1/券種1
  [1874/2024] 512725 第4回 neoぱ ~neomelty浴衣ライブ！~ 公演1/券種1
  [1875/2024] 512184 代々木音楽療法#41 Yoyogi Music Therapy #4 公演1/券種1
  [1876/2024] 511612 『中田ちさと Anniversary Live Charming🩷』 公演1/券種5
  [1877/2024] 511631 『INFINITY FESTIVAL Vol.23～ハロウィンスペシ 公演1/券種1
  [1878/2024] 512241 やれでき‼︎ × 天女神樂 presents 『やれ神樂‼︎』1部  公演1/券種1
  [1879/2024] 512204 おすましティーパーティー 解散ライブ『おつてぃぱ♡』【2部/ミニワン 公演1/券種3
  [1880/2024] 512197 おすましティーパーティー 解散主催ライブ『おつてぃぱ♡』【1部】 公演1/券種3
  [1881/2024] 512309 SUPER REPLiCA 5周年記念 単独公演 "アニバーサリーレ 公演1/券種1
  [1882/2024] 512295 せいちゅん！秋の大運動会〜君も今日から応援団-ONEMANLIVE③ 公演1/券種3
  [1883/2024] 512123 ドキューン!!Travel(大阪) 公演1/券種3
  [1884/2024] 511979 あヤギちぃーライブ⑧ 公演1/券種1
  [1885/2024] 511511 輪廻 × LOFT X『Twilight to Dawn』 公演1/券種1
  [1886/2024] 511563 king zeebra×ZillionMode presents.  公演1/券種1
  [1887/2024] 511617 うさぎみく✖️じゆりぴ✖️藤岡まりも共催vol.3 公演1/券種1
  [1888/2024] 509648 『 わた16周年ミニワンマン 』~ 生涯ゼッタイ踊り手宣言！~ 公演1/券種1
  [1889/2024] 508807 gaizaoの主催イベント ミッドナイト サイクリング リサイタルv 公演1/券種1
  [1890/2024] 510540 水野未渚生誕祭2026 公演1/券種1
  [1891/2024] 510750 天使突抜ニ読ミ ワンマンライブ～UNITED SEVEN～ 公演1/券種4
  [1892/2024] 511268 O-VER-KiLL ワンマン「REVENGE MATCH」 公演1/券種5
  [1893/2024] 509300 タカサキ現象 公演1/券種1
  [1894/2024] 510051 『さくらいぶvol.4 ～キミとボクを繋ぐ Next Story～』 公演1/券種7
  [1895/2024] 511158 マイミニ×水クレ企画『囁きと残像』vol.2 公演2/券種5
  [1896/2024] 510799 『JOY CASE vol.1』 公演2/券種2
  [1897/2024] 509298 スワンスワンズ×mekakusheツーマンライブ〜気ままに歌う愛のう 公演1/券種1
  [1898/2024] 511011 Cross Over Ring 公演1/券種3
  [1899/2024] 510004 RePLAY presents 「SYNC」 公演1/券種1
  [1900/2024] 510423 The HARE 5th ANNIVERSARY ONEMAN LI 公演1/券種2
  [1901/2024] 510064 夜明けの一番星 定期公演〜観測記録 vol.1〜 公演1/券種2
  [1902/2024] 510047 Lunatoi'l 1st ANNIVERSARY LIVE 公演1/券種2
  [1903/2024] 510259 うぃるめり！サブスク作制＆周年ライブクラウドファンディング 公演1/券種6
  [1904/2024] 509967 叶望立夏活動15周年記念 －KANON RiCCA 15th Ann 公演2/券種2
  [1905/2024] 510355 チェキ会 公演1/券種1
  [1906/2024] 510089 pinkieDIAMOND 公演1/券種2
  [1907/2024] 509950 ミライズ1st ONEMAN LIVE『STARTRISE』 公演1/券種5
  [1908/2024] 510277 るきあBIRTHDAYLIVE 2部（一般チケット） 公演1/券種1
  [1909/2024] 510269 るきあBIRTHDAYLIVE 1部（後方チケット） 公演1/券種1
  [1910/2024] 510267 るきあBIRTHDAYLIVE 1部（一般 先行チケット） 公演1/券種1
  [1911/2024] 507372 Re:Clash(リークラッシュ)10周年感謝祭！ 公演1/券種2
  [1912/2024] 507370 Candy☆Drops 立花 姫愛 卒業ライブ 公演1/券種2
  [1913/2024] 510059 ユイ&椿のはじめてのツーマンLIVE 公演1/券種1
  [1914/2024] 510022 WELIT STUDIO 公演2/券種2
  [1915/2024] 510021 WELIT STUDIO 公演2/券種2
  [1916/2024] 509911 10.18ミスカランド ～らん生誕LIVE～ 公演1/券種1
  [1917/2024] 509906 SUMMER TeNGA 公演1/券種1
  [1918/2024] 508925 9/19(土)昼 New Album『THE WORLD』Relea 公演1/券種1
  [1919/2024] 508056 川崎純情小町☆ 現体制卒業ライブ 〜それでも、わたし…純情小町でいて 公演1/券種1
  [1920/2024] 509743 RePLAY主催ライブ「RE：PLAY extra.」 公演1/券種1
  [1921/2024] 508942 朝練ガールズpresents テッパン！ 1発目 公演1/券種1
  [1922/2024] 509336 エトランジェ 1stワンマンショー 『シャランジェ＆ラプソディー』 公演1/券種1
  [1923/2024] 509479 M MUSIC LIVE Vol.４ 公演1/券種1
  [1924/2024] 507695 NOCAPMATE Vol.05 公演1/券種1
  [1925/2024] 509366 Melo＊Traum Debut Live『Dream Birth』 公演1/券種3
  [1926/2024] 509365 フィルフェリーチェ 東名阪ツアー『魔法じかけのシルバームーン』東京公 公演1/券種2
  [1927/2024] 509364 フィルフェリーチェ 東名阪ツアー『魔法じかけのシルバームーン』名古屋 公演1/券種2
  [1928/2024] 508932 花ノぷりんせす3rd Anniversary〜新たな風と根を張る花々 公演1/券種3
  [1929/2024] 504713 booze vol.4 公演1/券種1
  [1930/2024] 503758 スターリットストーリー 4th ワンマンライブ 公演1/券種3
  [1931/2024] 508870 文翠麗1st Anniversary LIVE 公演1/券種4
  [1932/2024] 508953 SCR新潟新グループお披露目ライブ 公演1/券種1
  [1933/2024] 508669 nenemelo主催ライブvol.1 公演1/券種2
  [1934/2024] 507696 ガラフェス ～渋谷 文化的衝撃センセーション 秋の新作発表会～ 公演1/券種11
  [1935/2024] 506667 「夏の終わりのメロディTour 尾道編」 公演1/券種1
  [1936/2024] 500150 “LAST GIGS” LIVE AT SHAREIDO 〜まどろみ 公演1/券種1
  [1937/2024] 504542 Qtwins無料バンドワンマン 公演1/券種1
  [1938/2024] 505916 Risky Melody New Album「THE WORLD」  公演1/券種1
  [1939/2024] 507386 具志堅はとね1stEP発売記念バンドワンマン「ばんみかせ！」 公演1/券種2
  [1940/2024] 503990 けっぱって東北 4thワンマンライブ『ふるさと2026』全国ツアー  公演1/券種3
  [1941/2024] 503980 けっぱって東北 4thワンマンライブ『ふるさと2026』全国ツアー  公演1/券種2
  [1942/2024] 507091 Unity定期ライブ -Licca生誕公演- 公演1/券種2
  [1943/2024] 507318 ご乱心ふぇす -vol.2- 公演1/券種1
  [1944/2024] 507069 The HARE RAIMEIINLUNAPI BIRTHDAY L 公演1/券種1
  [1945/2024] 506939 【KITAWHEEL2026】 公演1/券種2
  [1946/2024] 506913 『稲月カノン presents 20th Birthday Live 公演1/券種8
  [1947/2024] 506812 ちぃたん☆ぼんばーずOSK 1stワンマンライブ 公演1/券種1
  [1948/2024] 506589 Kaz-Key BIRTHDAY ONE MAN "Unplugge 公演1/券種3
  [1949/2024] 506483 9/30(水)「G-ROCK PARTY」vol.19 公演1/券種1
  [1950/2024] 506363 ゆまっくす爆誕祭2026 1部 公演1/券種1
  [1951/2024] 506364 ゆまっくす爆誕祭2026 2部 公演1/券種1
  [1952/2024] 506213 Flyell-フライル-定期公演 公演1/券種2
  [1953/2024] 506212 MUSEN LIVE 公演1/券種1
  [1954/2024] 506327 Birth presents TAKOYAKI Party🐙 公演1/券種2
  [1955/2024] 496336 おはよう世界vol.3 公演1/券種4
  [1956/2024] 496053 魁の部屋vol.33 公演1/券種1
  [1957/2024] 495613 「魁の部屋 Vol.34」 公演1/券種1
  [1958/2024] 503940 きいあのん生誕祭2026 一般 公演2/券種2
  [1959/2024] 503930 きいあのん生誕祭2026 通し券 公演1/券種2
  [1960/2024] 504864 INFINITY vol.154 公演1/券種4
  [1961/2024] 505011 『LIVE EXPLOSION #100』～ROAD TO #100 公演1/券種1
  [1962/2024] 503341 9/24(木)「G-ROCK PARTY」vol.18 公演1/券種1
  [1963/2024] 489314 推し活最前線！無銭FREEDOM 公演1/券種1
  [1964/2024] 503956 けっぱって東北 4thワンマンライブ『ふるさと2026』全国ツアー  公演1/券種3
  [1965/2024] 503945 10/12(月祝) けっぱって東北定期公演 -福島ゆか生誕SP- 公演1/券種3
  [1966/2024] 503943 けっぱって東北 4thワンマンライブ『ふるさと2026』全国ツアー  公演1/券種3
  [1967/2024] 503934 9/27(日) めんこいな東北定期公演 -深月星来生誕SP- 公演1/券種3
  [1968/2024] 504263 「まこさんぽ4」 公演1/券種1
  [1969/2024] 500816 サタプロの10周年は ～WOW WOW YEAH YEAHライブ～ 公演2/券種3
  [1970/2024] 504102 ライブツーリズム2026 〜上越・高田編〜 前方エリア確約プレミアチ 公演1/券種1
  [1971/2024] 504026 冨沢帆乃香 10th Anniversary One Man Liv 公演1/券種1
  [1972/2024] 500125 垣内ミル納言のじゃあ言わせていただきますけど！公開生配信vol.4 公演1/券種1
  [1973/2024] 503727 仮名ちゃん生誕祭2026～九月に咲く蒼いサクラ～ 公演1/券種2
  [1974/2024] 500877 you-show 3周年記念ワンマンライブ『バカでか!?優勝宣言!! 公演1/券種4
  [1975/2024] 502053 ゆんちゃん9th Anniversary Live 公演1/券種1
  [1976/2024] 503148 ♡DEMICKワンマンライブ -REVENGE- 公演1/券種3
  [1977/2024] 502806 伊谷亜子！NEXT STAGE 〜Birthday Band One 公演1/券種1
  [1978/2024] 502634 彩Sayaワンマンライブ ー 沖縄(ココ)から地球(テラ)へ 公演1/券種1
  [1979/2024] 502034 飲暴論-聞こえますか?未来の君。僕はまだ呑み続けています。- 公演1/券種1
  [1980/2024] 502126 NAMARA MAZARU -SAPPORO 2026 second 公演1/券種1
  [1981/2024] 502125 NAMARA MAZARU -SAPPORO 2026 second 公演1/券種1
  [1982/2024] 502356 AS FES 2026 day2 公演1/券種2
  [1983/2024] 501143 AS FES 2026 day1 公演1/券種2
  [1984/2024] 501947 8°世界が変われば、2nd Oneman Live『NO 8OUND 公演1/券種2
  [1985/2024] 501417 ディアブルボア BIRTHDAY 2MAN LIVE Guest:G 公演1/券種1
  [1986/2024] 501978 23年山岡や!!〜天下統一やまおかりりこ生誕ワンマンライブ〜 公演1/券種2
  [1987/2024] 501976 ライブツーリズム2026 〜下越・五泉編〜 前方エリア確約プレミアチ 公演1/券種1
  [1988/2024] 501750 『よぞフェス単独公演～アイドルにしてくれてありがとう～』 公演1/券種1
  [1989/2024] 501457 いざ参らん 参周年 記念 バンドセット単独公演【本丸大炎上】 公演1/券種3
  [1990/2024] 499952 MONSTERSROCK PARTY ~殻を破って騒げ☆"~ 公演2/券種2
  [1991/2024] 500026 102 presents NATURAL HIGH SCHOOL 1 公演1/券種2
  [1992/2024] 500304 玉樹凜久活動10周年ワンマン ＆ 生誕主催ライブ(タイトル仮)ワンコ 公演3/券種3
  [1993/2024] 497654 この頃にはさすがにけっこう新曲ができてるはずワンマン 公演1/券種1
  [1994/2024] 497006 僕には通じない 単独公演06 - OneCoin Night Fes 公演1/券種5
  [1995/2024] 497687 NEØ//SYNC vol.1 -GENESIS- 公演1/券種1
  [1996/2024] 495360 紫月はう伍周年単独公演「理由」 公演1/券種1
  [1997/2024] 496024 ひめ様のご尊顔を崇め讃えよ！2026 公演1/券種4
  [1998/2024] 492544 白昼夢を二度見る vol.12 公演1/券種1
  [1999/2024] 495529 推しTフェス！vol.3 公演1/券種5
  [2000/2024] 493714 応援☆少女ワンマンライブ@Zepp Nagoya 公演1/券種1
  [2001/2024] 493487 ヒューマンエラー pre 「ヒューマンエラー東名阪TOUR2026  公演1/券種1
  [2002/2024] 493485 学生天国 「 ヒューマンエラー東名阪TOUR2026 〜大阪編〜 」 公演1/券種2
  [2003/2024] 493483 ヒューマンエラー & RAD mini present 「ヒューマン 公演1/券種1
  [2004/2024] 491646 7年ぶりにきた生誕祭 ～TALK&MINI LIVE～ 公演1/券種4
  [2005/2024] 491302 『ペコ博覧会2026 第2部』フルバンドワンマンライブ 公演1/券種3
  [2006/2024] 489072 CODE改革同盟 現体制終了 主催LIVE 公演1/券種3
  [2007/2024] 487694 奥ノ矢佳奈3rdバースデーワンマン 〜SUNday FLOWER N 公演1/券種1
  [2008/2024] 487675 【特別企画】 花村きり チェキ撮影会 公演1/券種1
  [2009/2024] 487659 mimiYu改名後初ワンマン 「世界-THE WORLD-」 公演1/券種4
  [2010/2024] 487309 ブイ×カケ フェス ゲストレイヤーチェキ撮影会 公演1/券種1
  [2011/2024] 487308 ブイ×カケ フェス ゲストレイヤーチェキ撮影会 公演1/券種1
  [2012/2024] 485274 ブイ×カケ フェス ゲストレイヤーチェキ撮影会 公演1/券種1
  [2013/2024] 484504 PSYCHO NIGHT×高橋祭り2026 公演1/券種2
  [2014/2024] 484997 MaNaMaNa 2nd ONEMAN LIVE『愛愛』 公演1/券種3
  [2015/2024] 479157 サルヴァドールの悪魔 3周年ワンマンライブ『記憶の標本』 公演1/券種5
  [2016/2024] 477748 CREPE SHOW Vol.60 公演1/券種2
  [2017/2024] 477747 CREPE SHOW Vol.59 公演1/券種2
  [2018/2024] 476539 流星楽団2周年記念＆パラ男生誕祭 公演1/券種1
  [2019/2024] 472180 逆に、ゆうちゃんバンド ONE-MAN LIVE Southern  公演1/券種1
  [2020/2024] 472541 可惜夜〜第一夜〜 公演1/券種1
  [2021/2024] 461561 あくまで天使 6thワンマン『あくてん現象』 公演1/券種5
  [2022/2024] 455682 C-Style COUNTDOWN GIG 2026-2027 公演1/券種1
  [2023/2024] 444554 予約 公演1/券種1
  [2024/2024] 421311 当日払い 公演1/券種1

=== イベント 2024件 / 読めなかった 0件 → tmp/tiget_wide_0918.json ===
券種のクラス（売り状態）: [('is-available', 3072), ('is-unable is-unavailable', 517), ('is-unable is-unopened', 416), ('is-unable is-closed', 298), ('is-available is-fewremaining', 215), ('btn-unable', 78)]
