Post id,Date,Post text,Post Link,Impressions,Likes,Engagements,Bookmarks,Shares,New follows,Replies,Reposts,Profile visits,Detail Expands,URL Clicks,Hashtag Clicks,Permalink Clicks
2101299267805864067,"Sat, Sep 19, 2026","OSHINAVIの""9/20チケット発売""ピックアップ🎫 明日発売の展示やファンイベント、トークライブなど、イベントのまとめよ。 石川さゆりのコンサートの愛知、森川智之のトークライブの宮城、別府葉子のシャンソンコンサートの大阪と、日曜の朝10時に発売がそろうわ。",https://x.com/oshinavinavi/status/2101299267805864067,723,2,3,0,0,0,0,0,0,1,0,0,0
2101295493263589384,"Sat, Sep 19, 2026","OSHINAVIの""9/20チケット発売""ピックアップ🎫 明日発売のスポーツのまとめよ。 RIZIN.55の千葉、東京ヤクルトスワローズ対広島東洋カープの10月の試合、新日本プロレスの赤磐・藤沢・横浜の3大会と、日曜の朝10時から続けて発売になるわ。 なでしこのMIZUHO BLUE",https://x.com/oshinavinavi/status/2101295493263589384,1012,0,5,0,0,0,0,0,0,4,1,0,0
2101291718108664058,"Sat, Sep 19, 2026","OSHINAVIの""9/20チケット発売""ピックアップ🎫 明日発売の演劇やミュージカルなど、舞台のまとめよ。 劇団四季の『バック・トゥ・ザ・フューチャー』東京公演が10時、『コーラスライン』の埼玉が11時と、日曜の朝に四季が2本並ぶわ。",https://x.com/oshinavinavi/status/2101291718108664058,444,1,2,0,0,0,0,0,0,1,0,0,0
2101287943784579434,"Sat, Sep 19, 2026","OSHINAVIの""9/20チケット発売""ピックアップ🎫 明日発売のお笑いと落語のまとめよ。 田辺いちかの真打昇進披露の会が福岡で、独演会が東京で、三人会が熊本で、日曜の朝10時に一度に発売になるわ。 さまチャン シークレットLIVE 2026の神奈川は11時よ。 大阪の天満天神繁昌亭も10時に並ぶわ。",https://x.com/oshinavinavi/status/2101287943784579434,386,1,4,0,0,0,0,0,1,2,0,0,0
2101284168252715234,"Sat, Sep 19, 2026","OSHINAVIの""9/20チケット発売""ピックアップ🎫 明日発売のクラシック・ジャズ・邦楽のまとめよ。 新国立劇場バレエ団の「くるみ割り人形」、鼓童と初音ミクの和楽器スペシャルライブ、小野リサの東京と、日曜の朝からそろって発売になるわ。 静岡は仲道郁代、大谷康子、小川典子の3人が同じ10時よ。",https://x.com/oshinavinavi/status/2101284168252715234,1072,0,3,0,0,0,0,0,1,2,0,0,0
2101280393811157472,"Sat, Sep 19, 2026","OSHINAVIの""9/20チケット発売""ピックアップ🎫 明日発売のJPOPやロックなどの音楽のまとめよ。 マカロニえんぴつの大阪にアンジュルムの大阪、BABYMONSTERの大阪と、日曜の朝10時に大阪の発売がそろうわ。 坂本冬美の愛知、中村雅俊の群馬、研ナオコの兵庫、谷山浩子の東京も同じ10時よ。",https://x.com/oshinavinavi/status/2101280393811157472,1211,2,4,0,0,0,0,0,0,2,0,0,0
2101276618270621716,"Sat, Sep 19, 2026","OSHINAVIの""9/20チケット発売""ピックアップ🎫 A.B.C-Zのコンサートツアー、大阪と愛知の一般発売が明日よ。 A.B.C-Z Concert Tour 2026 The Way of L.O.V-E、大阪 10/14(水)・10/15(木)のオリックス劇場と、愛知 10/19(月)・10/20(火)の刈谷市総合文化センター",https://x.com/oshinavinavi/status/2101276618270621716,168,1,3,0,0,0,0,0,0,1,1,0,0
2101272843723923755,"Sat, Sep 19, 2026","OSHINAVIの""9/20チケット発売""ピックアップ🎫 GLAYのアリーナツアー、福岡2公演の楽天チケット抽選先行が明日から受付よ。 GLAY ARENA TOUR 2026-2027 ""EXOFIRE""、12/19(土)・12/20(日)のマリンメッセ福岡 A館を対象にした楽天チケット抽選先行の受付が、明日9/20(日)の12時に始まるわ。",https://x.com/oshinavinavi/status/2101272843723923755,217,1,7,0,0,0,0,0,1,3,2,0,0
2101269068674150489,"Sat, Sep 19, 2026","OSHINAVIの""9/20チケット発売""ピックアップ🎫 劇団四季『バック・トゥ・ザ・フューチャー』、来年4月から9月までの公演が明日一般発売よ。 2027年4月1日から9月30日までの公演の一般発売が、明日9/20(日)の朝10時に始まるわ。 劇場はSMBCグループミュージカルシアター",https://x.com/oshinavinavi/status/2101269068674150489,217,1,3,0,0,0,0,0,0,1,1,0,0
2101265294333558937,"Sat, Sep 19, 2026","OSHINAVIの""発売中のチケット""ピックアップ🎫 いきづらい部!の2nd LIVE、明日9/20(日)はDay.2の生配信の日よ。 【動画配信】いきづらい部! 2nd LIVE Dou-Da? DOING! ～Reply to L～の視聴券は、いまも買えるわ。 Day.2は16時開演、会場は東京の京王アリーナ TOKYOよ。",https://x.com/oshinavinavi/status/2101265294333558937,143,1,2,0,0,0,0,0,0,1,0,0,0
2100923038984507581,"Fri, Sep 18, 2026","OSHINAVIの""9/19チケット発売""ピックアップ🎫 明日発売の展示・ファンイベント・キッズなどのまとめよ。 しまじろうコンサートに落合博満の講演会、第6回花火甲子園まで、明日はいろいろな楽しみが一度に発売になるわ。",https://x.com/oshinavinavi/status/2100923038984507581,6365,3,17,0,0,0,0,0,11,2,1,0,0
2100920522221535620,"Fri, Sep 18, 2026","OSHINAVIの""9/19チケット発売""ピックアップ🎫 明日発売のスポーツのまとめよ。 大相撲九州場所にRIZIN.55、天皇杯3回戦の各会場、それに12時の横浜DeNA対阪神まで、明日は一斉に発売になるわ。 朝8時の名古屋グランパスの先行が先陣で、9時にRIZINの先行、10時にまとめて発売よ。",https://x.com/oshinavinavi/status/2100920522221535620,5136,2,14,0,0,0,0,0,5,6,1,0,0
2100918006411133148,"Fri, Sep 18, 2026","OSHINAVIの""9/19チケット発売""ピックアップ🎫 明日発売の演劇・ミュージカル・舞台挨拶のまとめよ。 劇団四季の『コーラスライン』全国ツアーに、シルク・ドゥ・ソレイユのクーザ東京公演、宝塚月組『NINE』のライブ中継まで、明日の朝10時と11時に発売になるわ。",https://x.com/oshinavinavi/status/2100918006411133148,4878,1,7,0,0,0,0,0,1,5,0,0,0
2100915489035944110,"Fri, Sep 18, 2026","OSHINAVIの""9/19チケット発売""ピックアップ🎫 明日発売のお笑いと落語のまとめよ。 吉本新喜劇の東京特別公演に山里亮太の140、桂文珍の独演会と、明日の朝10時にどっと発売になるわ。 落語の独演会もずらりで、土曜の朝はにぎやかになりそうよ。",https://x.com/oshinavinavi/status/2100915489035944110,3429,0,6,1,0,0,0,0,2,3,1,0,0
2100912972650701272,"Fri, Sep 18, 2026","OSHINAVIの""9/19チケット発売""ピックアップ🎫 明日発売のクラシック・ジャズ・邦楽のまとめよ。 ヨーヨー・マのサントリーホール40周年スペシャルに、高嶋ちさ子の12人のヴァイオリニスト、九州を巡るDRUM TAOまで、明日の朝10時に一斉に発売になるわ。",https://x.com/oshinavinavi/status/2100912972650701272,5572,1,8,0,0,0,0,0,5,2,0,0,0
2100910456387047438,"Fri, Sep 18, 2026","OSHINAVIの""9/19チケット発売""ピックアップ🎫 明日発売のJPOP・ロック・洋楽のまとめよ。 松任谷由実に沢田研二、コブクロ、ほかにも大物ぞろいだわ。 OSHINAVIはこういう発売日をひとつに並べて、売り場まで直行できる無料サイトなの。 https://t.co/E4Kk2l7rQGで探してみて。 【9/19(土)発売】 https://t.co/j303W79hFO",https://x.com/oshinavinavi/status/2100910456387047438,8492,0,19,0,0,0,0,0,11,6,2,0,0
2100907939083198705,"Fri, Sep 18, 2026","OSHINAVIの""9/19チケット発売""ピックアップ🎫 柴咲コウの全国ツアー、5公演の一般発売が明日まとめて来るわよ。 明日9/19(土)の朝10時に、大阪 11/13、福岡 12/18、宮城 2027年1/11、広島 2027年1/15、三重 2027年1/23の一般発売が一斉に始まるの。 https://t.co/SoNATB6SHh",https://x.com/oshinavinavi/status/2100907939083198705,241,0,5,0,0,0,0,0,3,0,0,0,0
2100905422777708656,"Fri, Sep 18, 2026","OSHINAVIの""9/19チケット発売""ピックアップ🎫 西川貴教のZeppツアー、名古屋の一般発売が明日よ。 10/4(日)のZepp Nagoya（愛知）の一般発売が、明日9/19(土)の朝10時に始まるわ。 土曜の10時なら、コーヒーを片手に落ち着いて申し込める時間だわね。 ツアーはZepp Nagoyaを皮切りに、Zepp https://t.co/tu4k9VJDnM",https://x.com/oshinavinavi/status/2100905422777708656,139,1,10,0,0,0,0,0,1,2,4,0,0
2100902906149171315,"Fri, Sep 18, 2026","OSHINAVIの""9/19チケット発売""ピックアップ🎫 明日発売の主役はYOASOBIよ。 YOASOBI ASIA 10-CITY DOME &amp; STADIUM TOUR 2026-2027「超惑星」の札幌公演、11/14(土)と11/15(日)の大和ハウス https://t.co/UPTLfG8bXd",https://x.com/oshinavinavi/status/2100902906149171315,257,0,6,0,0,0,0,0,1,0,2,0,0
2100570717599449529,"Thu, Sep 17, 2026","OSHINAVIの""9/18チケット発売""ピックアップ🎫 明日発売のイベントのまとめ、これが今夜の最後の1本よ。 SUNGMINのファンミーティング、万博夜空がアートになる日の花火、豊橋 炎の祭典と、金曜はいろいろ並んだわ。 深堀隆介展にぎょうざ祭り、FUMIのクリスマスディナーライブも明日よ。",https://x.com/oshinavinavi/status/2100570717599449529,1535,4,10,0,0,0,0,0,1,3,1,1,0
2100566942293913986,"Thu, Sep 17, 2026","OSHINAVIの""9/18チケット発売""ピックアップ🎫 明日発売のスポーツのまとめよ。 リポビタンDチャレンジカップの男子日本代表vsフィジー代表と女子日本代表vsウェールズ代表、レイラック滋賀対SC相模原のJ3、APF ALL OUT CHAMPIONSHIPSとSuper Bigbangも明日よ。",https://x.com/oshinavinavi/status/2100566942293913986,1812,2,4,0,0,0,0,0,0,1,1,0,0
2100563168510595339,"Thu, Sep 17, 2026","OSHINAVIの""9/18チケット発売""ピックアップ🎫 明日発売の演劇・ミュージカル・伝統芸能・舞台挨拶のまとめよ。 ミュージカル『秘密の花園』、国立能楽堂の11月舞踊公演、実写映画『ルックバック』の舞台挨拶と、金曜はいろいろな舞台がそろったわ。 映画『白鳥とコウモリ』と『ホーム スイート",https://x.com/oshinavinavi/status/2100563168510595339,1254,1,2,0,0,0,0,0,1,0,0,0,0
2100559392555036872,"Thu, Sep 17, 2026","OSHINAVIの""9/18チケット発売""ピックアップ🎫 明日発売のお笑いと落語のまとめよ。 綾小路きみまろの茨城、桂文珍と春風亭小朝の東西落語名人会、柳家三三の新春寄席と、金曜は笑いの売り場がそろって開くわ。 国立演芸場の10月寄席も天満天神繁昌亭も明日よ。",https://x.com/oshinavinavi/status/2100559392555036872,1353,1,13,0,0,1,0,0,5,3,3,0,0
2100555618717180114,"Thu, Sep 17, 2026","OSHINAVIの""9/18チケット発売""ピックアップ🎫 明日発売のクラシック・ジャズ・邦楽のまとめよ。 角野隼斗の先行に、京都市交響楽団、佐渡裕とシエナ・ウインド・オーケストラ、ほかにもクリスマスや第九、ニューイヤーまで大物ぞろいよ。",https://x.com/oshinavinavi/status/2100555618717180114,2022,2,12,0,0,0,0,1,4,1,4,0,0
2100551842912419893,"Thu, Sep 17, 2026","OSHINAVIの""9/18チケット発売""ピックアップ🎫 明日発売のJ-POPやロックなど音楽のまとめよ。 GLAYの北海道、世良公則の鹿児島、さだ工務店の東京と、金曜の売り場は名前がそろったわ。 イルカも丘みどりも澤田知可子も明日よ。",https://x.com/oshinavinavi/status/2100551842912419893,1289,2,6,0,0,0,0,0,2,2,0,0,0
2100548068059857048,"Thu, Sep 17, 2026","OSHINAVIの""9/18チケット発売""ピックアップ🎫 世良公則が渡辺美里、NAOTOと組む「KNOCK KNOCK 2027」、鹿児島の一般発売が明日9/18(金)の朝10時からよ。 2027年1/9、日置市伊集院文化会館の公演よ。 朝の仕事がひと段落してほっとする10時に、そのまま売り場へ行ける時間だわね。",https://x.com/oshinavinavi/status/2100548068059857048,116,1,6,0,0,0,0,0,2,2,1,0,0
2100544292808999046,"Thu, Sep 17, 2026","OSHINAVIの""9/18チケット発売""ピックアップ🎫 角野隼斗がアラン・ギルバート指揮のNDRエルプフィルハーモニー管弦楽団と並ぶ公演、poco会員限定の先行販売が明日9/18(金)のお昼12時からよ。",https://x.com/oshinavinavi/status/2100544292808999046,146,1,3,0,0,0,0,0,0,0,2,0,0
2100540518417469850,"Thu, Sep 17, 2026","OSHINAVIの""9/18チケット発売""ピックアップ🎫 GLAYの冬のツアー、北海道の先行が明日9/18(金)のお昼12時に受付開始よ。 北海きたえーるの12/13公演で、プレリザーブという先行の枠、受付は9/27までよ。 昼休みにスマホを開けば間に合う時間だわね。",https://x.com/oshinavinavi/status/2100540518417469850,301,1,1,0,0,0,0,0,0,0,0,0,0
2100208329897435504,"Wed, Sep 16, 2026","OSHINAVIの""9/17チケット発売""ピックアップ🎫 明日発売のイベントのまとめよ。 稲川淳二の怪談ナイトの東京は深夜0時、梶裕貴トークショーの大阪と映画『襲名』の舞台挨拶が朝10時、PENTAGONの大阪と東京は夜18時の先行なの。 ゲームマーケット2026秋の千葉も朝10時よ。",https://x.com/oshinavinavi/status/2100208329897435504,413,1,2,0,0,0,0,0,1,0,0,0,0
2100204554373443883,"Wed, Sep 16, 2026","OSHINAVIの""9/17チケット発売""ピックアップ🎫 明日発売のスポーツのまとめよ。 サガン鳥栖対東京ヴェルディのルヴァンカップが佐賀、マリーゴールドが山口と福岡、どちらも12時なの。 みんなでつなごうリレーフェスティバル2026の東京は朝10時よ。",https://x.com/oshinavinavi/status/2100204554373443883,2051,2,3,0,0,0,0,0,1,0,0,0,0
2100200781282525613,"Wed, Sep 16, 2026","OSHINAVIの""9/17チケット発売""ピックアップ🎫 明日発売の演劇・ミュージカル・舞台挨拶のまとめよ。 「アベンジャーズ／エンドゲーム:アンコール」のファンミーティングが東京、ミュージカル『ミー&amp;マイガール』の福岡の先行、どちらも朝10時なの。 Thank you very マッチ de",https://x.com/oshinavinavi/status/2100200781282525613,1355,1,2,0,0,0,0,0,1,0,0,0,0
2100197004823634304,"Wed, Sep 16, 2026","OSHINAVIの""9/17チケット発売""ピックアップ🎫 明日発売のお笑い・落語のまとめよ。 千原ジュニアのヘベレケトークライブが愛知、ザ・ニュースペーパーが京都、OSAKA COMEDY FESTIVALが大阪、ぜんぶ朝10時よ。",https://x.com/oshinavinavi/status/2100197004823634304,294,1,2,0,0,0,0,0,1,0,0,0,0
2100193230511849500,"Wed, Sep 16, 2026","OSHINAVIの""9/17チケット発売""ピックアップ🎫 明日発売のクラシック・ジャズ・邦楽のまとめよ。 ザ・キングズ・シンガーズの大分、川井郁子の愛知、横山幸雄と群馬交響楽団のショパン&amp;ラフマニノフ、そろって朝10時よ。",https://x.com/oshinavinavi/status/2100193230511849500,1611,2,4,0,0,0,0,0,0,2,0,0,0
2100189454933614632,"Wed, Sep 16, 2026","OSHINAVIの""9/17チケット発売""ピックアップ🎫 明日発売のJ-POP・ロック・洋楽のまとめよ。 佐野元春&amp;THE COYOTE BANDの愛知、岩崎宏美の宮城、神はサイコロを振らないの北海道、そろって朝11時の先行なの。 Sick2の愛知と大阪は12時の先行よ。 金曜にはGLAYの北海道の先行、土曜にはGENERATIONS from",https://x.com/oshinavinavi/status/2100189454933614632,564,1,1,0,0,0,0,0,0,0,0,0,0
2100185679993192947,"Wed, Sep 16, 2026","OSHINAVIの""9/17チケット発売""ピックアップ🎫 佐野元春&amp;THE COYOTE BANDの愛知、プレリザーブの先行が明日よ。 11/3(火)の愛知公演、そのプレリザーブが明日9/17(木)の朝11時に始まって、9/27(日)までよ。 受付は9/27までと決まっているから、忘れないうちに申し込んでおくのがいいわ。",https://x.com/oshinavinavi/status/2100185679993192947,125,1,3,0,0,0,0,0,0,1,1,0,0
2100181905287061665,"Wed, Sep 16, 2026","OSHINAVIの""9/17チケット発売""ピックアップ🎫 PENTAGONの東京と大阪、ぴあ先行が明日よ。 10/1(木)のZepp Namba（OSAKA）と10/3(土)のZepp DiverCity（TOKYO）、この2公演のぴあ先行（先着）が明日9/17(木)の夜18時に発売なの。",https://x.com/oshinavinavi/status/2100181905287061665,382,1,7,0,0,0,0,0,0,1,5,0,0
2100178131269370101,"Wed, Sep 16, 2026","OSHINAVIの""9/17チケット発売""ピックアップ🎫 梶裕貴のトークショー、大阪の一般発売よ。 11/3(火)の摂南大学寝屋川キャンパス 総合体育館、そのチケットが明日9/17(木)の朝10時に発売なの。 11/3は祝日だから、平日の休みをやりくりしなくても大阪へ向かえる日よ。",https://x.com/oshinavinavi/status/2100178131269370101,266,1,8,0,0,0,0,0,3,2,2,0,0
2099845944539840648,"Tue, Sep 15, 2026","OSHINAVIの""9/16チケット発売""ピックアップ🎫 明日発売のイベントのまとめよ。 展示にディナーショー、ファンイベントまで、ここに束ねてあるわ。 三山ひろしのクリスマスディナーショーが岐阜、前川清のクリスマスディナーショーが東京、永井豪記念館のリバイバル展が京都、そろって朝10時よ。",https://x.com/oshinavinavi/status/2099845944539840648,1266,2,7,1,0,0,0,0,3,2,0,0,0
2099842166277407065,"Tue, Sep 15, 2026","OSHINAVIの""9/16チケット発売""ピックアップ🎫 明日発売のスポーツのまとめよ。 千葉ロッテマリーンズ対北海道日本ハムファイターズの振替試合、新日本プロレスの茨城、プロレスリングFREEDOMSの神奈川が朝10時よ。 そして松本山雅FC対ガイナーレ鳥取だけは朝8時、いちばん早いの。",https://x.com/oshinavinavi/status/2099842166277407065,1846,2,3,1,0,0,0,0,0,1,0,0,0
2099838392707989731,"Tue, Sep 15, 2026","OSHINAVIの""9/16チケット発売""ピックアップ🎫 明日発売の演劇・ミュージカル・伝統芸能・舞台挨拶のまとめよ。 ミュージカル『ミス・サイゴン』の福岡、野村萬斎の狂言公演、『八つ墓村』の公開記念舞台挨拶が東京と大阪、まとめて朝10時よ。",https://x.com/oshinavinavi/status/2099838392707989731,2088,1,3,0,0,0,0,0,1,1,0,0,0
2099834616932970798,"Tue, Sep 15, 2026","OSHINAVIの""9/16チケット発売""ピックアップ🎫 明日発売のお笑い・落語のまとめよ。 柳家喬太郎の独演会に権太楼ざんまい、綾小路きみまろの箕面が朝10時、春風亭昇太と林家たい平の二人会の先行が11時よ。 金曜には桂文珍と春風亭小朝の東西落語名人会も控えているわ。",https://x.com/oshinavinavi/status/2099834616932970798,918,1,5,1,0,0,0,0,1,1,2,0,0
2099830842566865294,"Tue, Sep 15, 2026","OSHINAVIの""9/16チケット発売""ピックアップ🎫 明日発売のクラシック・ジャズ・邦楽のまとめよ。 ヨーヨー・マのサントリーホール追加公演の先行に、ウィーン・フォルクスオーパー交響楽団のニューイヤー、東京都交響楽団の定期演奏会がいくつも、ほかにも大物ぞろいよ。",https://x.com/oshinavinavi/status/2099830842566865294,2595,1,6,0,0,0,0,0,2,3,0,0,0
2099827067185459703,"Tue, Sep 15, 2026","OSHINAVIの""9/16チケット発売""ピックアップ🎫 明日発売のJ-POP・ロック・洋楽のまとめよ。 佐野元春&amp;THE COYOTE BANDに浅井健一、chilldspotの北海道の先行が11時、一青窈の宮崎と鹿児島の先行が12時に並ぶの。 金曜にはGLAYの北海道の先行も控えているわ。",https://x.com/oshinavinavi/status/2099827067185459703,666,0,0,0,0,0,0,0,0,0,0,0,0
2099823292311830698,"Tue, Sep 15, 2026","OSHINAVIの""9/16チケット発売""ピックアップ🎫 ヨーヨー・マのサントリーホール、追加公演の先行よ。 「ヨーヨー・マ サントリーホール40周年スペシャルコンサート」の10/25の本公演は、サントリーホール公式のページで一般発売の欄が「予定枚数終了」になっているの。",https://x.com/oshinavinavi/status/2099823292311830698,168,0,0,0,0,0,0,0,0,0,0,0,0
2099819517207572966,"Tue, Sep 15, 2026","OSHINAVIの""9/16チケット発売""ピックアップ🎫 新日本プロレスの10月の大会、茨城の一般発売よ。 10/27(火)の古河市イーエス中央運動公園はなもも体育館が、明日9/16(水)の朝10時に一般発売なの。 火曜日に体育館で見たいなら、取りにいくのは明日の朝よ。",https://x.com/oshinavinavi/status/2099819517207572966,117,0,2,0,0,0,0,0,0,2,0,0,0
2099815743609024542,"Tue, Sep 15, 2026","OSHINAVIの""9/16チケット発売""ピックアップ🎫 雨で流れたZOZOマリンの試合、10月に振替が決まったのよ。 8/22(土)に雨天中止になった千葉ロッテマリーンズ対北海道日本ハムファイターズ、その振替試合が10/1(木)のZOZOマリンスタジアムで組まれたの。",https://x.com/oshinavinavi/status/2099815743609024542,1215,1,8,0,0,0,0,0,1,5,1,0,0
2099483553730023430,"Mon, Sep 14, 2026","OSHINAVIの""9/15チケット発売""ピックアップ🎫 明日発売の展示やトークショー、キッズ向けイベントのまとめよ。 高橋健介のトークショーに、大河ドラマ特別展「豊臣兄弟!」、ブレーメンの音楽隊がやってくる!の2回公演。 明日の発売はこれで全部だから、最後まで目を通してちょうだい。",https://x.com/oshinavinavi/status/2099483553730023430,1082,1,3,0,0,0,0,0,0,2,0,0,0
2099479778596401387,"Mon, Sep 14, 2026","OSHINAVIの""9/15チケット発売""ピックアップ🎫 明日発売のスポーツのまとめよ。 浦和レッズレディースのホーム2試合に、OZアカデミー女子プロレスの沖縄、MCSCラリーハイランドマスターズの岐阜。 応援に行く日も、発売の朝に決まるのよ。",https://x.com/oshinavinavi/status/2099479778596401387,2104,0,2,0,0,0,0,0,2,0,0,0,0
2099476004506833269,"Mon, Sep 14, 2026","OSHINAVIの""9/15チケット発売""ピックアップ🎫 明日発売の演劇や舞台挨拶、能・狂言のまとめよ。 第三舞台の『パレイドリア』に、映画名探偵プリキュアの公開記念舞台挨拶、万作・萬斎の狂言公演。 客席で観る舞台のチケットが、火曜にまとめて発売よ。",https://x.com/oshinavinavi/status/2099476004506833269,1349,0,4,0,0,0,0,0,3,1,0,0,0
2099472229017034872,"Mon, Sep 14, 2026","OSHINAVIの""9/15チケット発売""ピックアップ🎫 明日発売のお笑いと落語のまとめよ。 座長・酒井藍の吉本新喜劇に、三遊亭小遊三と林家たい平の新春、紀尾井らくごの三遊亭兼好独演会。 笑いに行く日を決めるなら、明日の朝がその日だわ。",https://x.com/oshinavinavi/status/2099472229017034872,1436,2,5,0,0,0,0,0,1,2,0,0,0
2099468455275884988,"Mon, Sep 14, 2026","OSHINAVIの""9/15チケット発売""ピックアップ🎫 明日発売のクラシックやジャズ、邦楽のまとめよ。 反田恭平に東京フィルの「第九」、ディズニー・オン・クラシックと、年末の顔ぶれがそろって発売される日だわ。 ほかにも大物ぞろいよ。",https://x.com/oshinavinavi/status/2099468455275884988,2467,2,13,0,0,0,0,0,3,5,3,0,0
2099464679038828755,"Mon, Sep 14, 2026","OSHINAVIの""9/15チケット発売""ピックアップ🎫 明日発売のJ-POPやロックなどの音楽のまとめよ。 浅井健一にsyrup16g、オルケスタ・デ・ラ・ルスと、火曜の発売はこの顔ぶれだわ。 OSHINAVIはこういうチケットの発売日を集めて、見やすく並べてある無料のサイトなの。",https://x.com/oshinavinavi/status/2099464679038828755,832,0,3,0,0,0,0,0,3,0,0,0,0
2099460904320647638,"Mon, Sep 14, 2026","OSHINAVIの""9/15チケット発売""ピックアップ🎫 明日は反田恭平&amp;ザルツブルク・モーツァルテウム管弦楽団 日本ツアー2027、川崎公演の先行が始まるわ。 公演は2027年3/15(月)19:00、ミューザ川崎シンフォニーホールよ。 反田恭平が指揮とピアノの両方を務めて、曲目はオール・モーツァルト。",https://x.com/oshinavinavi/status/2099460904320647638,460,0,6,0,0,0,0,0,0,5,1,0,0
2099457129216114783,"Mon, Sep 14, 2026","OSHINAVIの""9/15チケット発売""ピックアップ🎫 明日発売の高橋健介のトークショーの話よ。 11/3(火・祝)、明治学院大学の学園祭「白金祭」に高橋健介が来るの。 場所は白金校舎の中のアリーナで、開場11:30、開演12:00、終わるのは13:30の予定よ。",https://x.com/oshinavinavi/status/2099457129216114783,589,0,4,1,0,0,0,0,1,1,1,1,0
2099453355206860903,"Mon, Sep 14, 2026","OSHINAVIの""9/15チケット発売""ピックアップ🎫 明日発売の『映画名探偵プリキュア!不思議な庭と2人の秘密』公開記念舞台挨拶の話よ。 映画の公開は9/18(金)、その翌日の9/19(土)にユナイテッド・シネマ豊洲で舞台挨拶があるの。 9:40の回は上映のあとに、12:40の回は上映の前に登壇よ。",https://x.com/oshinavinavi/status/2099453355206860903,1085,0,10,0,0,0,0,0,6,4,0,0,0
2099108584214741110,"Sun, Sep 13, 2026","OSHINAVIの""9/14チケット発売""ピックアップ🎫 明日9/14(月)に発売になる、展示・ファンイベント・学園祭などイベントのまとめよ。 二見颯一&amp;青山新のライブツアー、大阪工業大学の城北祭での仲里依紗トークショー、宮城の「いま、私は現代アートと出会う」と、色のちがう名前が並んだわ。",https://x.com/oshinavinavi/status/2099108584214741110,1398,0,5,0,0,0,0,0,0,3,2,0,0
2099107324497707194,"Sun, Sep 13, 2026","OSHINAVIの""9/14チケット発売""ピックアップ🎫 明日9/14(月)に発売になる、スポーツのまとめよ。 北海道コンサドーレ札幌のホームがまとめて動くし、STARDOMのNEW YEAR DREAM 2027、サガン鳥栖対藤枝MYFCもあるわ。",https://x.com/oshinavinavi/status/2099107324497707194,3290,1,6,0,0,0,0,0,2,3,0,0,0
2099106070438568320,"Sun, Sep 13, 2026","OSHINAVIの""9/14チケット発売""ピックアップ🎫 明日9/14(月)に発売になる、演劇・ミュージカル・伝統芸能・舞台挨拶のまとめよ。 歌舞伎座の錦秋十月大歌舞伎、東京と大阪で先行が始まる「他人」、名古屋のミュージカル「A COMMON BEAT」と、観に行く理由が並んでいるわ。",https://x.com/oshinavinavi/status/2099106070438568320,1228,0,2,0,0,0,0,0,0,2,0,0,0
2099104807772688811,"Sun, Sep 13, 2026","OSHINAVIの""9/14チケット発売""ピックアップ🎫 明日9/14(月)に発売になる、お笑いと落語のまとめよ。 桂宮治の全国ツアー、三遊亭わん丈の落語会、それにみどり市制施行20周年記念の「ながめ爆笑寄席」の3つが、そろって朝の10時に発売になるわ。",https://x.com/oshinavinavi/status/2099104807772688811,1007,1,13,0,0,0,0,0,1,6,5,0,0
2099103549531521157,"Sun, Sep 13, 2026","OSHINAVIの""9/14チケット発売""ピックアップ🎫 明日9/14(月)に発売になる、クラシック・ジャズ・邦楽のまとめよ。 イリーナ・メジューエワのベートーヴェンのピアノ・ソナタ全曲、フォレスタの年末リクエストスペシャル、アヤセ・プロムナード・コンサート、落ち着いて聴きたい夜の名前がそろったわ。",https://x.com/oshinavinavi/status/2099103549531521157,1814,0,4,0,0,0,0,0,1,3,0,0,0
2099102291060236516,"Sun, Sep 13, 2026","OSHINAVIの""9/14チケット発売""ピックアップ🎫 明日9/14(月)に発売になる、J-POP・ロック・洋楽のまとめよ。 新しい学校のリーダーズの北海道、森口博子のクリスマスディナー&amp;ライブ、MICHAEL MONROEの愛知、ほかにも顔ぶれがそろっているわ。",https://x.com/oshinavinavi/status/2099102291060236516,1585,1,3,0,0,0,0,0,0,1,1,0,0
2099101032684888095,"Sun, Sep 13, 2026","OSHINAVIの""9/14チケット発売""ピックアップ🎫 北海道コンサドーレ札幌の試合のチケット、まとめて明日9/14(月)のお昼12時から一般発売よ。 いちばん近いのは9/29(火)、ルヴァンカップ1stラウンド2回戦のファジアーノ岡山戦だわ。 会場は大和ハウス プレミストドームよ。",https://x.com/oshinavinavi/status/2099101032684888095,999,0,1,0,0,0,0,0,0,1,0,0,0
2099099775434195278,"Sun, Sep 13, 2026","OSHINAVIの""9/14チケット発売""ピックアップ🎫 仲里依紗のトークショーが大阪工業大学の城北祭に来るのよ。 先着の一般発売が明日9/14(月)の朝10時から始まるわ。 公演は11/7(土)、会場は大宮キャンパスの体育館よ。",https://x.com/oshinavinavi/status/2099099775434195278,280,0,5,0,0,0,0,0,0,2,3,0,0
2099098516153078193,"Sun, Sep 13, 2026","OSHINAVIの""9/14チケット発売""ピックアップ🎫 明日発売の主役は新しい学校のリーダーズよ。 11月の全国ツアー、大阪・福岡・北海道・愛知のZeppをまわるのよ。 北海道のZepp Sapporo 11/12(木)公演、2次プレリザーブの受付が明日9/14(月)の11:00に始まるわ。",https://x.com/oshinavinavi/status/2099098516153078193,277,2,3,0,0,0,0,0,0,1,0,0,0
2098738644949557371,"Sat, Sep 12, 2026","OSHINAVIの""9/13チケット発売""ピックアップ🎫 明日発売のトークショーや学園祭、ファンイベントなど、イベントのまとめよ。 志田未来の岡山のトークショーに、鼓童の十二月公演が東京、川中美幸が静岡と、こちらも見逃せない名前がそろっているわ。 K-Drama OST Tribute",https://x.com/oshinavinavi/status/2098738644949557371,1596,0,3,0,0,0,0,0,1,2,0,0,0
2098737386758758541,"Sat, Sep 12, 2026","OSHINAVIの""9/13チケット発売""ピックアップ🎫 明日発売のスポーツのまとめよ。 朝10時に、新日本プロレスの岐阜と埼玉、東京女子プロレスの東京と大阪、それに鹿児島で大相撲の冬巡業、姶良場所が発売よ。 OSHINAVIは、こういう試合や興行のチケット発売日を無料でまとめてあるサイトなの。",https://x.com/oshinavinavi/status/2098737386758758541,2779,0,4,0,0,0,0,0,1,2,1,0,0
2098736128627257398,"Sat, Sep 12, 2026","OSHINAVIの""9/13チケット発売""ピックアップ🎫 明日発売の演劇・ミュージカル・歌舞伎など、舞台のまとめよ。 劇団四季「リトルマーメイド」にミュージカル『SPY×FAMILY 2』、宝塚歌劇宙組と、ほかにも大物ぞろいだわ。",https://x.com/oshinavinavi/status/2098736128627257398,2959,0,14,0,0,0,0,0,4,5,3,2,0
2098734870319009851,"Sat, Sep 12, 2026","OSHINAVIの""9/13チケット発売""ピックアップ🎫 明日発売の落語とお笑いのまとめよ。 市馬落語集の年忘れ公演に、春風亭百栄の独演会、三遊亭好二郎の浅草の大独演会と、東京の落語好きには忙しい朝になりそうだわ。 大阪は天満天神繁昌亭とアルミカンの単独ライブよ。",https://x.com/oshinavinavi/status/2098734870319009851,1454,1,3,0,0,0,0,0,2,0,0,0,0
2098733612095123761,"Sat, Sep 12, 2026","OSHINAVIの""9/13チケット発売""ピックアップ🎫 明日発売のクラシック・ジャズ・和楽器、コンサートのまとめよ。 反田恭平にアルゲリッチ、ウィーン・フォルクスオーパー交響楽団と、ほかにも大物ぞろいよ。",https://x.com/oshinavinavi/status/2098733612095123761,4236,0,9,0,0,0,0,0,5,3,1,0,0
2098732353778540597,"Sat, Sep 12, 2026","OSHINAVIの""9/13チケット発売""ピックアップ🎫 明日発売のJPOPやロックなど、音楽のまとめよ。 木村拓哉に相川七瀬、アンジュルムと、ほかにも大物ぞろいだわ。",https://x.com/oshinavinavi/status/2098732353778540597,2671,1,6,0,0,0,0,0,0,2,3,0,0
2098731095432867849,"Sat, Sep 12, 2026","OSHINAVIの""9/13チケット発売""ピックアップ🎫 大相撲の冬巡業、鹿児島の姶良場所の一般発売が明日9/13(日)の朝10時からよ。 正式には「令和八年 冬巡業 大相撲姶良場所」。 12月1日(火)、鹿児島県姶良市のビーラインスポーツパーク姶良（姶良市総合運動公園）体育館で、朝9時開演よ。",https://x.com/oshinavinavi/status/2098731095432867849,1368,0,2,0,0,0,0,0,1,1,0,0,0
2098729837208781151,"Sat, Sep 12, 2026","OSHINAVIの""9/13チケット発売""ピックアップ🎫 新日本プロレスの秋のシリーズ、開幕戦の熊谷と岐阜大会の一般発売が、明日9/13(日)の朝10時からよ。 シリーズの名前は『SUPER Jr. TAG LEAGUE 2026 ～Road to POWER STRUGGLE～』。",https://x.com/oshinavinavi/status/2098729837208781151,652,0,2,0,0,0,0,0,0,2,0,0,0
2098728578922004787,"Sat, Sep 12, 2026","OSHINAVIの""締切間近""ピックアップ🎫 東京ヤクルトスワローズの試合、まだチケットが買えるわよ。 明日9/13(日)の神宮、広島戦もその中に入っているの。 OSHINAVIは、こういうチケットの発売日と締切をまとめて並べている無料サイトなの。",https://x.com/oshinavinavi/status/2098728578922004787,2183,0,4,0,0,0,0,0,0,3,1,0,0
2098396390862758171,"Fri, Sep 11, 2026","OSHINAVIの""9/12チケット発売""ピックアップ🎫 明日発売の展示やファンイベント、キッズ向け、ディナーショーのまとめよ。 山内惠介のディナーショー2026と松原健之のクリスマスディナーショー、どちらも静岡で朝10時に発売になるの。 しまじろうコンサートの愛知は朝9時、ハリー・ポッター in",https://x.com/oshinavinavi/status/2098396390862758171,5132,6,11,0,0,1,0,0,2,2,0,0,0
2098392615616233683,"Fri, Sep 11, 2026","OSHINAVIの""9/12チケット発売""ピックアップ🎫 明日発売のスポーツのまとめよ。 浦和レッズは長崎戦、千葉戦、セレッソ大阪戦の3試合がまとめて朝10時に発売になるの。 大相撲の冬巡業三田場所は兵庫、新日本プロレスは広島大会、RISEの東京とK-1 REVENGEの東京は格闘技よ。",https://x.com/oshinavinavi/status/2098392615616233683,4221,0,4,0,0,0,0,0,2,2,0,0,0
2098388841094599157,"Fri, Sep 11, 2026","OSHINAVIの""9/12チケット発売""ピックアップ🎫 明日発売の演劇、ミュージカル、伝統芸能、舞台挨拶のまとめよ。 坂東玉三郎は愛知のシンフォニックコンサートと富山の素踊り、2つの公演が同じ朝10時に発売になるの。 湖月わたるの宝塚歌劇団退団20th",https://x.com/oshinavinavi/status/2098388841094599157,4975,0,14,1,0,0,0,0,7,5,1,1,0
2098385065470579196,"Fri, Sep 11, 2026","OSHINAVIの""9/12チケット発売""ピックアップ🎫 明日発売のお笑いと落語のまとめよ。 綾小路きみまろの福岡は朝9時、ほかより1時間早く発売になるから気を付けてね。",https://x.com/oshinavinavi/status/2098385065470579196,3496,1,13,0,0,0,0,0,5,6,1,0,0
2098381291687452776,"Fri, Sep 11, 2026","OSHINAVIの""9/12チケット発売""ピックアップ🎫 明日発売のクラシックとジャズ、邦楽のまとめよ。 新国立劇場のオペラ「フィガロの結婚」に、小曽根真のクリスマス・スペシャル、関西フィルハーモニー管弦楽団、群馬交響楽団。 DRUM",https://x.com/oshinavinavi/status/2098381291687452776,7958,2,19,0,0,0,0,0,10,3,3,1,0
2098377516280910036,"Fri, Sep 11, 2026","OSHINAVIの""9/12チケット発売""ピックアップ🎫 明日発売のJ-POPやロック、洋楽のまとめよ。 ASKA、東京スカパラダイスオーケストラ、モーニング娘。’26と、ほかにも大物ぞろいなの。 OSHINAVIは発売日をまとめた無料サイトだから、あなたの推しもきっと見つかるわ。 https://t.co/E4Kk2l6U18",https://x.com/oshinavinavi/status/2098377516280910036,10782,5,35,0,0,1,1,0,11,10,5,2,0
2098373740614578640,"Fri, Sep 11, 2026","OSHINAVIの""9/12チケット発売""ピックアップ🎫 羽多野渉の「羽多野るるる」が10周年よ。 羽多野渉づくしの月に1度のニコニコ生放送、その10周年イベント「羽多野るるる10周年イベント 羽多野渉届」が10/25(日)、東京の目黒中小企業センターで開かれるの。 昼の部は13:00開演、夜の部は16:15開演よ。",https://x.com/oshinavinavi/status/2098373740614578640,253,0,3,0,0,0,0,0,3,0,0,0,0
2098369965757698300,"Fri, Sep 11, 2026","OSHINAVIの""9/12チケット発売""ピックアップ🎫 UVERworldの横浜、一般発売が明日よ。 「UVERworld LIVE “危ない” TOUR 2026」の9/25(金)、神奈川のKT Zepp Yokohama公演ね。 公式では「KT Zepp Yokohama～誠果 生誕祭～」と書かれている日よ。 17:30開場、18:30開演。",https://x.com/oshinavinavi/status/2098369965757698300,513,0,14,0,0,0,0,0,4,6,4,0,0
2098366191274193236,"Fri, Sep 11, 2026","OSHINAVIの""9/12チケット発売""ピックアップ🎫 水瀬いのり、自身初の野外ライブの当日券よ。 「Inori Minase OPEN AIR LIVE 2026 Summer Challenger」は明日9/12(土)と13(日)、山梨の富士急ハイランド・コニファーフォレストで開かれるの。 両日とも15:30開場、17:00開演よ。 【9/12(土)発売】 0:00",https://x.com/oshinavinavi/status/2098366191274193236,511,0,3,0,0,0,0,0,0,2,1,0,0
2098018903406363035,"Thu, Sep 10, 2026","OSHINAVIの""9/11チケット発売""ピックアップ🎫 明日発売の舞台・伝統芸能・スポーツ・展示のまとめよ。 野村萬斎の還暦記念「狂言ござる乃座 in NAGOYA 29th」、名古屋の一般発売が明日9/11(金)の朝10時からよ。 ミュージカル「ALICE」に『星影の人』、金沢の秋季歌舞伎特別公演、それに徹子の部屋",https://x.com/oshinavinavi/status/2098018903406363035,4809,3,13,1,0,0,0,0,9,1,0,0,0
2098015128000319885,"Thu, Sep 10, 2026","OSHINAVIの""9/11チケット発売""ピックアップ🎫 明日発売のJPOPなどの音楽のまとめよ。 ズーカラデルの先行受付が明日9/11(金)の朝11時から始まるのよ。 お昼12時には寺尾聰の神奈川公演、夜18時にはなとりのプレリザーブとキム・チャンワンバンドの東京公演が続くわ。",https://x.com/oshinavinavi/status/2098015128000319885,2623,0,6,0,0,0,0,0,3,2,1,0,0
2098011353092866446,"Thu, Sep 10, 2026","OSHINAVIの""9/11チケット発売""ピックアップ🎫 明日発売の落語とお笑いのまとめよ。 鳥肌実の神戸毒炎会「アルゴリズム演説」、兵庫公演の発売が明日9/11(金)の朝10時からよ。 桂米團治の独演会に春風亭昇太の独演会、扇辰・喬太郎の会、桂二葉の高崎落語会と、この朝は落語の名前もそろって発売よ。",https://x.com/oshinavinavi/status/2098011353092866446,1258,2,7,0,0,0,0,0,5,0,0,0,0
2098007578177675673,"Thu, Sep 10, 2026","OSHINAVIの""9/11チケット発売""ピックアップ🎫 明日発売のクラシックとジャズのまとめよ。 ウィーン・ヨハン・シュトラウス管弦楽団のウィンナワルツ・ニューイヤー・コンサート2027、横浜みなとみらいホールの神奈川公演が明日9/11(金)の朝10時よ。",https://x.com/oshinavinavi/status/2098007578177675673,5051,1,12,0,0,0,0,0,4,4,3,0,0
2098003803605962987,"Thu, Sep 10, 2026","OSHINAVIの""9/11チケット発売""ピックアップ🎫 なとりのプレリザーブ受付が明日9/11(金)の夜18時に始まるのよ。 先行の受付よ。 公演は2027年6月25日(金)と26日(土)、札幌のZepp Sapporoの2日間よ。 OSHINAVIは、こういうチケットの発売日を集めて日付順に並べてある無料のサイトなの。",https://x.com/oshinavinavi/status/2098003803605962987,202,0,0,0,0,0,0,0,0,0,0,0,0
2097680422561878159,"Wed, Sep 9, 2026","OSHINAVIの""9/10チケット発売""ピックアップ🎫 明日発売のトークショーと舞台挨拶のまとめよ。 さらば青春の光の「さらばのこの本ダレが書いとんねん!LIVE2026」、浅草公会堂の先行が明日9/10(木)の朝10時に受付開始よ。 同じ10時に松本怜生のトークショーの椙山女学園大学 椙大祭、映画『ホーム",https://x.com/oshinavinavi/status/2097680422561878159,1514,1,13,0,0,1,0,0,5,5,1,0,0
2097677905723564476,"Wed, Sep 9, 2026","OSHINAVIの""9/10チケット発売""ピックアップ🎫 明日発売の演劇とファミリーショーのまとめよ。 風間杜夫のひとり芝居「カラオケマン さすらいヘルパー」の東京と、プリキュアクラシックコンサート2026の大阪が、明日9/10(木)の朝10時に発売よ。",https://x.com/oshinavinavi/status/2097677905723564476,2113,1,5,0,0,0,0,0,1,2,1,0,0
2097675389082685634,"Wed, Sep 9, 2026","OSHINAVIの""9/10チケット発売""ピックアップ🎫 明日発売の能・狂言など伝統芸能のまとめよ。 国立能楽堂の10月公演が、企画公演・定例公演・普及公演とそろって明日9/10(木)の朝10時に発売よ。 愛知の名匠狂言会も、能楽研修発表会の青翔会も同じ10時ね。",https://x.com/oshinavinavi/status/2097675389082685634,721,0,3,1,0,0,0,0,3,0,0,0,0
2097672872852648389,"Wed, Sep 9, 2026","OSHINAVIの""9/10チケット発売""ピックアップ🎫 明日発売のスポーツのまとめよ。 川口オートレースの第5特別観覧席とホールショットが、10月の2つの開催ぶんまとめて明日9/10(木)の朝10時に発売よ。 お昼の12時にはマリーゴールドの大阪・東京・静岡がそろって発売ね。",https://x.com/oshinavinavi/status/2097672872852648389,1530,0,0,0,0,0,0,0,0,0,0,0,0
2097670356131577959,"Wed, Sep 9, 2026","OSHINAVIの""9/10チケット発売""ピックアップ🎫 明日発売のJPOPや歌謡曲などの音楽のまとめよ。 沢田研二の埼玉、伊勢正三の東京が、明日9/10(木)の朝10時に発売よ。 同じ10時に稲垣潤一のクリスマスディナーショーの大阪、島津亜矢の東京も並ぶの。 黒蜜の47都道府県ONEMAN",https://x.com/oshinavinavi/status/2097670356131577959,1469,1,6,0,0,0,0,0,2,2,1,0,0
2097667839528444375,"Wed, Sep 9, 2026","OSHINAVIの""9/10チケット発売""ピックアップ🎫 明日発売のお笑いのまとめよ。 春風亭一之輔・一蔵・一花の兄弟会に、春風亭昇太・柳家三三 with タブレット純と、新春スペシャル公演の東京が明日9/10(木)の朝10時にそろって発売よ。 同じ10時に吉本新喜劇&amp;バラエティ in",https://x.com/oshinavinavi/status/2097667839528444375,2252,1,5,1,0,0,0,0,4,0,0,0,0
2097665323893752083,"Wed, Sep 9, 2026","OSHINAVIの""9/10チケット発売""ピックアップ🎫 明日発売のクラシックのまとめよ。 日本フィルハーモニー交響楽団の第九特別演奏会2026が、東京と神奈川の回をまとめて、明日9/10(木)の朝10時に発売よ。 小林研一郎指揮の回も阪哲朗指揮の回も、芸劇シリーズの回も、この日にそろって出るの。",https://x.com/oshinavinavi/status/2097665323893752083,2561,1,3,0,0,0,0,0,1,1,0,0,0
2097662806346584324,"Wed, Sep 9, 2026","OSHINAVIの""9/10チケット発売""ピックアップ🎫 長野の人、吉本新喜劇が来るわよ。 「吉本新喜劇&amp;バラエティ in ながの」、11月7日(土)のホクト文化ホール 大ホールの一般発売が、明日9/10(木)の朝10時よ。 先行じゃなくて一般発売だから、条件なしで誰でも買える枠よ。",https://x.com/oshinavinavi/status/2097662806346584324,245,0,1,0,0,0,0,0,1,0,0,0,0
2097660289592561962,"Wed, Sep 9, 2026","OSHINAVIの""9/10チケット発売""ピックアップ🎫 CANDY TUNEの全国ツアー、北海道公演の3次プレリザーブ（先行の枠）が明日9/10(木)の11時に受付開始よ。 北海道は10月2日から4日までの公演で、受付は9/14までよ。 11時なら、お昼休みの前にスマホを見るだけで間に合う時間だわね。",https://x.com/oshinavinavi/status/2097660289592561962,301,0,0,0,0,0,0,0,0,0,0,0,0
2097643559667245473,"Wed, Sep 9, 2026","OSHINAVIの""9/10チケット発売""ピックアップ🎫 さらば青春の光のファンに、明日の話よ。 「さらばのこの本ダレが書いとんねん!LIVE2026」、10月10日(土)の浅草公会堂の先行が、明日9/10(木)の朝10時に受付開始よ。 受付は9/16までよ。",https://x.com/oshinavinavi/status/2097643559667245473,192,0,1,0,0,0,0,0,1,0,0,0,0
2097292868348153985,"Tue, Sep 8, 2026","OSHINAVIの""9/9チケット発売""ピックアップ🎫 明日発売の展覧会のまとめよ。 KAGAYA 星空の世界展の金沢が、今夜から3時間後の0時に発売よ。 朝10時にはカイ・フランク展の京都よ。 OSHINAVIはコンサートだけじゃなく、美術館の展覧会もチケットの発売日を並べている無料のサイトなの。",https://x.com/oshinavinavi/status/2097292868348153985,146,1,1,0,0,0,0,0,0,0,0,0,0
2097291609951928378,"Tue, Sep 8, 2026","OSHINAVIの""9/9チケット発売""ピックアップ🎫 明日発売の伝統芸能のまとめよ。 市川團十郎特別公演、南座のチケットが明日9/9(水)の朝10時に発売よ。 3階左右列の見切れ席は別の枠になっていて、そっちも同じ10時ね。",https://x.com/oshinavinavi/status/2097291609951928378,157,1,3,0,0,2,0,0,0,0,0,0,0
2097290351962984603,"Tue, Sep 8, 2026","OSHINAVIの""9/9チケット発売""ピックアップ🎫 明日発売の演劇のまとめよ。 詩と音楽の光景『エレクトラ』の東京公演が、明日9/9(水)の11時に発売よ。 枠が分かれているようだから、行ける日を先に決めておくといいわ。",https://x.com/oshinavinavi/status/2097290351962984603,66,1,4,0,0,0,0,0,0,2,1,0,0
2097289093428432933,"Tue, Sep 8, 2026","OSHINAVIの""9/9チケット発売""ピックアップ🎫 明日発売の演歌のまとめよ。 三山ひろしのコンサート2026、埼玉公演が明日9/9(水)の朝10時に発売よ。 同じ10時に木村家 ファミリーコンサート2026の埼玉、松原健之のツアーの北海道も並ぶわ。",https://x.com/oshinavinavi/status/2097289093428432933,172,4,8,0,0,0,0,3,1,0,0,0,0
2097287835187290203,"Tue, Sep 8, 2026","OSHINAVIの""9/9チケット発売""ピックアップ🎫 明日発売のお笑いのまとめよ。 柳家喬太郎の独演会に立川談笑の月例独演会、桂吉弥、そして天満天神繁昌亭と、明日は落語がそろって朝10時に発売よ。 東京の人にも大阪の人にも出番があるわね。",https://x.com/oshinavinavi/status/2097287835187290203,249,2,8,0,0,0,0,0,2,1,3,0,0
2097286577131258316,"Tue, Sep 8, 2026","OSHINAVIの""9/9チケット発売""ピックアップ🎫 明日発売のスポーツのまとめよ。 千葉ロッテマリーンズのZOZOマリン、楽天戦とソフトバンク戦が朝10時に一緒に発売よ。 同じ10時に新日本プロレス、11時にはレイラック滋賀FC対ロアッソ熊本のJ3よ。",https://x.com/oshinavinavi/status/2097286577131258316,1042,1,2,0,0,0,0,0,0,1,0,0,0
2097285318890115121,"Tue, Sep 8, 2026","OSHINAVIの""9/9チケット発売""ピックアップ🎫 明日発売のクラシックのまとめよ。 東京シティ・フィルの定期演奏会が第390回から392回までそろって11時、牧阿佐美バレヱ団の「くるみ割り人形」と前橋汀子は朝10時よ。 来年の予定まで、この日に決まっていくわ。",https://x.com/oshinavinavi/status/2097285318890115121,808,1,3,1,0,0,0,0,2,0,0,0,0
2097284060485984292,"Tue, Sep 8, 2026","OSHINAVIの""9/9チケット発売""ピックアップ🎫 明日発売のJPOPなどの音楽のまとめよ。 モーニング娘。’26に矢野顕子、宇都宮隆と、北海道の11時に大物が並ぶ日なの。 朝10時にはC&amp;Kのツアーが埼玉・栃木・神奈川とそろって明日発売よ。 https://t.co/TPY7Plc9UE",https://x.com/oshinavinavi/status/2097284060485984292,815,1,1,0,0,0,0,0,0,0,0,0,0
2097282801955410337,"Tue, Sep 8, 2026","OSHINAVIの""9/9チケット発売""ピックアップ🎫 宇都宮隆のZepp Sapporo公演、明日9/9(水)の11時に発売よ。 札幌の人はもちろん、飛行機で行くつもりの人も、まずはチケットからよね。 11時は、午前の仕事の合間にそっとスマホを見る時間だわ。",https://x.com/oshinavinavi/status/2097282801955410337,258,1,2,0,0,0,0,0,0,1,0,0,0
2097281543626461195,"Tue, Sep 8, 2026","OSHINAVIの""9/9チケット発売""ピックアップ🎫 矢野顕子の全国ツアー、北海道公演が明日9/9(水)の11時に発売よ。 ツアーはリンクモア平安閣市民ホール、電力ホール、倉敷など各地を回るの。 11時って、朝の用事を片づけてからでも間に合う時間よ。",https://x.com/oshinavinavi/status/2097281543626461195,126,1,1,0,0,0,0,0,0,0,0,0,0
2097280285708521581,"Tue, Sep 8, 2026","OSHINAVIの""9/9チケット発売""ピックアップ🎫 明日はモーニング娘。’26の日よ。 全国ツアーの北海道公演が、明日9/9(水)の11時に発売よ。 ツアーはレクザムホール 大ホールやNHK大阪ホールなど、各地を回る予定なの。 11時なら、お昼休みの前にひと勝負できる時間だわね。",https://x.com/oshinavinavi/status/2097280285708521581,200,1,1,0,0,0,0,0,0,0,0,0,0
2097279027815858595,"Tue, Sep 8, 2026","OSHINAVIの""9/9チケット発売""ピックアップ🎫 ポムポムプリンの話をさせて。 「ポムポムプリンスペシャルライブ in こまつ ～叫ぼう！～」、まだチケットが買えるわよ。 OSHINAVIは、コンサートや舞台のチケット発売日をひとつにまとめた無料のサイトなの。",https://x.com/oshinavinavi/status/2097279027815858595,102,0,1,0,0,0,0,0,1,0,0,0,0
2096943063436505310,"Mon, Sep 7, 2026","OSHINAVIの""9/8チケット発売""ピックアップ🎫 明日発売の講演会と花火、そのほかのイベントのまとめよ。 麻木久仁子の講演会「今を生きることとは」が東京エレクトロンホール宮城で、先行が朝10時に発売よ。 第6回花火甲子園はラグーナビーチが会場で、こちらも先行の枠、同じ朝10時。",https://x.com/oshinavinavi/status/2096943063436505310,910,1,1,0,0,0,0,0,0,0,0,0,0
2096939289288302600,"Mon, Sep 7, 2026","OSHINAVIの""9/8チケット発売""ピックアップ🎫 明日発売の映画の舞台挨拶と上映会のまとめよ。 「メイドインアビス 烈日の黄金郷」の上映記念舞台挨拶がT・ジョイ京都で、朝10時に発売よ。 TVアニメ「バーテックスフォース」の先行上映会はユナイテッド・シネマ豊洲。 「戦場のボヘミアン",https://x.com/oshinavinavi/status/2096939289288302600,1495,2,4,0,0,0,0,0,2,0,0,0,0
2096935514326618617,"Mon, Sep 7, 2026","OSHINAVIの""9/8チケット発売""ピックアップ🎫 明日発売の舞台と歌舞伎のまとめよ。 御園座の錦秋歌舞伎が、朝10時に一般発売よ。 名古屋の秋は御園座で、と決めている人には待っていた日だわね。 ラッパ屋のリーディング公演VOL.5「ココロ町短篇集」は恵比寿のエコー劇場で、こちらも朝10時よ。",https://x.com/oshinavinavi/status/2096935514326618617,991,1,5,0,0,0,0,0,3,1,0,0,0
2096931739281109120,"Mon, Sep 7, 2026","OSHINAVIの""9/8チケット発売""ピックアップ🎫 明日発売のクラシックとバレエのまとめよ。 東京バレエ団のベジャールの「くるみ割り人形」が、新国立劇場のオペラパレスで朝10時に一般発売よ。",https://x.com/oshinavinavi/status/2096931739281109120,1577,3,3,0,0,0,0,0,0,0,0,0,0
2096927963933745285,"Mon, Sep 7, 2026","OSHINAVIの""9/8チケット発売""ピックアップ🎫 明日発売の落語とお笑い、寄席まわりのまとめよ。 立川志の輔と立川生志の兄弟会は博多座で、先行が朝10時に発売よ。 柳家喬太郎の独演会も先行の枠で、こちらは11時。",https://x.com/oshinavinavi/status/2096927963933745285,1513,3,23,0,0,0,0,0,1,14,5,0,0
2096924189290561745,"Mon, Sep 7, 2026","OSHINAVIの""9/8チケット発売""ピックアップ🎫 明日発売のJPOPや歌謡曲、K-POPまで、音楽のまとめよ。 稲垣潤一の長野公演は先行の枠で、お昼12時に発売よ。 島津亜矢の大阪は朝10時から一般発売。 岩崎宏美はクリスマスのディナーショーで、会場は川崎のホテルよ。 KiiiKiiiのZepp",https://x.com/oshinavinavi/status/2096924189290561745,1660,3,9,0,0,0,0,0,2,1,3,0,0
2096920414169829377,"Mon, Sep 7, 2026","OSHINAVIの""9/8チケット発売""ピックアップ🎫 稲垣潤一のコンサート、長野公演の先行が明日9/8(火)のお昼12時に発売よ。 公演日は来年の3月20日。 半年先の春に、もう楽しみをひとつ置いておけるってことだわ。",https://x.com/oshinavinavi/status/2096920414169829377,720,2,6,0,0,0,0,0,4,0,0,0,0
2096916639962779913,"Mon, Sep 7, 2026","OSHINAVIの""締切間近""ピックアップ🎫 ミュージカル『SPY×FAMILY 2 爆弾犬篇＆豪華客船篇』、埼玉のウェスタ川越は明日9/8が締切よ。 9/9〜9/11公演ぶんの一般発売が、明日で受付を閉めるの。 「行けるかどうかは週末に考えよう」だと、そのときにはもう窓が閉まっているわ。",https://x.com/oshinavinavi/status/2096916639962779913,425,1,5,0,0,0,0,0,2,1,1,0,0
2096580675432517658,"Sun, Sep 6, 2026","OSHINAVIの""9/7チケット発売""ピックアップ🎫 明日9/7(月)発売の、その他のイベントのまとめよ。 おかあさんといっしょ ファンターネ!とあそぼの三重公演が、朝10時から発売よ。 須田亜香里の書籍お渡し会は愛知と東京の2会場、こちらも朝10時よ。 14時には「名車",https://x.com/oshinavinavi/status/2096580675432517658,2003,2,10,0,0,0,0,0,1,5,2,0,0
2096576900818997614,"Sun, Sep 6, 2026","OSHINAVIの""9/7チケット発売""ピックアップ🎫 明日9/7(月)発売の、スポーツのまとめよ。 STARDOM in SAGAE 2026 Oct.の山形大会が、お昼12時から発売よ。 朝10時には山口でプロフェッショナル修斗の公式戦、11時には埼玉で東京ヤクルトスワローズのファーム公式戦も発売よ。",https://x.com/oshinavinavi/status/2096576900818997614,899,2,3,0,0,0,0,0,1,0,0,0,0
2096573125672792225,"Sun, Sep 6, 2026","OSHINAVIの""9/7チケット発売""ピックアップ🎫 明日9/7(月)発売の、舞台・ミュージカルのまとめよ。 ミュージカル『SHOWMAN～4番目の影武者』の東京公演、発売は今夜、日付が変わった0時よ。 朗読劇「星の王子さま」と「多聞くん今どっち!?」THE STAGEも同じ0時に発売よ。",https://x.com/oshinavinavi/status/2096573125672792225,541,1,8,0,0,0,0,0,0,5,2,0,0
2096569351633854903,"Sun, Sep 6, 2026","OSHINAVIの""9/7チケット発売""ピックアップ🎫 明日9/7(月)発売の、お笑い・落語などのまとめよ。 夜18時にSMAホープ大賞の決勝の先行、朝10時には七代目三遊亭円楽の独演会の神奈川ぶんが発売よ。 桃月庵白酒の京都は11時からの先行ね。 お笑いも落語も、明日は朝から夜まで発売が散らばってる日だわ。",https://x.com/oshinavinavi/status/2096569351633854903,625,1,11,0,0,0,0,0,0,6,4,0,0
2096565576135283118,"Sun, Sep 6, 2026","OSHINAVIの""9/7チケット発売""ピックアップ🎫 明日9/7(月)発売の、クラシックのまとめよ。 仲道郁代のベートーヴェン、横山幸雄と群馬交響楽団のショパン&amp;ラフマニノフが、朝10時から発売よ。 東京シティ・フィルのニューイヤーコンサート2027は11時からよ。",https://x.com/oshinavinavi/status/2096565576135283118,1181,2,5,0,0,0,0,0,0,3,0,0,0
2096561801492119559,"Sun, Sep 6, 2026","OSHINAVIの""9/7チケット発売""ピックアップ🎫 明日9/7(月)発売の、JPOPやロックなど音楽のまとめよ。 wacciと古内東子の広島公演、先行がお昼12時にそろって発売よ。 WILD BLUEは宮城・福岡・愛知が夜18時だから、仕事帰りでも間に合う時間だわね。",https://x.com/oshinavinavi/status/2096561801492119559,266,2,3,0,0,0,0,0,1,0,0,0,0
2096558026333544896,"Sun, Sep 6, 2026","OSHINAVIの""9/7チケット発売""ピックアップ🎫 山本彩の広島公演、先行の枠が明日9/7(月)のお昼12時から発売よ。 2027年1月23日の公演ぶんで、締切は9/13(日)までよ。 お昼休みにさっと申し込んでおいて。 OSHINAVIは、こういうチケットの発売日と締切を1か所に並べた無料のサイトなの。",https://x.com/oshinavinavi/status/2096558026333544896,198,1,2,0,0,0,0,0,0,1,0,0,0
2096554251631919449,"Sun, Sep 6, 2026","OSHINAVIの""締切間近""ピックアップ🎫 埼玉西武ライオンズのビジターゲーム、締切が近い枠のまとめよ。 いちばん急ぐのは神戸のオリックス戦で、一般発売の締切が明日9/7(月)の23:59までよ。 試合は9/9(水)だから、行くと決めたら明日の夜のうちに済ませておきたいわね。",https://x.com/oshinavinavi/status/2096554251631919449,368,1,2,0,0,0,0,0,0,1,0,0,0
2096217029665538124,"Sat, Sep 5, 2026","OSHINAVIの""9/6チケット発売""ピックアップ🎫 明日発売の残りのイベントをまとめて並べるわね。 プリキュアの全国ツアーと、三四郎・ティモンディ・ぱーてぃーちゃんが来る岡山の学園祭が、明日9/6(日)の朝10時に発売よ。",https://x.com/oshinavinavi/status/2096217029665538124,1555,3,10,0,0,0,0,0,3,3,1,0,0
2096215771793756358,"Sat, Sep 5, 2026","OSHINAVIの""9/6チケット発売""ピックアップ🎫 明日発売のスポーツのまとめよ。 新日本プロレスの神戸大会が、明日9/6(日)の朝10時に発売よ。 東京女子プロレスの東京・愛知・宮城と、RISE202、ガンバレ☆プロレスも同じ朝10時だわ。",https://x.com/oshinavinavi/status/2096215771793756358,533,0,0,0,0,0,0,0,0,0,0,0,0
2096214513351557292,"Sat, Sep 5, 2026","OSHINAVIの""9/6チケット発売""ピックアップ🎫 明日発売の演劇のまとめよ。 『聖地X』の東京と、『ノッキンオン・ロックドドア THE STAGE』の東京・大阪が、明日9/6(日)の朝10時に発売よ。 梅沢富美男と研ナオコの「夢芝居 2026」静岡も同じ朝、『エレクトラ』は11時から先行の枠だわ。",https://x.com/oshinavinavi/status/2096214513351557292,463,0,0,0,0,0,0,0,0,0,0,0,0
2096213254410571956,"Sat, Sep 5, 2026","OSHINAVIの""9/6チケット発売""ピックアップ🎫 明日発売のミュージカルのまとめよ。 劇団四季「オペラ座の怪人」名古屋公演の1月・2月・3月分が、明日9/6(日)の朝10時に発売よ。 ミュージカル「拝啓 ナイチンゲール様」の岡山と東京も同じ朝10時だわ。",https://x.com/oshinavinavi/status/2096213254410571956,444,0,2,0,0,0,0,0,0,1,1,0,0
2096211996048011579,"Sat, Sep 5, 2026","OSHINAVIの""9/6チケット発売""ピックアップ🎫 明日発売のジャズのまとめよ。 小曽根真と大西順子、北村英治、類家心平、広瀬未来にアロージャズオーケストラが名を連ねる兵庫の公演が、明日9/6(日)の朝10時に発売よ。",https://x.com/oshinavinavi/status/2096211996048011579,467,0,7,0,0,0,0,0,2,4,1,0,0
2096210738117480761,"Sat, Sep 5, 2026","OSHINAVIの""9/6チケット発売""ピックアップ🎫 明日発売のお笑いと落語のまとめよ。 東京ポッド許可局の「2026 秋の祭典 板橋大山大会」が、明日9/6(日)のお昼12時に発売よ。 かが屋の賀屋先生の漫画お渡しイベントと、よしもとのひたちおおみやライブは朝10時からだわ。",https://x.com/oshinavinavi/status/2096210738117480761,1891,0,14,1,0,0,0,0,4,6,4,0,0
2096209479826321679,"Sat, Sep 5, 2026","OSHINAVIの""9/6チケット発売""ピックアップ🎫 明日発売のJ-POPのまとめよ。 ゴスペラーズと角松敏生の全国ツアーが、明日9/6(日)の朝10時に発売よ。 矢野顕子の全国ツアーは先行の枠、小柳ゆきは12時からで、日曜のお昼ごはんの前に買える時間だわね。",https://x.com/oshinavinavi/status/2096209479826321679,2035,0,20,0,0,0,0,0,19,1,0,0,0
2096208221794902128,"Sat, Sep 5, 2026","OSHINAVIの""9/6チケット発売""ピックアップ🎫 明日発売のクラシックのまとめよ。 N響の「第9」と創立100年記念のニューイヤーコンサートが、明日9/6(日)の朝10時に発売よ。 東京フィルの「第九」も同じ朝に先行の枠が出るから、年末の予定はこの日曜で決められそうだわね。",https://x.com/oshinavinavi/status/2096208221794902128,3670,0,10,0,0,0,0,0,7,2,1,0,0
2096206963302715649,"Sat, Sep 5, 2026","OSHINAVIの""9/6チケット発売""ピックアップ🎫 新日本プロレスの後楽園ホール、明日が発売日よ。 10/6(火)と10/7(水)の東京2公演の一般販売が、明日9/6(日)の朝10時から発売よ。 OSHINAVIは、こういうチケットの発売日を集めて日付順に並べてある無料のサイトなの。",https://x.com/oshinavinavi/status/2096206963302715649,126,0,0,0,0,0,0,0,0,0,0,0,0
2095852126400303581,"Fri, Sep 4, 2026","OSHINAVIの""9/5チケット発売""ピックアップ🎫 WEEZERの愛知公演と、IRENE &amp; SEULGIの広島・愛知が明日9/5(土)の朝10時に発売よ。 明日発売の洋楽・演歌・ジャズなどの音楽のまとめだわ。",https://x.com/oshinavinavi/status/2095852126400303581,3320,2,20,1,0,0,0,1,3,10,4,0,0
2095848351736455332,"Fri, Sep 4, 2026","OSHINAVIの""9/5チケット発売""ピックアップ🎫 バレーボール男子日本代表の日本対カタール、岩手大会が明日9/5(土)の朝10時に発売よ。 明日発売のスポーツとおでかけのイベントのまとめだわ。",https://x.com/oshinavinavi/status/2095848351736455332,7039,1,15,1,0,0,0,0,7,6,1,0,0
2095844575948759075,"Fri, Sep 4, 2026","OSHINAVIの""9/5チケット発売""ピックアップ🎫 劇団四季「リトルマーメイド」と、ミュージカル『メイビー、ハッピーエンディング』が明日9/5(土)発売よ。 明日発売の舞台・ミュージカルのイベントのまとめだわ。",https://x.com/oshinavinavi/status/2095844575948759075,3259,0,1,0,0,0,0,0,1,0,0,0,0
2095840800751931874,"Fri, Sep 4, 2026","OSHINAVIの""9/5チケット発売""ピックアップ🎫 ハナコの第10回単独公演も、春風亭一之輔の独演会も、明日9/5(土)の朝10時に発売よ。 明日発売のお笑い・落語のイベントのまとめだわ。",https://x.com/oshinavinavi/status/2095840800751931874,4798,0,12,0,0,0,0,0,7,4,1,0,0
2095837025958342852,"Fri, Sep 4, 2026","OSHINAVIの""9/5チケット発売""ピックアップ🎫 明日発売のクラシックのまとめよ。",https://x.com/oshinavinavi/status/2095837025958342852,3956,0,6,0,0,0,0,0,4,2,0,0,0
2095833251499667961,"Fri, Sep 4, 2026","OSHINAVIの""9/5チケット発売""ピックアップ🎫 明日発売のJPOPなどの音楽のまとめよ。 LiSAにMISIA、松任谷由実、吉川晃司、森高千里、Little Glee Monster、それにモーニング娘。’26とアンジュルムまで、明日9/5(土)は名前を追うだけで手が止まる一日だわ。",https://x.com/oshinavinavi/status/2095833251499667961,7663,1,29,0,0,0,0,0,16,11,1,0,0
2095829476571586576,"Fri, Sep 4, 2026","OSHINAVIの""9/5チケット発売""ピックアップ🎫 LiSAの福岡公演、一般発売は明日9/5(土)の朝10時よ。 全国ツアーのうち、明日発売になるのは11/1の福岡公演の一般発売、この1枠だけなの。 土曜の朝10時、コーヒーを片手に画面の前にいれば間に合う時間だわ。",https://x.com/oshinavinavi/status/2095829476571586576,116,0,1,0,0,0,0,0,0,0,1,0,0
2095482188187812001,"Thu, Sep 3, 2026","OSHINAVIの""9/4チケット発売""ピックアップ🎫 明日発売の舞台やスポーツ、展示などのまとめよ。 OSHINAVIは、舞台も試合も展示も、チケットの発売日をひとまとめにして眺められる無料のサイトよ。",https://x.com/oshinavinavi/status/2095482188187812001,6410,0,8,0,0,0,0,0,5,2,1,0,0
2095478412647547341,"Thu, Sep 3, 2026","OSHINAVIの""9/4チケット発売""ピックアップ🎫 明日発売のお笑い・落語のまとめよ。 OSHINAVIは、あちこちの売り場に散らばっているチケット発売日をひとつに集めて、日付順に見せているサイトなの。 登録もお金も要らないし、名前を押せばそのまま売り場へひとっ飛びよ。",https://x.com/oshinavinavi/status/2095478412647547341,3332,1,12,0,0,0,0,0,4,6,1,0,0
2095474637891153966,"Thu, Sep 3, 2026","OSHINAVIの""9/4チケット発売""ピックアップ🎫 明日発売のJPOPなどの音楽のまとめよ。 この投稿を見つけたあなたはラッキーよ。 明日発売のチケット情報がひとめでわかるわ。 https://t.co/E4Kk2l6U18をのぞいてみて、チケット売り場まで案内するわ。",https://x.com/oshinavinavi/status/2095474637891153966,2496,1,7,0,0,0,0,0,4,1,1,0,0
2095470863021666767,"Thu, Sep 3, 2026","OSHINAVIの""9/4チケット発売""ピックアップ🎫 明日発売のクラシックのまとめよ。 OSHINAVIはこういうチケット発売日をまとめて、わかりやすく並べてる無料サイトなの。 売り場まで直行できるし、情報が多いから、きっとあなたの推しもいるはずよ。 覗きに行ってみてhttps://t.co/E4Kk2l6U18ここよ。",https://x.com/oshinavinavi/status/2095470863021666767,4161,0,17,1,0,1,0,0,10,2,4,0,0
2095467088270049456,"Thu, Sep 3, 2026","OSHINAVIの""9/4チケット発売""ピックアップ🎫 ガールズバンドクライのSpecial LIVE""赤色の響祭""、先行の受付が明日9/4(金)の18時に発売よ。 公演は11/3(火・祝)、会場はぴあアリーナMM(神奈川)。 金曜の18時、週末がはじまる時間に受付スタートなのよ。",https://x.com/oshinavinavi/status/2095467088270049456,138,0,1,0,0,0,0,0,0,1,0,0,0
2095119800657727836,"Wed, Sep 2, 2026","OSHINAVIの""9/3チケット発売""ピックアップ🎫 明日発売の、スポーツ、おでかけのチケットまとめよ。 プロ野球ファーム日本選手権に、レノファ山口のJ3が2試合。 神宮外苑の創建百年を記念する奉納試合なんて、名前だけで特別なのが伝わるでしょ。 【9/3(木)発売】 10:00 2026年",https://x.com/oshinavinavi/status/2095119800657727836,2957,0,1,0,0,0,0,0,0,1,0,0,0
2095116024723255561,"Wed, Sep 2, 2026","OSHINAVIの""9/3チケット発売""ピックアップ🎫 明日発売の、お笑い・エンタメチケットのまとめよ。 桂文珍の独演に、白鳥・彦いち・白酒の三人会。 寄席好きの血が騒ぐ顔ぶれが、朝10時に一斉スタートなのよ。 ヒコロヒーの単独公演「燃える家」は夜18時で、こちらは先行よ。 【9/3(木)発売】 10:00",https://x.com/oshinavinavi/status/2095116024723255561,4328,0,10,0,0,0,0,0,3,6,1,0,0
2095112250193588607,"Wed, Sep 2, 2026","OSHINAVIの""9/3チケット発売""ピックアップ🎫 明日発売のクラシックのまとめよ。 新日本フィルハーモニー交響楽団の先行が、定期演奏会から特別演奏会まで一気に解禁されるの。 聴きたい夜をまとめて選べる朝なんて、そうそう無いわよ。 東京バレエ団の「くるみ割り人形」仙台公演も同じ10時よ。",https://x.com/oshinavinavi/status/2095112250193588607,961,0,9,0,0,0,0,0,1,7,1,0,0
2095108475089010695,"Wed, Sep 2, 2026","OSHINAVIの""9/3チケット発売""ピックアップ🎫 明日発売の音楽チケットのまとめ、いくわよ。 加藤登紀子、小椋佳、福田こうへい。 大物の名前がこれだけ同じ朝に重なるのは、ちょっとした事件だわ。 中村佳穂は大阪・東京・神奈川の3か所まとめて動くわよ。 【9/3(木)発売】 10:00 MON7A／東京 10:00",https://x.com/oshinavinavi/status/2095108475089010695,2027,0,8,0,0,0,0,0,3,5,0,0,0
2095104700312109495,"Wed, Sep 2, 2026","OSHINAVIの""9/3チケット発売""ピックアップ🎫 ヒコロヒーの単独公演、明日9/3(木)の18時に先行の受付が始まるわよ。 第14回単独公演「燃える家」、公演は11/1(日)、東京の飛行船シアターよ。 仕事帰りの電車の中でも買える時間だわね。 【9/3(木)発売】 18:00",https://x.com/oshinavinavi/status/2095104700312109495,104,0,1,0,0,0,0,0,1,0,0,0,0
2094757411953541295,"Tue, Sep 1, 2026","OSHINAVIの""9/2発売""ピックアップ🎫 明日が発売日のチケット、スポーツのまとめよ。 明日9/2(水)の朝10時、格闘技とプロレスが口火を切るわ。 観戦の計画はhttps://t.co/E4Kk2l7rQGで組み立てられるようにしてあるのよ。 【9/2(水)発売】 10:00 MAROOMS presents KNOCK OUT.69／東京 10:00 ONE",https://x.com/oshinavinavi/status/2094757411953541295,2705,0,4,0,0,0,0,0,3,0,0,1,0
2094753636727333276,"Tue, Sep 1, 2026","OSHINAVIの""9/2発売""ピックアップ🎫 明日発売のお笑い・寄席・高座のまとめよ。 明日9/2(水)の朝10時、桂ざこば三回忌追善の米朝一門会が奈良で動き出すのよ。 木曜と金曜には文珍、白酒、喬太郎と、聞き逃せない名前が次々に並ぶの。",https://x.com/oshinavinavi/status/2094753636727333276,1076,1,14,0,0,0,0,0,2,5,6,0,0
2094749862466146715,"Tue, Sep 1, 2026","OSHINAVIの""9/2発売""ピックアップ🎫 明日発売の舞台や上映のまとめよ。 舞台「呪術廻戦」-渋谷事変前編-の先行は、明日9/2(水)のお昼に大阪と東京のチケットが発売よ。 実写映画『ルックバック』の舞台挨拶は9/2と9/4の二度あるから、腰を据えて狙えるわ。",https://x.com/oshinavinavi/status/2094749862466146715,1546,0,5,0,0,0,0,0,4,1,0,0,0
2094746783096480255,"Tue, Sep 1, 2026","OSHINAVIの""9/2発売""ピックアップ🎫 年の瀬の第九から元日のニューイヤー・コンサートまで、冬の演奏会の席がこの3日で動き出すのよ。 口開けは明日9/2(水)、バッハ・コレギウム・ジャパンやフォーレ四重奏団が並ぶ朝なの。",https://x.com/oshinavinavi/status/2094746783096480255,1466,0,2,0,0,0,0,0,1,0,1,0,0
2094742312614347098,"Tue, Sep 1, 2026","OSHINAVIの""9/2発売""ピックアップ🎫 マツケンサンバが2027年も帰ってくるのよ。 松平健のコンサート、京都・大阪・兵庫の一般販売が明日9/2(水)の朝10時にまとめて朝10時から発売よ。 矢野顕子に加藤登紀子、さだまさしと、この3日間は大物の名前が続々発売予定よ。",https://x.com/oshinavinavi/status/2094742312614347098,2243,4,12,0,0,0,0,1,0,5,2,0,0
2094412081827385424,"Mon, Aug 31, 2026","OSHINAVIの""9/1発売""ピックアップ🎫 明日9/1(火)の残りのイベント、OSHINAVIに載ってるぶんを出すわよ。 発売時刻と名前と県を並べたから、推しの名前を探してみてちょうだい。 くわしい売り場はhttps://t.co/E4Kk2l7rQGで売り場まで行けるようにしてあるわ。 【演劇】 10:00",https://x.com/oshinavinavi/status/2094412081827385424,5357,3,27,0,0,0,0,0,11,4,6,3,0
2094407494764576946,"Mon, Aug 31, 2026","OSHINAVIの""9/1発売""ピックアップ🎫 明日9/1(火)は、寄席も単独ライブも動くわよ。 発売時刻と名前と県を並べたから、推しの高座があるか探してみてちょうだい。 くわしい売り場はhttps://t.co/E4Kk2l7rQGで開けるようにしてあるわ。 【お笑い】 00:00 岸和田 F.YAZAWA／大阪 10:00 大須演芸場",https://x.com/oshinavinavi/status/2094407494764576946,1213,1,5,0,0,0,0,0,0,3,1,0,0
2094404997689806933,"Mon, Aug 31, 2026","OSHINAVIの""9/1発売""ピックアップ🎫 明日9/1(火)のJ-POPは、朝10時と11時の二段構えよ。 発売時刻と名前と県を並べたから、推しの名前を探してみてちょうだい。 くわしい売り場はhttps://t.co/E4Kk2l7rQGで売り場まで行けるようにしてあるわ。 【J-POP】 10:00 PUFFY／京都 10:00 堀内孝雄／京都",https://x.com/oshinavinavi/status/2094404997689806933,1438,3,22,1,0,0,0,1,10,5,3,0,0
2094401758802096628,"Mon, Aug 31, 2026","OSHINAVIの""9/1発売""ピックアップ🎫 明日9/1(火)は、スポーツが朝から夕方まで途切れないわよ。 発売時刻と名前と県を並べたから、観たい試合があるか探してみてちょうだい。 くわしい売り場はhttps://t.co/E4Kk2l7rQGでるようにしてあるわ。 【スポーツ】 10:00",https://x.com/oshinavinavi/status/2094401758802096628,2175,1,6,0,0,0,0,0,2,3,0,0,0
2094399180055949730,"Mon, Aug 31, 2026","OSHINAVIの""9/1発売""ピックアップ🎫 9月のはじまりは、クラシックからよ。 明日9/1(火)は、朝10時にいっせいに受付が開くの。 ジャンル別に発売時刻と名前と県を並べたから、推しの名前を探してみてちょうだい。 くわしい売り場はhttps://t.co/E4Kk2l7rQGで開けるようにしてあるわ。",https://x.com/oshinavinavi/status/2094399180055949730,3228,1,7,0,0,0,0,1,2,3,0,0,0
2094396290583200010,"Mon, Aug 31, 2026","OSHINAVIの""いま買える""ピックアップ🎫 しまじろうのコンサート、まだ席があるのよ。 全国12会場をまわるツアーで、9つの県はいま一般発売中だわ。 【しまじろうコンサート】 発売中 埼玉・千葉・東京・神奈川・愛知・大阪・兵庫・岡山・福岡（〜12/27 17:00） 発売中 宮崎（〜10/23 23:59） 発売中",https://x.com/oshinavinavi/status/2094396290583200010,364,1,6,0,0,0,0,0,1,3,1,0,0
2094036410651271187,"Sun, Aug 30, 2026","OSHINAVIの""締切間近""ピックアップ🎫 遠征の応援って特別なのよね。 相手の本拠地に乗り込んで、ライオンズのユニフォームで声を張るあの高揚感。 今日は埼玉西武ライオンズのビジターゲーム、締切が近いチケットの話よ。 日付だけでも見ていってちょうだい。",https://x.com/oshinavinavi/status/2094036410651271187,500,1,2,0,0,0,0,0,1,0,0,0,0
2094032636729561235,"Sun, Aug 30, 2026","OSHINAVIの""8/31発売""ピックアップ🎫 8月の最終日は月曜なのに、発売がどっと押し寄せるのよ。 ジャンルの見出しから推しの居場所を探して、時刻の欄まで読み切ってちょうだい。 真夜中の0時に始まる枠から、お昼の12時開始まで幅があるの。",https://x.com/oshinavinavi/status/2094032636729561235,5781,1,18,0,0,0,0,0,10,4,2,1,0
2094028860988002397,"Sun, Aug 30, 2026","OSHINAVIの""8/31発売""ピックアップ🎫 10月の金沢って、それだけで出かける理由になるじゃない。 そこに水曜日のカンパネラのライブが重なるの。 10/24(土)、金沢歌劇座よ。 一般発売は明日8/31(月)10:00に始まるわ。 一般発売だから、条件は何もなし、誰でも狙える枠なの。 https://t.co/Sz6CpQvk1a",https://x.com/oshinavinavi/status/2094028860988002397,150,1,1,0,0,0,0,0,0,0,0,0,0
2094025086130946150,"Sun, Aug 30, 2026","OSHINAVIの""8/31発売""ピックアップ🎫 秋のカレンダーに赤丸をふたつ、付ける準備はいいかしら。 STARDOMの10月が、明日8/31(月)12:00にまとめて動き出すのよ。 宇都宮と後楽園、発売は同じ時刻。 月曜は昼休みが勝負よ。 「Path of Thunder 2026」は10/18(日)、ライトキューブ宇都宮よ。 「NIGHTER https://t.co/tteh7JKRMr",https://x.com/oshinavinavi/status/2094025086130946150,82,1,3,0,0,0,0,0,0,0,0,0,0
2094021311161053596,"Sun, Aug 30, 2026","OSHINAVIの""8/31発売""ピックアップ🎫 元日にオペラ座の緞帳が上がるのよ、名古屋で。 劇団四季「オペラ座の怪人」、2027年の幕開けはMTG名古屋四季劇場。 その席をめぐる動きが、明日8/31(月)から始まるの。 公演は2027年1/1〜1/31、2/5〜2/28、3/3〜3/31の三期に分かれてるわ。 https://t.co/QS6MeX5AfU",https://x.com/oshinavinavi/status/2094021311161053596,429,1,5,0,0,0,0,0,0,0,0,0,0
2094017537033875660,"Sun, Aug 30, 2026","OSHINAVIの""8/31発売""ピックアップ🎫 「舞台挨拶付き」の一言で、心拍数が上がる子は多いでしょ。 『薬屋のひとりごと』第3期の先行上映会に、その言葉が付いてるの。 受付は明日8/31(月)の12:00開始よ。 上映会は9/27(日)、場所はTOHOシネマズ六本木ヒルズ。 https://t.co/qImClEijan",https://x.com/oshinavinavi/status/2094017537033875660,387,1,11,0,0,0,0,0,0,2,6,0,0
2093674022890619196,"Sat, Aug 29, 2026","OSHINAVIの""8/30発売""ピックアップ🎫 明日8/30の日曜は、お笑いもスポーツも花火もアートもいっせいに発売が動くのよ。 会場の熱気ごと楽しむジャンルを、ここにまとめて並べたわ。 朝9時から午後まで発売時刻がばらけてるから、時刻の欄までしっかり読んでね。",https://x.com/oshinavinavi/status/2093674022890619196,1988,1,4,0,0,0,0,0,1,2,0,0,0
2093672764985012693,"Sat, Aug 29, 2026","OSHINAVIの""8/30発売""ピックアップ🎫 日曜の朝がこんなに騒がしくなるなんて、めったにないことよ。 明日8/30は、まず音楽・演劇・ミュージカル・クラシックの発売がいっせいに動くの。 ジャンル別に発売時刻と名前と県を並べたから、推しの名前を探してみて。",https://x.com/oshinavinavi/status/2093672764985012693,5881,2,27,2,0,0,0,1,6,10,7,1,0
2093671506337222907,"Sat, Aug 29, 2026","OSHINAVIの""8/30発売""ピックアップ🎫 「一度は会場で観てみたい」って、思ってるだけになってない？ その「いつか」に日付を入れるチャンスが、明日やって来るのよ。 東京女子プロレスの話だわ。 東京11/1公演の一般発売、ゴングは明日8/30(日)10:00なの。",https://x.com/oshinavinavi/status/2093671506337222907,22,0,0,0,0,0,0,0,0,0,0,0,0
2093670248436351097,"Sat, Aug 29, 2026","OSHINAVIの""8/30発売""ピックアップ🎫 3つの街で、3つの夜。 同じ日にぜんぶ動き出すなんて、なかなかない眺めでしょ。 THE PREDATORSの一般発売、明日8/30(日)10:00に3公演同時スタートよ。 どの街で会うか、今夜のうちに決めておくの。 愛知9/28はダイアモンドホール。 大阪9/29はなんばHatch。",https://x.com/oshinavinavi/status/2093670248436351097,138,1,2,0,0,0,0,0,0,0,1,0,0
2093668989712887854,"Sat, Aug 29, 2026","OSHINAVIの""8/30発売""ピックアップ🎫 冬の北海道で聴く歌って、どうしてあんなに沁みるのかしらね。 想像しただけで手帳を開きたくなったわ。 竹原ピストルの話よ。 北海道12/17公演の3次プレリザーブ、受付開始は明日8/30(日)11:00なの。 締切は9/8よ。",https://x.com/oshinavinavi/status/2093668989712887854,125,1,2,0,0,0,0,0,0,1,0,0,0
2093667731233190392,"Sat, Aug 29, 2026","OSHINAVIの""8/30発売""ピックアップ🎫 「気づいたら発売日が過ぎてた」って、推し活でいちばん悲しいやつよね。 あの悔しさだけは、何度味わっても慣れないの。 だからあたし、前の日に叫んでおくことにしてるのよ。 アンジュルム、明日だわ。 https://t.co/w9Awztsq7W",https://x.com/oshinavinavi/status/2093667731233190392,285,1,5,0,0,0,0,0,0,0,0,0,0
2093315410422857920,"Fri, Aug 28, 2026",年末の「第九」、明日8/29(土)の朝10時にいっせいに動き出すわよ。 新日本フィルだけで5本、仙台フィルに読響にN響、バレエの「くるみ割り人形」まで並ぶの。 ホール名も席種も締切も、そのまま買える売り場への行き方も、ここに置いてあるわ。 https://t.co/E4Kk2l7rQG,https://x.com/oshinavinavi/status/2093315410422857920,2205,1,15,0,0,0,0,0,1,6,7,0,0
2093307861472587865,"Fri, Aug 28, 2026",明日の朝10時、あなたの推しの名前がこの中にあるかもしれないわよ。 8/29(土)に発売が始まるJ-POPとロックを、ぜんぶ並べたの。 ドームを埋める大所帯から、フロアで揉みくちゃになる箱まで、同じ10時に横並びよ。 会場も席種も締切も、買える売り場への行き方も、ぜんぶこっちに置いてあるわ。,https://x.com/oshinavinavi/status/2093307861472587865,10998,7,61,2,1,0,0,0,21,23,10,0,0
2093304085231611965,"Fri, Aug 28, 2026",ドームでEXILEに会える日が、近づいてきたわよ。 明日8/29(土)10:00、ドームツアー3公演の一般発売が幕を開けるの。 埼玉は11/14と11/15、ベルーナドームの2日間。 大阪は12/6、京セラドーム大阪よ。 しかもこの12/6は、ツアー最終公演の日。,https://x.com/oshinavinavi/status/2093304085231611965,298,1,4,0,0,0,0,0,0,2,1,0,0
2093300310651387912,"Fri, Aug 28, 2026",凛として時雨のツアー、待ってた子は正直に手を挙げなさい。 明日8/29(土)10:00、3公演の一般発売が動き出すわよ。 愛知は9/29、Zepp Nagoya。 東京は10/1、Zepp Haneda(TOKYO)。 大阪は10/7よ。 Zeppの距離感で観られるって、考えただけで胸がざわつくでしょ。,https://x.com/oshinavinavi/status/2093300310651387912,280,2,4,0,0,0,0,0,0,2,0,0,0
2093296535522115644,"Fri, Aug 28, 2026",北は北海道から南は沖縄まで、って言葉があるでしょ。 打首獄門同好会の全国ツアー、それを本当にやるのよ。 しかも明日8/29(土)10:00、全公演の一般発売がいっせいに始まるわ。 口火を切るのは9/24の東京。 10月は沖縄（10/3・10/4）から大阪、石川、北海道、福岡へ。,https://x.com/oshinavinavi/status/2093296535522115644,375,2,2,0,0,0,0,0,0,0,0,0,0
2093292761759760602,"Fri, Aug 28, 2026",明日8/29(土)の朝10時、スマホを握って待ってなさい。 モーニング娘。'26の全国ツアー、3公演の一般発売が始まるのよ。 大阪は9/21、NHK大阪ホール。 愛知は9/23。 茨城は9/26、水戸市民会館グロービスホールよ。 秋の始まりに推しに会える予定が入るって、それだけで9月を頑張れるでしょ。,https://x.com/oshinavinavi/status/2093292761759760602,649,0,3,1,0,0,0,0,3,0,0,0,0
2092953022221709703,"Thu, Aug 27, 2026",クラシック、明日は発売ラッシュよ。 8月28日(金)10:00、一般発売が始まるの。 推しの名前を探してちょうだい。 ・京都市交響楽団（京都 11月21日） ・みんなのアニソン・オーケストラ!（岡山 11月20日） ・世界のMIDORI 再び七尾へ!! 能登復興支援事業 オーケストラ・アンサンブル金沢,https://x.com/oshinavinavi/status/2092953022221709703,2517,2,9,0,0,0,0,0,2,4,0,1,0
2092949247075520537,"Thu, Aug 27, 2026",DRUM TAOが福島に来るのよ。 明日8月28日(金)10:00、11月1日の南相馬市民文化会館 大ホール公演の一般発売が始まるわ。 体の芯まで響くあの音は、会場でしか味わえないのよ。 配信でも動画でもなく、その場の空気ごと揺れる体験。 一度知ったら忘れられないんだから。,https://x.com/oshinavinavi/status/2092949247075520537,530,1,3,0,0,0,0,0,1,1,0,0,0
2092945473082679672,"Thu, Aug 27, 2026",岩崎宏美の歌声を、生で浴びられるのよ。 明日8月28日(金)10:00、東京公演の一般発売が始まるわ。 11月28日、J:COMホール八王子よ。 あの声は、スピーカー越しじゃもったいないの。 同じ空気の中で聴いてこそ、本当の凄みが分かるんだから。 八王子まで行く価値、あるわ。,https://x.com/oshinavinavi/status/2092945473082679672,315,1,2,0,0,0,0,0,0,1,0,0,0
2092941697302790452,"Thu, Aug 27, 2026",年末はマツケンで締めるのよ。 明日8月28日(金)10:00、松平健「マツケンサンバコンサート2026」の一般発売が始まるわ。 対象は茨城と栃木の2公演。 12月19日ザ・ヒロサワ・シティ会館 大ホール、12月20日小山市立文化センター 大ホールよ。 しかも12月20日の栃木はツアーの締めくくり。,https://x.com/oshinavinavi/status/2092941697302790452,4532,58,237,16,5,0,0,13,31,50,76,9,0
2092937922505048207,"Thu, Aug 27, 2026",LiSAの北海道公演、まだ道が残ってるのよ。 明日8月28日(金)11:00から、4次プレリザーブの受付が始まるわ。 プレリザーブはぴあの会員向け抽選先行よ。 対象は北海道の3日間だけ。 11月13日〜15日、帯広市民文化ホール 大ホールと札幌文化芸術劇場hitaruよ。 締切は9月1日。,https://x.com/oshinavinavi/status/2092937922505048207,409,2,7,0,0,0,0,0,2,3,0,0,0
2092571759790723075,"Wed, Aug 26, 2026",寄席の笑い声も、ライブハウスの熱気も、夜空に上がる花火の音も、生でしか味わえないものばかりよね。 明日8月27日(木)に発売が始まる公演を、ジャンルごとに時間順で並べておくわ。 お目当てを探すもよし、思いがけない名前と出会うもよし、一覧ってそういう楽しみ方をするものなのよ。,https://x.com/oshinavinavi/status/2092571759790723075,857,3,5,0,0,0,0,0,1,1,0,0,0
2092567985739481330,"Wed, Aug 26, 2026",クラシックの発売日って、静かに来て静かに終わるのよね。 派手なカウントダウンもトレンド入りもないまま、気づいたら締め切られてるの。 だから明日8月27日(木)に発売が始まる公演、名前をそのまま並べておくわ。 あなたの狙ってる名前があるか、ゆっくり探してちょうだい。,https://x.com/oshinavinavi/status/2092567985739481330,1004,1,5,1,0,0,0,0,1,3,0,0,0
2092564209905111433,"Wed, Aug 26, 2026",ホールの天井まで突き抜けていくソプラニスタの歌声って、聴いた人の背筋をまっすぐにさせる力があるのよ。 ソプラニスタ・岡本知高の全国ツアー、明日8月27日(木)の朝10時から一般発売が始まるわよ。 今回の対象は、三重の11月1日公演。,https://x.com/oshinavinavi/status/2092564209905111433,70,1,3,0,0,0,0,0,0,1,1,0,0
2092560435182543235,"Wed, Aug 26, 2026",ミラーボールの下で聴く昭和歌謡って、想像しただけで体が揺れるでしょ。 「パパイヤ鈴木の踊る昭和歌謡☆ディスコパラダイス!」、会場は東京のLINE CUBE SHIBUYAで、公演は11月4日よ。 明日8月27日(木)の18時から、先着のプリセールが始まるの。,https://x.com/oshinavinavi/status/2092560435182543235,70,1,1,0,0,0,0,0,0,0,0,0,0
2092556660480802997,"Wed, Aug 26, 2026",ライブハウスの距離感って、一度知ったら戻れないのよね。 ステージと客席が近くて、息づかいまで届くあの感じ。 Hi-Fi Un!cornの一般発売が、明日8月27日(木)の夜19時に始まるわよ。 朝じゃなくて夜の7時、ここだけは間違えないでちょうだい。,https://x.com/oshinavinavi/status/2092556660480802997,169,1,2,0,0,0,0,0,1,0,0,0,0
2092552885720731904,"Wed, Aug 26, 2026",ねえ、推しの歌声を生で浴びたのって、いつが最後かしら。 配信や音源もいいけど、会場で聴く演歌は空気の震え方が違うのよ。 徳永ゆうきの全国ツアー、明日8月27日(木)の朝10時から一般発売が始まるわ。 今回買えるのは、静岡の11月5日公演と、埼玉・千葉で11月1日から20日にかけての公演よ。,https://x.com/oshinavinavi/status/2092552885720731904,62,1,5,0,0,0,0,0,2,1,1,0,0
2092243345951400235,"Tue, Aug 25, 2026",明日8/26(水)は、落語がいくつも重なる日よ。 志の輔・生志の兄弟会が博多座、繁昌亭は大阪、柳亭こみちは東京。 そこへ歌舞伎もだんじりもプロレスも花火も乗ってくるの。 10時は指が忙しいわよ、覚悟してちょうだい。 【落語・お笑い】 10:00 『立川志の輔・立川生志 兄弟会』／福岡 10:00,https://x.com/oshinavinavi/status/2092243345951400235,1767,1,10,0,0,0,0,0,3,4,2,0,0
2092239571018768736,"Tue, Aug 25, 2026",明日8/26(水)の音楽は、10時にいっせいに開くわよ。 クラシックがずらりと並ぶ日だわ。 そこへジャズも演歌もディナーショーも重なる日だわ。 北は札幌から南は徳島まで散らばってるから、自分の街のを見落とさないでちょうだい。 【クラシック】 10:00 リニアクラシックコンサート2026 in,https://x.com/oshinavinavi/status/2092239571018768736,1647,2,4,0,0,0,0,0,2,0,0,0,0
2092235796451295311,"Tue, Aug 25, 2026",これは大ニュースよ。 「東京ホラー特区!!2026」、明日8/26(水)11:00から一般発売が始まるわ。 9/11(金)〜9/13(日) 東京ドームシティ プリズムホール。 出るのはリンダ・ハミルトンとエドワード・ファーロングの「撮影会」と「サイン or セルフィー会」。 2人一緒の撮影会もあるの。,https://x.com/oshinavinavi/status/2092235796451295311,399,2,10,0,0,0,0,0,2,2,2,2,0
2092232021221265760,"Tue, Aug 25, 2026",宇都宮隆さんを待ってたあなた、明日の11時よ。 8/26(水)11:00から、10/17(土) Zepp Sapporo（北海道）公演の2次受付が始まるわ。 誰でも申し込めるわよ。 お昼前にスマホを握って、11時に動けるよう準備を済ませておいてね。 この日を待ってた人、多いんじゃないかしら。,https://x.com/oshinavinavi/status/2092232021221265760,153,1,4,0,0,0,0,0,0,1,2,0,0
2092228246305914932,"Tue, Aug 25, 2026",秋の京都で落語よ、聞いてちょうだい。 「春風亭一之輔×桂二葉 二人会2026」、明日8/26(水)の10:00から一般発売が始まるわ。 公演は10/23(金)、京都芸術劇場 春秋座（京都芸術大学内）。 演芸写真家・橘蓮二さんプロデュースの二人会よ。 あたし、この顔合わせは見逃せないと思うの。,https://x.com/oshinavinavi/status/2092228246305914932,580,1,25,0,0,0,0,0,3,8,12,1,0
2092224471633649879,"Tue, Aug 25, 2026",明日の朝は早起き案件よ、松本山雅サポのみんな。 8/26(水)朝8:00から、チケットぴあで一般販売が始まるわ。 9/9(水) ルヴァンカップ1stラウンド1回戦 vs 湘南ベルマーレ 9/13(日) 明治安田J3リーグ vs SC相模原 どっちも会場はサンプロ アルウィン（長野）よ。 いい？発売は朝の8時なのよ。,https://x.com/oshinavinavi/status/2092224471633649879,484,0,0,0,0,0,0,0,0,0,0,0,0
2091873408640496023,"Mon, Aug 24, 2026",【明日8/25(火) 10:00発売】 落語・演芸の6本、ここで出し切るわよ。 ・天満天神繁昌亭 10/25(大阪) ・ザ・ニュースペーパー 11/28(東京) ・松柳亭鶴枝独演会 12/8 大須演芸場(愛知) ・紀尾井らくご 柳家三三独演会 来年1/17 紀尾井小ホール(東京) ・柳家三三 平日昼の独演会 来年2/22,https://x.com/oshinavinavi/status/2091873408640496023,237,0,4,0,0,0,0,0,3,1,0,0,0
2091865859815866428,"Mon, Aug 24, 2026",【明日8/25(火) 10:00発売】 アニメ『ケロロ軍曹』20周年御礼、舞台挨拶付き上映会の一般発売が明日始まるであります…じゃなくて、始まるわよ。 8/29(土)、東京・TOHOシネマズ日比谷。 『超劇場版』と『新劇場版』を大スクリーンで、しかも舞台挨拶付きで観られる日なの。 20周年ってすごいことよ。,https://x.com/oshinavinavi/status/2091865859815866428,623,0,13,1,0,0,0,0,4,3,6,0,0
2091858309083005378,"Mon, Aug 24, 2026",【明日8/25(火) 11:00発売】 Hump Back、11/3(火・祝) 愛知・Zepp Nagoya公演のプレリザーブが明日始まるわよ。 祝日のライブって、それだけでご褒美でしょ。 文化の日にZeppで音を浴びる、これ以上まっとうな文化の祝い方があったら教えてほしいわ。,https://x.com/oshinavinavi/status/2091858309083005378,57,0,0,0,0,0,0,0,0,0,0,0,0
2091850759126086104,"Mon, Aug 24, 2026",【明日8/25(火) 12:00発売】 矢野顕子 全国ツアー、岡山・広島公演の先行【CANDY ROOM】が明日のお昼スタートよ。 11/24(火)は岡山・倉敷市芸文館ホール、11/26(木)は広島県民文化センター。 中国地方のみんな、やっと順番が来たわね。 CANDY ROOMの会員さん、明日の12:00よ。,https://x.com/oshinavinavi/status/2091850759126086104,159,0,0,0,0,0,0,0,0,0,0,0,0
2091843209395572920,"Mon, Aug 24, 2026",【明日8/25(火) 11:00発売】 モーニング娘。'26 全国ツアー、北海道公演(10/25)の2次受付が明日始まるわよ。 1次で涙をのんだ子、聞いてる？ まだ終わってないのよ。 2次受付ってね、諦めかけたファンにもう一度扉が開くってことなの。 つまり、あなたの秋の北海道がまだ間に合うってことよ。,https://x.com/oshinavinavi/status/2091843209395572920,232,1,7,0,0,0,0,1,2,1,2,0,0
2091492145874280602,"Sun, Aug 23, 2026",桂宮治に柳亭小痴楽、林家つる子まで揃ったわよ。 明日8/24(月)発売、落語にプロレス、花火や特別展まで17件あるの。 プロレスリング・ノアは12/31、STARDOMは3大会よ。 この17件、ぜんぶ出すわ。 🎙 落語・お笑い／プロレス・そのほか（17件）※かっこ内はエリアと最終公演日。,https://x.com/oshinavinavi/status/2091492145874280602,1416,1,6,0,0,0,0,0,1,3,1,0,0
2091488371151655038,"Sun, Aug 23, 2026",クラシックは石田泰尚に上野耕平、それに石丸由佳のオルガン・リサイタルよ。 明日8/24(月)発売、東京のリサイタルから三重の吹奏楽コンクールまで8件揃ったの。 R9年1月の東京音楽コンクールのコンサートもあるわ。 この8件、ぜんぶ出すわ。 🎻 クラシック（8件）※かっこ内はエリアと最終公演日。,https://x.com/oshinavinavi/status/2091488371151655038,1528,1,16,0,0,0,0,0,8,4,1,2,0
2091484596315804108,"Sun, Aug 23, 2026",矢野顕子にヒルクライム、WATWINGまで来たわよ。 明日8/24(月)発売の音楽チケット、北海道から全国まで6件揃ったの。 半崎美子のツアーもART-SCHOOLもあるわ。 この6件、ぜんぶ出すわ。 🎤 音楽（6件）※かっこ内はエリアと最終公演日。 ・WATWING（北海道 11/3）,https://x.com/oshinavinavi/status/2091484596315804108,1279,0,7,0,0,0,0,0,5,2,0,0,0
2091480821441925504,"Sun, Aug 23, 2026",【明日8/24(月)10:00発売】東京女子プロレス「ALL RISE '26」よ。 11/8(日)、場所は後楽園ホール。 11月の日曜日、後楽園で推しに会うって決めたなら、明日の朝10:00がその第一歩よ。 発売は朝10:00スタートだから、寝ぼけてると出遅れるわよ。 いい席は待ってくれないの。,https://x.com/oshinavinavi/status/2091480821441925504,49,0,0,0,0,0,0,0,0,0,0,0,0
2091477046220489147,"Sun, Aug 23, 2026","【明日8/24(月)12:00発売】プロレスリング・ノア、7大会まとめて解禁よ。 10/15の後楽園ホールに始まって、10/25は両国国技館。 そして12/31は横浜BUNTAIで「NOAH ""THE NEW YEAR"" EVE 2026」、そう、大晦日大会よ。 一年の締めくくりをプロレスで迎えるなんて、最高の年越しじゃないの。",https://x.com/oshinavinavi/status/2091477046220489147,167,1,5,1,0,0,0,0,0,2,2,0,0
2091473271560577026,"Sun, Aug 23, 2026",【明日8/24(月)12:00発売】スターダム、10月の3大会が一斉に出るわよ。 10/10は千葉のTKPガーデンシティ千葉、10/12は甲府のアイメッセ山梨、10/20は東京・後楽園ホール。 3つ同時ってことは、迷ってる暇がないってことよ。 どこで観るか、誰と行くか。 決めるのは今夜、押さえるのは明日の12:00。,https://x.com/oshinavinavi/status/2091473271560577026,578,1,3,0,0,0,0,0,0,1,1,0,0
2091469496469115334,"Sun, Aug 23, 2026",【明日8/24(月)11:00発売】矢野顕子・札幌公演の2次受付よ。 ソロデビューから50年。 歌い続けるって、こういうことなのね。 今年7月にはアルバム『生きものたちへ』を出したばかり。 そして1996年から30年続く恒例「さとがえるコンサート」、今年は50年分の感謝を込めて全国8か所を回るのよ。,https://x.com/oshinavinavi/status/2091469496469115334,139,0,0,0,0,0,0,0,0,0,0,0,0
2091465722325090699,"Sun, Aug 23, 2026",新しい読み物、始めたわよ。 「今週のピックアップ」、毎週日曜の更新よ。 8/24〜8/30にチケット発売が始まる325件から、あたしが主役を選んで語るの。 結成25周年のEXILEに、活動45周年の布袋寅泰。 9公演を一気に出す真心ブラザーズもいるわ。 節目だらけの週なのよ。 結成20周年の高嶋ちさ子,https://x.com/oshinavinavi/status/2091465722325090699,177,0,0,0,0,0,0,0,0,0,0,0,0
2091148632690917593,"Sat, Aug 22, 2026","OSHINAVIの""8/23発売""ピックアップ🎫 明日8/23(日)発売のチケット、ぜんぶ出すわ。 ✨ ミュージカル・ほか（5/5）7件よ。 ※かっこ内はエリアと最終公演日。 ・U-21 浦和 対 U-21 東京V（埼玉 9/12） ・ミュージカル『101ダルメシアンズ』（全国 11/15） ・ミュージカル『ジョン&amp;ジェン』（全国",https://x.com/oshinavinavi/status/2091148632690917593,991,0,6,0,0,0,0,0,4,1,1,0,0
2091144857704173684,"Sat, Aug 22, 2026","OSHINAVIの""8/23発売""ピックアップ🎫 明日8/23(日)発売のチケット、ぜんぶ出すわ。 🎭 演劇（4/5）8件よ。 ※かっこ内はエリアと最終公演日。 ・M&amp;Oplays『ブランク』（全国 11/15） ・「water」（東京・京都 11/10） ・こまつ座『頭痛肩こり樋口一葉』（東京・大阪 9/28） ・たびびとすぴ",https://x.com/oshinavinavi/status/2091144857704173684,322,0,1,0,0,0,0,0,1,0,0,0,0
2091141083358990592,"Sat, Aug 22, 2026","OSHINAVIの""8/23発売""ピックアップ🎫 明日8/23(日)発売のチケット、ぜんぶ出すわ。 🎙 落語・お笑い（3/5）11件よ。 ※かっこ内はエリアと最終公演日。 ・THE SECOND ライブツアー（全国 10/11） ・dolce“偏愛”落語会（大阪 10/18） ・入船亭扇遊・扇辰 新春兄弟会（東京 R9年1/27）",https://x.com/oshinavinavi/status/2091141083358990592,1107,3,14,0,0,0,0,0,2,5,4,0,0
2091137307869110646,"Sat, Aug 22, 2026","OSHINAVIの""8/23発売""ピックアップ🎫 明日8/23(日)発売のチケット、ぜんぶ出すわ。 🎻 クラシック（2/5）11件よ。 ※かっこ内はエリアと最終公演日。 ・オペラ「フィガロの結婚」（岐阜・東京 12/12） ・夜クラシックVol.43 鈴木優人・上野星矢（東京 R9年1/22） ・大分交響楽団 第49回定期（大分",https://x.com/oshinavinavi/status/2091137307869110646,568,1,3,0,0,0,0,1,0,0,0,1,0
2091133533414736078,"Sat, Aug 22, 2026","OSHINAVIの""8/23発売""ピックアップ🎫 明日8/23(日)発売のチケット、ぜんぶ出すわ。 🎤 音楽（1/5）12件よ。 ※かっこ内はエリアと最終公演日。 ・ANIMETAL（全国 11/6） ・EXILE THE SECOND『NES-FES.』（熊本 10/11） ・Laughing Hick（全国 12/4） ・TOMOVSKY『3度目のハタチ』（大阪 11/8）",https://x.com/oshinavinavi/status/2091133533414736078,809,0,8,0,0,0,0,1,2,2,3,0,0
2091129758373294497,"Sat, Aug 22, 2026","OSHINAVIの""8/23発売""ピックアップ🎫 ミュージカル『新テニスの王子様』The Final Stage、明日8/23(日)10:00一般発売よ。 東京10/2〜、大阪10/17〜、岐阜10/30〜、そして11/6からは東京凱旋。 ""The Final Stage""の名を背負った舞台、この目で見届けたいじゃないの。 脚本・演出は上島雪夫。",https://x.com/oshinavinavi/status/2091129758373294497,571,0,7,0,0,0,0,0,1,4,2,0,0
2091125983105663261,"Sat, Aug 22, 2026","OSHINAVIの""8/23発売""ピックアップ🎫 indigo la End ONEMAN TOUR 2026「紫にて」、明日8/23(日)10:00一般発売。 千葉・新潟・北海道・福岡・群馬・東京、6公演がいっせいに出るのよ。 近い街で聴くのもよし、12/3の東京国際フォーラム ホールAまで取っておくのもよし。",https://x.com/oshinavinavi/status/2091125983105663261,305,0,3,0,0,0,0,0,1,1,1,0,0
2091122208144081253,"Sat, Aug 22, 2026","OSHINAVIの""8/23発売""ピックアップ🎫 劇団四季『アラジン』東京公演、明日8/23(日)10:00に2027年1月〜6月分がいっぺんに解禁よ。 半年分よ、半年分。 観たい月を選び放題ってことなの。 年明けのご褒美も、春休みの家族の予定も、この日にぜんぶ押さえられるのよ。",https://x.com/oshinavinavi/status/2091122208144081253,364,0,1,0,0,0,0,0,1,0,0,0,0
2091118433752477844,"Sat, Aug 22, 2026","OSHINAVIの""8/23発売""ピックアップ🎫 EXILE THE SECOND『NES-FES.』、明日8/23(日)10:00一般発売よ。 NESMITHの地元・熊本、それも熊本地震から10年の節目に、番組「NES-FES.」初の主催イベントとして立ち上がった一夜。 THE SECONDにとって熊本初ライブでもあるのよ。",https://x.com/oshinavinavi/status/2091118433752477844,143,0,0,0,0,0,0,0,0,0,0,0,0
2090786245320344035,"Fri, Aug 21, 2026","OSHINAVIの""明日発売""ピックアップ🎫 8/22(土)は発売ラッシュよ ONE OK ROCK、PEDRO、キュウソネコカミだけじゃないの。 布袋寅泰に森高千里、沢田研二、hide with Spread Beaverまで、明日まとめて発売なのよ。 おいしくるメロンパンもつばきファクトリーも陰陽座も控えてるわ。",https://x.com/oshinavinavi/status/2090786245320344035,318,1,3,1,0,0,0,0,2,0,0,0,0
2090778694898041126,"Fri, Aug 21, 2026","OSHINAVIの""明日発売""ピックアップ🎫 8/22(土) 10:00発売！ キュウソネコカミ 「DMCC REAL ONEMAN TOUR 2026-2027」 全国21か所を回る、約2年ぶりのワンマンツアーよ。 その大半が明日いっせいに解禁されるの。 近くに来る日を逃したら、次はいつになるか分からないわよ。",https://x.com/oshinavinavi/status/2090778694898041126,123,1,6,0,0,0,0,0,0,3,2,0,0
2090771146182422641,"Fri, Aug 21, 2026","OSHINAVIの""明日発売""ピックアップ🎫 8/22(土) 10:00発売！ CUTIE STREET 「CUTIE STREET 梅田みゆ 生誕祭 2026」 梅田みゆの誕生日を祝う生誕祭よ。 主役の名前がついた一夜なんて、行かない理由がないでしょ。 全席指定6,500円（税込）、席はちゃんと用意されてるわ。 9/14(月) SGC HALL",https://x.com/oshinavinavi/status/2090771146182422641,90,1,1,0,0,0,0,0,0,0,0,0,0
2090769684039925841,"Fri, Aug 21, 2026",@koyakky_info 今頑張っているプロジェクトが成就しますように,https://x.com/oshinavinavi/status/2090769684039925841,8,0,0,0,0,0,0,0,0,0,0,0,0
2090763595558629407,"Fri, Aug 21, 2026","OSHINAVIの""明日発売""ピックアップ🎫 8/22(土) 発売！※時刻は公演別よ PEDRO PEDRO TOUR 2026-2027「This is PEDRO TOUR」 10月から全国22公演の大規模ワンマンよ。 ファイナルは2027年1月10日、Zepp DiverCity（東京）。 長い旅の切符、初日から握っておきなさいな。",https://x.com/oshinavinavi/status/2090763595558629407,105,1,2,0,0,0,0,0,1,0,0,0,0
2090756046738583920,"Fri, Aug 21, 2026","OSHINAVIの""明日発売""ピックアップ🎫 8/22(土) 10:00発売！ ONE OK ROCK 「DETOX JAPAN TOUR FINAL 2026」 アルバム「DETOX」を掲げて世界を回った先の、日本凱旋ツアーよ。 愛知・福岡・宮城・千葉、4カ所8公演の締めくくりがZOZOマリン。 この結末、スタジアムで見届けなきゃ嘘だわ。",https://x.com/oshinavinavi/status/2090756046738583920,378,1,10,0,0,0,0,0,0,6,3,0,0
2090423857232621579,"Thu, Aug 20, 2026","OSHINAVIの""明日発売""ピックアップ🎫 明日8/21(金)は、19件の公演がいっせいに発売日を迎える大混雑の一日よ。 内訳はJ-POP 6件、お笑い・落語 4件、スポーツ 4件、ミュージカル・演劇・クラシック・アートなどが5件。",https://x.com/oshinavinavi/status/2090423857232621579,46,1,4,0,0,0,0,0,0,1,2,0,0
2090416307066011876,"Thu, Aug 20, 2026","OSHINAVIの""明日発売""ピックアップ🎫 明日8/21(金)10:00、「稲垣潤一コンサート2026」から2公演が一般発売になるわよ。 8月から12月まで全国を回っているこのツアー、年の瀬に向かう首都圏の2本がまとめて来たの。 あの歌声と一緒に一年を締めくくれるなんて、こんな贅沢ある？ 明日発売になるのは",https://x.com/oshinavinavi/status/2090416307066011876,77,0,1,0,0,0,0,0,0,1,0,0,0
2090408757503164615,"Thu, Aug 20, 2026","OSHINAVIの""明日発売""ピックアップ🎫 明日8/21(金)10:00、特撰落語会 林家たい平・桂宮治 二人会が一般発売開始よ。 この二人が同じ夜に並ぶ高座よ？ 難しいことは考えず、笑う気だけ満タンにして駆けつければいいの。",https://x.com/oshinavinavi/status/2090408757503164615,91,1,2,0,0,0,0,0,0,0,1,0,0
2090401207433023583,"Thu, Aug 20, 2026","OSHINAVIの""明日発売""ピックアップ🎫 ミュージカル『ジャック・ザ・リッパー』のプレリザーブ【S席1階15列以内確約受付】、明日8/21(金)11:00から受付が始まるわ。 いい？""1階15列以内""が確約なのよ。",https://x.com/oshinavinavi/status/2090401207433023583,181,0,9,0,0,0,0,0,2,1,6,0,0
2090393658008936724,"Thu, Aug 20, 2026","OSHINAVIの""明日発売""ピックアップ🎫 明日8/21(金)10:00、柴咲コウ『KO SHIBASAKI LIVE TOUR 2026 ACTOR'S THE BEST ～泡沫～』鹿児島公演が一般発売よ。 ""うたかた""なんて名前を付けたからには、消える前に掴まえるしかないじゃないの。",https://x.com/oshinavinavi/status/2090393658008936724,186,0,1,0,0,0,0,0,1,0,0,0,0
2090216238433931647,"Wed, Aug 19, 2026","OSHINAVIの""8/20発売""ピックアップ🎫 本日8/20(木) 10:00から続々発売！ 今日は26件の公演で発売が始まる、大きな一日よ。 落語も演劇もクラシックもジャズも、幅広く並んでるの。",https://x.com/oshinavinavi/status/2090216238433931647,205,0,1,0,0,0,0,0,1,0,0,0,0
2090212463820325371,"Wed, Aug 19, 2026","OSHINAVIの""8/20発売""ピックアップ🎫 本日8/20(木) 12:00発売！ ドラム好きに捧げる4日間よ。 パール創業80周年のフェスが、川崎CLUB CITTA'の全館を使って開かれるの。 製品展示に歴史コーナー、試打スペースまであるんだから、観るだけじゃなく触れる80周年なのよ。",https://x.com/oshinavinavi/status/2090212463820325371,449,1,5,0,0,0,0,0,1,0,1,2,0
2090208688858448272,"Wed, Aug 19, 2026","OSHINAVIの""8/20発売""ピックアップ🎫 本日8/20(木) 11:00発売！ 全国19会場を回るホールツアー「A Whole New Paradise」、その先行が動き出すわよ。 本日11:00に始まるのはプレリザーブ。 対象は石川・福井（10/31〜11/1）、北海道（2027年1/9〜1/11）、新潟（2027年1/16）よ。",https://x.com/oshinavinavi/status/2090208688858448272,158,0,0,0,0,0,0,0,0,0,0,0,0
2090204914060271741,"Wed, Aug 19, 2026","OSHINAVIの""8/20発売""ピックアップ🎫 本日8/20(木) 10:00発売！ 夏の終わりに、これ以上の遊び場があるかしら。 万博記念公園のお祭り広場に櫓（やぐら）を組んで、マンゲキのメンバーが野外でライブをやるのよ。 屋台も縁日も出るの。 つまり、笑って食べて遊べるお祭りってことだわ。",https://x.com/oshinavinavi/status/2090204914060271741,649,0,4,0,0,0,0,0,2,0,1,1,0
2090201138868187258,"Wed, Aug 19, 2026","OSHINAVIの""8/20発売""ピックアップ🎫 本日8/20(木) 10:00発売！ あの「タイタニック」を、志らくが高座でやるのよ。 映画を落語に翻案する「シネマ落語」、あれは志らくにしかできない芸だわ。",https://x.com/oshinavinavi/status/2090201138868187258,110,0,2,0,0,0,0,0,0,1,1,0,0
2089676431643259167,"Tue, Aug 18, 2026","OSHINAVIの""8/19発売""ピックアップ🎫 8/19(水) 朝8:00から順次発売！ 明日8/19(水)は発売が立て続けなのよ。 千葉ロッテマリーンズの9月本拠地戦、2年ぶりの大相撲長崎場所プリセール、新田恵海の昼夜2公演、そして松本山雅FC対FC大阪。 ただし時刻の思い込みは禁物よ。",https://x.com/oshinavinavi/status/2089676431643259167,444,0,0,0,0,0,0,0,0,0,0,0,0
2089668882630140147,"Tue, Aug 18, 2026","OSHINAVIの""8/19発売""ピックアップ🎫 8/19(水) 8:00発売！ まず注意してほしいの、この試合だけ発売が朝8:00なのよ。 いつもの感覚で10時に構えてたら、2時間の出遅れだわ。 明治安田J3リーグ、松本山雅FCがFC大阪を迎える一戦よ。 9/5(土)、ホームのサンプロ アルウィンで開催なの。",https://x.com/oshinavinavi/status/2089668882630140147,238,0,0,0,0,0,0,0,0,0,0,0,0
2089661332182495341,"Tue, Aug 18, 2026","OSHINAVIの""8/19発売""ピックアップ🎫 8/19(水) 10:00発売！ 新田恵海のライブが9/19(土)、東京のダンスホール新世紀で開かれるわ。 しかも昼公演と夜公演の2回あるのよ。 どっちにするか迷うところだけど、あたしに言わせれば、迷ってるひまがいちばんもったいないの。",https://x.com/oshinavinavi/status/2089661332182495341,82,0,0,0,0,0,0,0,0,0,0,0,0
2089653782753792037,"Tue, Aug 18, 2026","OSHINAVIの""8/19発売""ピックアップ🎫 8/19(水) 10:00プリセール開始！ 長崎に大相撲が帰ってくるのよ、2024年以来2年ぶりだわ。 舞台は長崎スタジアムシティ内のHAPPINESS ARENA、12/3(木)の一日限りよ。 中身を聞いて驚かないでちょうだい。",https://x.com/oshinavinavi/status/2089653782753792037,336,0,0,0,0,0,0,0,0,0,0,0,0
2089646232641671608,"Tue, Aug 18, 2026","OSHINAVIの""8/19発売""ピックアップ🎫 8/19(水) 10:00発売！ ZOZOマリンスタジアムの9月、5試合ぶんが明日まとめて出るわ。 9/19〜21は埼玉西武ライオンズとの3連戦、9/27・28は北海道日本ハムファイターズとの2連戦よ。 今回は通常席に加えて〈ワイドシート〉も同時に発売されるの。",https://x.com/oshinavinavi/status/2089646232641671608,227,0,0,0,0,0,0,0,0,0,0,0,0
2089315805251166278,"Mon, Aug 17, 2026","OSHINAVIの""明日発売""ピックアップ🎫 明日8/18(火)は発売開始が全部で29件。 件数より、時間が散らばってることのほうが怖いのよ。 0:00に1件（平手友梨奈の当日引換券）、10:00にどんと18件、11:00に3件、12:00に3件、15:00に2件、18:00に1件、20:00に1件。",https://x.com/oshinavinavi/status/2089315805251166278,314,1,2,0,0,0,0,0,0,1,0,0,0
2089312030427697281,"Mon, Aug 17, 2026","OSHINAVIの""明日発売""ピックアップ🎫 カード発表を待たずに席を押さえる、その覚悟の話よ。 ONE SAMURAI 5は11/18(水)、EBARA WAVE アリーナおおた（東京）。 平日開催だから、休みの算段は早いほど楽なのよ。 一般発売は明日8/18(火)10:00開始。 券種はCAT1〜CAT4と、VVIP・VIPの2本立て。",https://x.com/oshinavinavi/status/2089312030427697281,42,0,0,0,0,0,0,0,0,0,0,0,0
2089308255969276258,"Mon, Aug 17, 2026","OSHINAVIの""明日発売""ピックアップ🎫 ハマスタの9月、まとめて来るわよ。 横浜スタジアムに対阪神タイガース戦が9/25(金)・9/26(土)、対広島東洋カープ戦が9/27(日)・9/28(月)。 一般販売は明日8/18(火)12:00開始よ。 お昼の12時、仕事中の子はこっそりスマホをスタンバイね。",https://x.com/oshinavinavi/status/2089308255969276258,336,0,4,0,0,0,0,0,0,2,2,0,0
2089304480563265880,"Mon, Aug 17, 2026","OSHINAVIの""明日発売""ピックアップ🎫 公開翌日に、あの声が生で響くのよ。 〈ワルプルギスの廻天〉は8/28(金)公開。 8/29(土)は新宿バルト9とユナイテッド・シネマ豊洲、悠木碧さん・斎藤千和さんはじめキャスト7名が登壇。",https://x.com/oshinavinavi/status/2089304480563265880,886,0,4,0,0,0,0,0,0,2,1,1,0
2089299032288186737,"Mon, Aug 17, 2026","OSHINAVIの""明日発売""ピックアップ🎫 まだ間に合う道が、ひとつだけ残ってるの。 ソロ初の日本武道館「アナタタチノカルテ」は8/20(木)、開場18:00／開演19:00。 昨年の初ワンマン""零""から1年での武道館よ。 一般発売は今夜23:59で締切。",https://x.com/oshinavinavi/status/2089299032288186737,390,1,5,0,0,0,0,0,2,1,0,1,0
2088959205982216523,"Sun, Aug 16, 2026","OSHINAVIの""明日発売""ピックアップ🎫 明日8/17(月)は発売が全部で33件もある大渋滞日なの。 鈴木雅之の兵庫クリスマスホテル公演は10:00、NEEの北海道2次プレリザーブは11:00、STARDOM10月シリーズとFULL METAL JAPANは12:00、ONE OK ROCK宮城の追加販売は19:00。",https://x.com/oshinavinavi/status/2088959205982216523,147,1,2,0,0,0,0,0,1,0,0,0,0
2088955430810877955,"Sun, Aug 16, 2026","OSHINAVIの""明日発売""ピックアップ🎫 STARDOMの10月シリーズ4公演、一般発売が明日8/17(月)12:00にいっせいに始まるわよ。 10/2(金)・10/3(土)中日ホールの名古屋2連戦、10/4(日)ツインメッセ静岡 北館、そして10/11(日)は後楽園ホール。 金土日で3日連続の遠征が組める並びなのよ。",https://x.com/oshinavinavi/status/2088955430810877955,174,0,0,0,0,0,0,0,0,0,0,0,0
2088951655924449307,"Sun, Aug 16, 2026","OSHINAVIの""明日発売""ピックアップ🎫 READING HIGH noir第4回公演『HYPNAGOGIA～ヒプナゴギア～』。 指定席先着先行が明日8/17(月)19:00スタートよ。 9/25(金)〜9/27(日)、天王洲 銀河劇場。 荒牧慶彦と和田雅成はシリーズ初参加。",https://x.com/oshinavinavi/status/2088951655924449307,465,1,7,0,0,0,0,0,2,1,3,0,0
2088947880887550247,"Sun, Aug 16, 2026","OSHINAVIの""明日発売""ピックアップ🎫 宮川大聖 LIVE TOUR 2026-2027「BLUE FIRE」。 12/20(日)札幌ペニーレーン24のプレリザーブが、明日8/17(月)12:00から受付よ（8/23(日)まで）。 年をまたぐロングツアーを、ライブハウスの距離で観られる一本。 抽選ってね、申し込んだ人にしか当たらないの。",https://x.com/oshinavinavi/status/2088947880887550247,90,0,6,0,0,0,0,0,5,1,0,0,0
2088944106454270194,"Sun, Aug 16, 2026","OSHINAVIの""明日発売""ピックアップ🎫 ONE OK ROCK DETOX JAPAN TOUR FINAL 2026、宮城の追加販売が明日8/17(月)19:00に解禁よ。 対象は8/25(火)・8/26(水)セキスイハイムスーパーアリーナ（グランディ・21）。 公演までもう1週間しかないの。",https://x.com/oshinavinavi/status/2088944106454270194,182,0,2,0,0,0,0,0,0,1,1,0,0
2088230655012303255,"Fri, Aug 14, 2026","OSHINAVIの""8/15発売""ピックアップ🎫 D'ERLANGERの全国ツアー、12/20まで全14公演の長い旅が始まるわ。 東京は9/11・9/12 Veats Shibuyaで2days、神奈川は9/22・9/23 SUPERNOVA KAWASAKIで2daysよ。 14公演あるってことは、会いに行けるチャンスが14回あるってことなの。",https://x.com/oshinavinavi/status/2088230655012303255,110,0,0,0,0,0,0,0,0,0,0,0,0
2088226880172515575,"Fri, Aug 14, 2026","OSHINAVIの""8/16発売""ピックアップ🎫 9月の水曜に、笑いに行く日を作りましょ。 真空ジェシカの「イベン父ちゃん」「イベアンドトシ」、9/16(水) 東京・有楽町よみうりホールよ。 このタイトルの並びだけで、もう当日の空気が想像できるじゃない。",https://x.com/oshinavinavi/status/2088226880172515575,364,0,5,0,0,0,0,0,1,1,3,0,0
2088223105273811155,"Fri, Aug 14, 2026","OSHINAVIの""8/15発売""ピックアップ🎫 月曜の夜に最高の予定があるだけで、一週間って変わるのよね。 おとぼけビ～バ～の全国ツアー、9/14(月)は愛知・名古屋クラブクアトロよ。 ライブは日常をいったんまるごと忘れさせてくれる時間でしょ。",https://x.com/oshinavinavi/status/2088223105273811155,751,0,6,0,0,0,0,0,5,0,0,1,0
2088219330907648340,"Fri, Aug 14, 2026","OSHINAVIの""8/15発売""ピックアップ🎫 いつも画面の中にいる雷獣が、その日は同じ会場にいるのよ。 雷獣チャンネル THE LIVE「PLAY」、9/27(日) 東京・なかのZERO 大ホールで開催だわ。 再生ボタンでは味わえない、その場でしか起きない瞬間に立ち会えるのがライブってものでしょ。",https://x.com/oshinavinavi/status/2088219330907648340,277,0,4,0,0,0,0,0,2,1,1,0,0
2088215555539169532,"Fri, Aug 14, 2026","OSHINAVIの""8/15発売""ピックアップ🎫 大阪の予定帳、11/19(木)に丸をつけて頂戴。 サイダーガールの全国ツアーが、大阪・SPiCEにやって来るわ。 ツアーってね、推しのほうから自分の街に来てくれる日のことなのよ。",https://x.com/oshinavinavi/status/2088215555539169532,46,0,0,0,0,0,0,0,0,0,0,0,0
2088211780778500389,"Fri, Aug 14, 2026","OSHINAVIの""8/17発売""ピックアップ🎫 秋のスターダム、この4公演よ。 10/2・10/3 愛知・中日ホール 10/4 静岡・ツインメッセ静岡 10/11 東京・後楽園ホール 会場で見る女子プロレスは、情報量がまるで違うの。 技の音も、歓声も、選手の表情も、ぜんぶ一度に飛び込んでくるんだから。",https://x.com/oshinavinavi/status/2088211780778500389,302,0,2,0,0,0,0,0,1,1,0,0,0
2088208005829456215,"Fri, Aug 14, 2026","OSHINAVIの""8/15発売""ピックアップ🎫 仙台のみんな、おめでとう。 MISIAが8/28(金)、仙台サンプラザホールに来るわよ。 あの歌声を目の前で聴ける時間は、テレビでも配信でも代わりにならないの。 生で聴いた人にしか分からない感動が、そこにあるのよ。 一般発売は8/15の朝10:00。",https://x.com/oshinavinavi/status/2088208005829456215,140,0,2,0,0,0,0,0,2,0,0,0,0
2088204231660773816,"Fri, Aug 14, 2026","OSHINAVIの""8/15発売""ピックアップ🎫 聴きたかった人、集合よ。 Uruのライブが9/3(木)、東京・昭和女子大学 人見記念講堂で開かれるわ。 イヤホンで何百回も再生したあの声を、同じ空間で受け取れる夜なのよ。 知ってる曲のはずなのに、ホールで聴くその一回は一生ものになるんだから。",https://x.com/oshinavinavi/status/2088204231660773816,66,0,0,0,0,0,0,0,0,0,0,0,0
2088200456078246065,"Fri, Aug 14, 2026","OSHINAVIの""8/15発売""ピックアップ🎫 イモトアヤコ「すっぴんしゃん10周年イベント～大大大感謝祭～」、9/5(土) 東京・草月ホールよ。 10年よ、10年。 ひとつのことを10年続けて、その節目をファンと一緒にお祝いできるって、そうそう無いことだわ。",https://x.com/oshinavinavi/status/2088200456078246065,82,0,0,0,0,0,0,0,0,0,0,0,0
2087879591885234663,"Thu, Aug 13, 2026","OSHINAVIの""明日発売""ピックアップ🎫 アサヒスーパードライ パシフィックネーションズカップ2026、チケットぴあでの一般発売は明日8/14(金)18:00よ。 9/12(土)は大阪・東大阪市花園ラグビー場で準決勝、日本代表vsアメリカ代表とフィジー代表vsカナダ代表(車椅子席も同時発売)。",https://x.com/oshinavinavi/status/2087879591885234663,279,0,0,0,0,0,0,0,0,0,0,0,0
2087875816957133302,"Thu, Aug 13, 2026","OSHINAVIの""明日発売""ピックアップ🎫 ソ・ウングァン(BTOB)「2026 SEO EUNKWANG CONCERT [My Page] in TOKYO」、明日8/14(金)12:00に一般発売よ。 日程は8/21(金)、東京・第一生命ホール。 東京では初めてのソロ・コンサートなのよ。 ファンクラブ先行分はすでに予定枚数終了。",https://x.com/oshinavinavi/status/2087875816957133302,448,0,24,0,0,0,0,0,2,8,14,0,0
2087872042544562233,"Thu, Aug 13, 2026","OSHINAVIの""明日発売""ピックアップ🎫 「鋼の錬金術師×黄泉のツガイ展」札幌、前売券の一般発売が明日8/14(金)10:00からよ。 会期は10/14(水)〜11/1(日)、大丸札幌店7階ホール(10:00〜19:00、最終日は17:00閉場)。",https://x.com/oshinavinavi/status/2087872042544562233,751,0,1,0,0,0,0,0,1,0,0,0,0
2087868267256062428,"Thu, Aug 13, 2026","OSHINAVIの""明日発売""ピックアップ🎫 ブランデー戦記『BRANDY SENKI TOUR 2026』札幌公演、4次プレリザーブが明日8/14(金)11:00受付開始よ(8/20(木)11:00まで)。 舞台は10/24(土)、札幌ペニーレーン24。 10/4の仙台Rensaから11/19のZepp DiverCity(TOKYO)まで全8都市、自身最大規模のツアーなの。",https://x.com/oshinavinavi/status/2087868267256062428,240,0,2,0,0,0,0,0,1,0,1,0,0
2087864492445319443,"Thu, Aug 13, 2026","OSHINAVIの""明日発売""ピックアップ🎫 日食なつこ、未発表曲ツアー「エリア未来2 ""ブラックホール""」札幌公演のプレリザーブ受付が明日8/14(金)18:00に始まるわよ(8/19(水)11:00まで)。 公演は10/18(日)、北海道・Zepp Sapporo。",https://x.com/oshinavinavi/status/2087864492445319443,305,0,2,0,0,0,0,0,2,0,0,0,0
2087857461701275888,"Thu, Aug 13, 2026",#BAE173 #FANCON https://t.co/E4Kk2l7rQG,https://x.com/oshinavinavi/status/2087857461701275888,6,0,0,0,0,0,0,0,0,0,0,0,0
2087856953972445219,"Thu, Aug 13, 2026","OSHINAVIの""明日発売""ピックアップ🎫 BAE173「FAN-CON IN JAPAN 2026」、一般発売は明日8/14(金)10:00よ。 公演は9/5(土)東京・TIAT SKY HALLと9/12(土)大阪・アゼリア大正の2都市。 コンサートじゃなくてFAN-CONって銘打ってるのが答えなのよ。",https://x.com/oshinavinavi/status/2087856953972445219,141,0,9,0,0,0,1,0,4,1,3,0,0
2087475428705620203,"Wed, Aug 12, 2026","OSHINAVIの""本日発売""ピックアップ🎫 初のフルアルバム『私・僕・君・語』(9/16リリース)を引っ提げた「私・僕・君・叫 tour2026」。 そのファイナルが12/25(金)、クリスマスの渋谷CLUB QUATTROなのよ。 バンドにとって2度目の渋谷CLUB QUATTROワンマンだわ。",https://x.com/oshinavinavi/status/2087475428705620203,44,0,0,0,0,0,0,0,0,0,0,0,0
2087378540186554532,"Wed, Aug 12, 2026","OSHINAVIの""本日発売""ピックアップ🎫 15周年のDEZERTが7年ぶりにホールへ戻ってくるのよ。 「Welcome To My Beginning」、ここから新たな一歩を踏み出すって掲げたツアーだわ。 9/12(土)NHK大阪ホール、9/19(土)愛知・Niterra日本特殊陶業市民会館 ビレッジホール、9/27(日)Kanadevia Hall。",https://x.com/oshinavinavi/status/2087378540186554532,99,0,2,0,0,0,0,0,2,0,0,0,0
2087370990577967157,"Wed, Aug 12, 2026","OSHINAVIの""本日発売""ピックアップ🎫 「前衛懐古主義 part 5」、2年ぶりの再現ツアーよ。 セットリストは2015年の『blueprint』『WAYPOINT E.P.』『SOLUTION E.P.』の楽曲だけで組まれるの。 初の福岡・仙台を加えた5都市・全5公演に広がるのも今回ならでは。 今日の一般発売は9/26(土)名古屋THE",https://x.com/oshinavinavi/status/2087370990577967157,464,0,1,0,0,0,0,0,0,1,0,0,0
2087367215628906581,"Wed, Aug 12, 2026","OSHINAVIの""本日発売""ピックアップ🎫 「jo0ji one-man tour 2026『いかり』」、Zepp 6か所を含む自身最大規模の全国ツアーよ。 11/22(日)Zepp Sapporoは16:00開場、17:00開演。 スタンディング6,000円、1F・2F指定席は各7,000円(税込)。 立ちで行くか座席で観るか、選べるのもありがたいわね。",https://x.com/oshinavinavi/status/2087367215628906581,224,0,0,0,0,0,0,0,0,0,0,0,0
2087362182484722145,"Wed, Aug 12, 2026","OSHINAVIの""本日発売""ピックアップ🎫 「CANDY TUNE JAPAN TOUR 2026 -AUTUMN-」は18都市23公演、自身最大規模なのよ。 ファイナルは東京ガーデンシアター2デイズ、そして四国では初のワンマンもあるの。 今日は11/24(火)高知・新来島高知重工ホール",https://x.com/oshinavinavi/status/2087362182484722145,149,0,1,0,0,0,0,0,0,0,0,1,0
2087354632460767670,"Wed, Aug 12, 2026","OSHINAVIの""本日発売""ピックアップ🎫 「DMCC REAL ONEMAN TOUR 2026-2027」、全21ヶ所を回るツアーの北海道2公演に3次プレリザーブが来たわよ。 11/23(月・祝)旭川CASINO DRIVE(18:00開演)、11/25(水)札幌ペニーレーン24(19:00開演)。",https://x.com/oshinavinavi/status/2087354632460767670,163,0,0,0,0,0,0,0,0,0,0,0,0
2087347083011629280,"Wed, Aug 12, 2026","OSHINAVIの""本日発売""ピックアップ🎫 「ABEMA presents RISE WORLD SERIES 2026 TOKYO.2」、3大タイトルマッチを軸にトップファイターが集結する大会よ。 スーパーライト級(-65kg)は王者・白鳥大珠 vs YURA。 9/19(土)EBARA WAVE アリーナおおた、開場12:00・開始13:30。 ABEMA",https://x.com/oshinavinavi/status/2087347083011629280,116,0,0,0,0,0,0,0,0,0,0,0,0
2087337325214969878,"Wed, Aug 12, 2026","OSHINAVIの""本日発売""ピックアップ🎫 「吉本新喜劇まつり2026〜選ばれし30+1の座員たち〜」、総選挙で選ばれた人気座員が一堂に会するのよ。 この顔ぶれが同じ舞台に揃う夜なんて、そうそうないでしょ。 しかも台本はこの日だけのスペシャル。",https://x.com/oshinavinavi/status/2087337325214969878,117,1,2,0,0,0,0,0,0,0,1,0,0
2087183757014941836,"Tue, Aug 11, 2026","OSHINAVIの""明日発売""ピックアップ🎫 北海道の子たち、これはあなたたちの番よ。 LiSAの全国ホールツアー「LiVE is Smile Always〜LACE UP〜」、2次プレリザーブが明日8/12(水)11:00に受付スタートだわ。 対象は帯広市民文化ホール 11/13(金)と、札幌文化芸術劇場hitaru 11/15(日)の2公演よ。",https://x.com/oshinavinavi/status/2087183757014941836,102,0,1,0,0,0,0,0,0,0,1,0,0
2087167854122840410,"Tue, Aug 11, 2026","OSHINAVIの""明日発売""ピックアップ🎫 歴史が動く瞬間って、そう何度も来ないのよ。 Stray Kids World Tour ＜RUN IT JAPAN＞、セブン-イレブン先行が明日8/12(水)12:00に受付スタートよ。 今回の日本公演は計7公演で、海外の男性アーティストとして史上初のMUFG STADIUM（国立競技場）公演を含むの。",https://x.com/oshinavinavi/status/2087167854122840410,882,0,9,0,0,0,0,0,1,5,3,0,0
2086980924114362577,"Tue, Aug 11, 2026","OSHINAVIの""本日発売""ピックアップ🎫 諦めかけてたあなた、朗報よ。 Vaundy ASIA ARENA TOUR 2026 ""HORO""、機材開放受付（先着）が本日8/11(火)12:00に受付スタートだわ。 対象は千葉・幕張メッセ 9・11ホール 9/5(土)・9/6(日)と、福岡・北九州メッセ 10/24(土)・10/25(日)よ。",https://x.com/oshinavinavi/status/2086980924114362577,684,0,3,0,0,0,0,0,2,1,0,0,0
2086612745978552659,"Mon, Aug 10, 2026","OSHINAVIの""本日発売""ピックアップ🎫 『奥華子CONCERT TOUR 2026 -弾き語り-』。 タイトルに掲げるほどの""弾き語り""、これを聴かずに今年は締められないわよ。 9/6〜12/26の全13公演のうち、本日10:00に一般発売なのは8公演。 千葉9/12・愛知9/21・埼玉10/8・福岡10/12",https://x.com/oshinavinavi/status/2086612745978552659,77,0,2,0,0,0,0,0,0,0,2,0,0
2086610357137854863,"Mon, Aug 10, 2026","OSHINAVIの""本日発売""ピックアップ🎫 会場はアリーナでもホールでもないの。 鹿児島国際大学の学園祭「第27回 遊華俚祭」、その特設ステージなのよ。 FUNKY MONKEY BΛBY'S 11月21日(土)、フィールドハウス内特設ステージで開催。 一般発売は本日8/10(月)10:00から。",https://x.com/oshinavinavi/status/2086610357137854863,116,0,6,0,0,1,0,0,1,2,2,0,0
2086602145756037362,"Sun, Aug 9, 2026","OSHINAVIの""本日発売""ピックアップ🎫 平日の夜、仕事終わりにプロレスへ直行する。 それが叶うのが後楽園ホールのナイター興行なのよ。 「STARDOM NIGHTER in KORAKUEN 2026 Sep.」 9月29日(火)、東京・後楽園ホール。 一般発売は本日8/10(月)12:00からよ。",https://x.com/oshinavinavi/status/2086602145756037362,77,0,0,0,0,0,0,0,0,0,0,0,0
2085889981630050481,"Sat, Aug 8, 2026","OSHINAVIの""本日発売""ピックアップ🎫 8/8(土) 10:00発売！ 【HY】 全国14公演ぶん、今日まとめて発売開始よ 北海道10/12から始まって、秋田・宮城・岐阜・三重・愛知・東京・大分・福岡・香川・高知・広島・岡山、そして2027年1月31日の沖縄で締めくくるの。 地元に帰って終わる旅ってこと。",https://x.com/oshinavinavi/status/2085889981630050481,151,0,2,0,0,0,0,0,0,1,1,0,0
2085886208626897133,"Sat, Aug 8, 2026","OSHINAVIの""本日発売""ピックアップ🎫 8/8(土) 10:00発売！ 【水瀬いのり】 富士急ハイランド・コニファーフォレスト 9/12(土)・9/13(日) 2days 森に囲まれた野外ステージで、2日続けてあの声を聴けるのよ。 屋根のないところで聴く歌って、音源で聴くのとぜんぜん違うの。 空気ごと震えるんだから。",https://x.com/oshinavinavi/status/2085886208626897133,178,0,3,0,0,0,0,0,1,1,0,1,0
2085878657176961478,"Sat, Aug 8, 2026","OSHINAVIの""本日発売""ピックアップ🎫 8/8(土) 10:00発売！ 【スキマスイッチ】 秋の関西を、たった1週間で4本 10/4 なら100年会館 10/6 フェスティバルホール 10/8 兵庫 10/10 大阪 10月あたまの7日間だけ、関西に居座ってくれるってこと。 遠征しなくたって、どれか1本は手が届くはずよ。",https://x.com/oshinavinavi/status/2085878657176961478,232,0,3,0,0,0,0,0,1,1,1,0,0
2085853908132577666,"Fri, Aug 7, 2026","OSHINAVIの""本日発売""ピックアップ🎫 8/8(土) 10:00発売！ 【スキマスイッチ】 関西4公演が本日そろって解禁 なら100年会館 10/4、フェスティバルホール 10/6、兵庫 10/8、そして大阪 10/10。 関西だけで4回、しかも1週間のうちに畳みかけてくるの。",https://x.com/oshinavinavi/status/2085853908132577666,202,0,7,0,0,0,0,0,2,4,1,0,0
2085342083834171576,"Thu, Aug 6, 2026",https://t.co/HznoHhohiI https://t.co/fMrq04uKHv,https://x.com/oshinavinavi/status/2085342083834171576,9,0,0,0,0,0,0,0,0,0,0,0,0
2085340582747259095,"Thu, Aug 6, 2026","OSHINAVIの""7日発売""ピックアップ🎫 「ヤーレンズと太福の演芸会」、明日8/7(金)10:00に一般発売よ。 8/28(金)、浅草フランス座演芸場東洋館。 漫才のヤーレンズと浪曲の玉川太福が「自分たちが今いちばん見てほしい芸人を招く」って立ち上げた会なの。今回呼ばれたのは瀧川鯉八とかが屋。",https://x.com/oshinavinavi/status/2085340582747259095,721,1,22,1,0,0,0,1,10,4,6,0,0
2085327249658826818,"Thu, Aug 6, 2026","OSHINAVIの""7日発売""ピックアップ🎫 小山田壮平、明日8/7(金)11:00からプレリザーブの受付が始まるわよ。 今回は東北4会場。秋田9/12 Club SWINDLE、岩手9/13 club change WAVE、福島10/24 Hip Shot Japan、宮城10/25 仙台PIT。 この【東北】枠なら4公演まとめて申し込めるの。締切は8/12(水)11:00。",https://x.com/oshinavinavi/status/2085327249658826818,231,0,5,0,0,0,1,0,0,2,2,0,0
2084976135209935242,"Wed, Aug 5, 2026","OSHINAVIの""7日発売""ピックアップ🎫 Stray Kids World Tour ＜RUN IT JAPAN＞ 8/7(金)20:00〜 抽選先行スタート（ぴあNICOSカード限定） 海外の男性アーティストで史上初よ。 あの国立競技場——MUFG STADIUMに、スキズが立つの。 しかも2days! 名古屋も大阪も2days、福岡で締めて全7公演。 https://t.co/Q7C2h5itMf",https://x.com/oshinavinavi/status/2084976135209935242,1059,0,16,0,0,0,0,0,1,9,6,0,0
2084607054438900184,"Tue, Aug 4, 2026","OSHINAVIの""5日発売""ピックアップ🎫 ネクライトーキー「オーキートーキー全国編 vol.7」、明日8/5(火)21:00一般発売よ。 このツアーの主役は""組み合わせ""。全公演ゲストが違う対バンシリーズなの。初日9/6(日)福岡DRUM Be-1はCAT ATE HOTDOGS、千秋楽11/5(木)東京Spotify https://t.co/EUi8XoBSca",https://x.com/oshinavinavi/status/2084607054438900184,233,2,4,0,0,0,0,0,2,0,0,0,0
2084272583638208852,"Mon, Aug 3, 2026","OSHINAVIの""4日発売""ピックアップ🎫 明日8/4(火)19:00、肉チョモランマの配信ライブが一般発売スタートよ。 【配信｜Rakuten TV】肉チョモワンマン ONLINE LIVE『大決戦』- DAY1 大一番 7月4日にKアリーナ横浜で行われた本編が、8/29(土)19:00からあなたの画面に届くのよ。",https://x.com/oshinavinavi/status/2084272583638208852,98,0,1,0,0,0,0,0,0,1,0,0,0
2083926239753179415,"Sun, Aug 2, 2026","OSHINAVIの""8/3発売""ピックアップ🎫 8/3(月) 10:00発売！ のん のん自由（10）ツアー2026 in 久慈 一般発売／10/18(日) 15:00開演 岩手・十文字チキンアンバーホール 大ホール（久慈市文化会館） 久慈市で初めての、のんの単独ライブなのよ",https://x.com/oshinavinavi/status/2083926239753179415,164,0,0,0,0,0,0,0,0,0,0,0,0
2083920663992316301,"Sun, Aug 2, 2026","OSHINAVIの""8/3発売""ピックアップ🎫 8/3(月) 12:00発売！ Little Glee Monster Live Tour 2026-2027 ""BREATH"" プレリザーブ／宮城・秋田11/1〜11/3、石川・長野11/21〜11/22、北海道2027/1/15 茨城10/25（水戸市民会館 グロービスホール）は同日19:00発売よ",https://x.com/oshinavinavi/status/2083920663992316301,215,0,0,0,0,0,0,0,0,0,0,0,0
2083900096467317148,"Sun, Aug 2, 2026","OSHINAVIの""8/3発売""ピックアップ🎫 8/3(月) 11:00発売！ マカロニえんぴつ マカロックツアーvol.22 〜いま、きみがすき！篇〜 5次プレリザーブ／10/31(土) 真駒内セキスイハイムアイスアリーナ 全国7都市11公演のアリーナツアー、これは北海道公演の枠よ",https://x.com/oshinavinavi/status/2083900096467317148,181,0,0,0,0,0,0,0,0,0,0,0,0
2083863108788126161,"Sun, Aug 2, 2026","OSHINAVIの""8/3発売""ピックアップ🎫 8/3(月) 14:00発売！ Xnterstellar Music Festival 2026 オフィシャル1次先行／10/3(土)・4(日) 韓国・仁川広域市 日韓合同クロスオーバー音楽フェス、これが記念すべき初開催なのよ Day1にAdo、coldrain、YOUNHA、Day2にAぇ! group、Saucy",https://x.com/oshinavinavi/status/2083863108788126161,1090,0,11,0,0,0,0,0,2,2,4,3,0
2083538302775226525,"Sat, Aug 1, 2026","OSHINAVIの""明日発売""ピックアップ🎫 明日8/2(日)10:00発売よ！ 天才ピアニスト×ヨネダ2000 ツーマンライブ「あっちこっちカンパニ〜 愛知公演」 東西の若手女性芸人がガチでぶつかるツーマンなのよ。 ますみと竹内知咲、誠と愛——この4人が同じ板に乗るの、想像しただけで口角上がるでしょ。",https://x.com/oshinavinavi/status/2083538302775226525,396,0,0,0,0,0,0,0,0,0,0,0,0
2083535585738973599,"Sat, Aug 1, 2026","OSHINAVIの""明日発売""ピックアップ🎫 明日8/2(日)10:00発売よ！ Omotenashi Stage『18TRIP』-R1ze&amp;Ev3ns-",https://x.com/oshinavinavi/status/2083535585738973599,111,0,0,0,0,0,0,0,0,0,0,0,0
2083523935019430208,"Sat, Aug 1, 2026","OSHINAVIの""明日発売""ピックアップ🎫 明日8/2(日)10:00発売よ！ アインシュタイン結成15周年記念ツアー",https://x.com/oshinavinavi/status/2083523935019430208,717,0,4,0,0,0,0,0,2,1,1,0,0
2083517214527824022,"Sat, Aug 1, 2026","OSHINAVIの""明日発売""ピックアップ🎫 明日8/2(日)10:00発売よ！ 山里亮太の140 愛知公演〜逃げ上手の不如帰〜 サブタイトルは「逃げ上手の不如帰」。 もう気になって仕方ないでしょ、タイトルで笑わせにくる人の本編が面白くないわけないのよ。",https://x.com/oshinavinavi/status/2083517214527824022,84,0,0,0,0,0,0,0,0,0,0,0,0
2083515798262575514,"Sat, Aug 1, 2026","OSHINAVIの""明日発売""ピックアップ🎫 明日8/2(日)0:00発売よ！ THE FACT MUSIC AWARDS EXHIBITION - VISION FESTA(DIVE INTO THE STARS) ステージをVRで体験する展示。画面越しじゃなく、視界まるごと持っていかれるの。天神開業90周年の記念企画よ。 8/2〜8/30 岩田屋本店 大催事場(福岡・天神)",https://x.com/oshinavinavi/status/2083515798262575514,313,0,2,0,0,0,0,0,0,1,1,0,0
2083341549614870670,"Fri, Jul 31, 2026",先行の締切って、油断してると一瞬で過ぎちゃうのよね。 残り何日か数えてくれるサイト、置いておくわ。 https://t.co/E4Kk2l7rQG,https://x.com/oshinavinavi/status/2083341549614870670,4,0,0,0,0,0,0,0,0,0,0,0,0
2083341450427896041,"Fri, Jul 31, 2026","OSHINAVIの""本日発売""ピックアップ🎫 本日8/1 11:00受付開始！ ナナヲアカリ 「NANAOAKARI TOUR 2026「SIDE B」」 全国15公演、ファイナルはLINE CUBE SHIBUYA プレリザーブ（北海道12/12・12/13公演）／締切8/11 ツアー全体は2026年10月4日〜12月13日 北海道のみんな、今日があなたの番よ。",https://x.com/oshinavinavi/status/2083341450427896041,56,0,1,0,0,0,1,0,0,0,0,0,0
2083341187394748685,"Fri, Jul 31, 2026",仙台で観られるライブ、まだまだあるのよ。地元の公演だけ絞って探せるから、覗いてみて頂戴。 https://t.co/E4Kk2l7rQG,https://x.com/oshinavinavi/status/2083341187394748685,9,0,3,0,0,0,0,0,0,2,1,0,0
2083341136828268804,"Fri, Jul 31, 2026","OSHINAVIの""本日発売""ピックアップ🎫 本日8/1 10:00発売！ Fear,and Loathing in Las Vegas 「The Focus「Feeling of Unity」Vol.1」 4thフルアルバム『Feeling of Unity』にフォーカスしたコンセプト・ワンマン 一般発売／2026年11月1日(日) 宮城・仙台Rensa",https://x.com/oshinavinavi/status/2083341136828268804,178,0,2,0,0,0,1,0,1,0,0,0,0
2083340446378664355,"Fri, Jul 31, 2026",今日はこの子以外にも200件超が発売日を迎えてるの。全部ここに並べてあるから、推しがいないか確かめてみて。 https://t.co/E4Kk2l7rQG,https://x.com/oshinavinavi/status/2083340446378664355,3,0,0,0,0,0,0,0,0,0,0,0,0
2083339389061792061,"Fri, Jul 31, 2026","OSHINAVIの""本日発売""ピックアップ🎫 本日8/1 12:00発売！（10時じゃないわよ、正午よ） カラフルピーチ 「からぴちパラダイス ARENA TOUR 2026 〜シンフォニーエクスプレス〜」 動員も会場規模もグループ史上最大のアリーナツアー 対象＝神奈川10/4／兵庫10/18／宮城11/28・11/29／福岡12/26・12/27",https://x.com/oshinavinavi/status/2083339389061792061,138,1,4,0,0,0,1,0,1,1,0,0,0
2083339104272687139,"Fri, Jul 31, 2026",子どもと行けるイベント、他にもたくさん載せてるの。発売日までのカウントダウンが一目で分かるようにしてあるわ。 https://t.co/E4Kk2l7rQG,https://x.com/oshinavinavi/status/2083339104272687139,5,0,0,0,0,0,0,0,0,0,0,0,0
2083339037663019213,"Fri, Jul 31, 2026","OSHINAVIの""本日発売""ピックアップ🎫 本日8/1 10:00発売！ ウルトラヒーローズ THE LIVE 「〜オメガ・アーク・ブレーザー 新世代ヒーロー集結〜」 楽天チケット最速先行（千葉11/14公演）／締切8/4 23:59 2026年11月14日 柏市民文化会館 大ホール（全国ツアーは9/12〜11/14）",https://x.com/oshinavinavi/status/2083339037663019213,156,0,2,0,0,0,1,0,0,1,0,0,0
2083338860654944317,"Fri, Jul 31, 2026",発売日を見逃したくない子は、こっちにまとめてあるわよ。ジャンル別に探せるから、推しの次の一手もきっと見つかるわ。 https://t.co/E4Kk2l7rQG,https://x.com/oshinavinavi/status/2083338860654944317,7,0,0,0,0,0,0,0,0,0,0,0,0
2083338773136622052,"Fri, Jul 31, 2026","OSHINAVIの""本日発売""ピックアップ🎫 本日8/1 10:00発売！ プロセカユニットファンミーティング 「25時、ナイトコードで。in 大分」 一般発売／2026年9月5日(土) 大分・iichiko グランシアタ 全国5都市で開催されるファンミ、その大分公演なのよ。九州のみんな、やっと来たわね。",https://x.com/oshinavinavi/status/2083338773136622052,152,0,1,0,0,0,1,0,0,0,0,0,0
2083166251766161612,"Fri, Jul 31, 2026",flumpoolの10公演ぜんぶの発売カウントダウンはこちらから。「flumpool」で検索すると一発です🎫 https://t.co/E4Kk2l7rQG,https://x.com/oshinavinavi/status/2083166251766161612,4,0,0,0,0,0,0,0,0,0,0,0,0
2083166171969593798,"Fri, Jul 31, 2026","OSHINAVIの""明日発売""ピックアップ🎫 flumpool tour 2026「ここからの歌」一般発売は明日8/1(土)10:00。 新EP『ここからの歌』を掲げて、ワンマンと対バンを織り交ぜるflumpool初の形のツアー。 BLUE ENCOUNTやmiwaと並ぶ夜もあれば、flumpoolだけの夜もある。",https://x.com/oshinavinavi/status/2083166171969593798,285,0,5,0,0,0,1,0,2,0,0,2,0
2083165499404526005,"Fri, Jul 31, 2026",miletの発売日程・会場ごとの詳細はこちらでまとめて確認できます🎫 https://t.co/E4Kk2l7rQG,https://x.com/oshinavinavi/status/2083165499404526005,7,0,0,0,0,0,0,0,0,0,0,0,0
2083165448254972061,"Fri, Jul 31, 2026","milet live tour ""Made of Glass""、明日8/1(土)10:00に北海道公演の一般発売がスタート。 11/13(金)札幌文化芸術劇場hitaruです。 約3年ぶりのアルバム「Made of Glass」を掲げた、約2年ぶりの全国ホールツアー（全17都市19公演）。",https://x.com/oshinavinavi/status/2083165448254972061,185,0,1,0,0,0,1,0,0,0,0,0,0
2083164856740651325,"Fri, Jul 31, 2026",11/7半田のホールワンマン、発売日と締切のカウントダウンはこちらでまとめてます👇 https://t.co/E4Kk2l7rQG,https://x.com/oshinavinavi/status/2083164856740651325,2,0,0,0,0,0,0,0,0,0,0,0,0
2083164760837898639,"Fri, Jul 31, 2026","OSHINAVIの""明日発売""ピックアップ🎫 ペンギンラッシュ「Penguinrush one man show HALL CONCERT」 11/7(土)瀧上工業雁宿ホール(愛知・半田)。一般発売は明日8/1(土)10:00スタート。",https://x.com/oshinavinavi/status/2083164760837898639,112,0,2,0,0,0,1,0,1,0,0,0,0
2083163460934967723,"Fri, Jul 31, 2026","OSHINAVIの""明日発売""ピックアップ🎫 hide presents MIX LEMONeD JELLY 2026 9/6(日) 川崎CLUB CITTA' 一般発売は明日8/1(土)10:00から⚡ 「楽しいこと、面白いものをたくさん集めて、お祭りをやろう！」 1997年にhideが発案したお祭りが、RYOプロデュースで9年ぶりに再起動。",https://x.com/oshinavinavi/status/2083163460934967723,122,0,1,0,0,0,0,0,0,1,0,0,0
2083163181976043839,"Fri, Jul 31, 2026","推しの""発売日""見逃さない｜OSHINAVI #柴咲コウ #泡沫 #チケット発売 ツアー他公演（鹿児島・仙台・高松など）の発売日カウントダウンはこちらから🎫 https://t.co/E4Kk2l7rQG",https://x.com/oshinavinavi/status/2083163181976043839,3,0,0,0,0,0,0,0,0,0,0,0,0
2083163121246724313,"Fri, Jul 31, 2026","OSHINAVIの""明日発売""ピックアップ🎫 柴咲コウ「KO SHIBASAKI LIVE TOUR 2026 ACTOR'S THE BEST ～泡沫～」 演じた作品の主題歌たちを、今の歌声で歌い直すセルフカバーライブ。テーマは泡沫——浮かんでは消える泡のように、二度と戻らない一瞬を音楽で抱きしめる夜。",https://x.com/oshinavinavi/status/2083163121246724313,228,0,4,0,0,0,1,0,1,2,0,0,0
2083162856585904139,"Fri, Jul 31, 2026","OSHINAVIの""明日発売""ピックアップ🎫 明日8/1 10:00発売！ 【筋肉少女帯】 筋肉少女帯 ツアー2026「奇談師」 都市ごとに演る作品が違う、全部観たくなる仕掛けのツアー。名古屋「サーカス団パノラマ島へ帰る」、大阪「月光蟲」、東京は制作30周年「キラキラと輝くもの」の完全再現ライブ。",https://x.com/oshinavinavi/status/2083162856585904139,183,0,0,0,0,0,0,0,0,0,0,0,0
2083159148620034109,"Fri, Jul 31, 2026","OSHINAVIの""明日発売""ピックアップ🎫 明日8/1 10:00発売！ 【宝塚歌劇 宙組】 全国ツアー ミュージカル・プレイ『再会』／スパーキング・イルミネイト『Diamond IMPULSE』 桜木みなと・春乃さくらの宙組が全国7都市へ。広島で観られるのは11/14(土)福山・リーデンローズのただ1日、昼夜2回公演だけ。",https://x.com/oshinavinavi/status/2083159148620034109,569,0,7,0,0,0,0,0,0,3,3,1,0
2083153936392049076,"Fri, Jul 31, 2026",マジカルミライ2026のチケット情報まとめはこちら。正午12時スタート、お忘れなく⏰ https://t.co/E4Kk2l7rQG,https://x.com/oshinavinavi/status/2083153936392049076,4,0,0,0,0,0,0,0,0,0,0,0,0
2083153552260968659,"Fri, Jul 31, 2026","OSHINAVIの""明日発売""ピックアップ🎫 明日8/1 12:00発売！※お昼スタート 【初音ミク「マジカルミライ 2026」】 14年目のテーマは「湖のソナーレ」。 初のHAMAMATSUを加えた3会場開催、3DCGライブと企画展をまるごと楽しむ夏の祭典が、今年も幕張メッセへ。",https://x.com/oshinavinavi/status/2083153552260968659,110,0,1,0,0,0,1,0,0,0,0,0,0
2083152872179667204,"Fri, Jul 31, 2026",3公演ぶんの発売日はOSHINAVIで一覧できます。サイトの検索窓で「沢田研二」とどうぞ🎤 https://t.co/E4Kk2l7rQG,https://x.com/oshinavinavi/status/2083152872179667204,4,0,2,0,0,0,0,0,0,1,1,0,0
2083152806593130805,"Fri, Jul 31, 2026","OSHINAVIの""明日発売""ピックアップ🎫 明日8/1 10:00発売！ 【沢田研二】 沢田研二 2026 LIVE!『freedom 安堵 courage』 78歳のジュリーが、今年もツアーで全国を巡る。 ファイナルは東京・SGC HALL ARIAKEの2DAYS。 歌い続けてくれることが、もう奇跡じゃなく約束みたいで。",https://x.com/oshinavinavi/status/2083152806593130805,202,0,2,0,0,0,1,0,1,0,0,0,0
2083149336792457589,"Fri, Jul 31, 2026",ULTRActi:onツアー、有明以外の地方公演の受付締切もまとめて確認できます👇 https://t.co/E4Kk2l7rQG,https://x.com/oshinavinavi/status/2083149336792457589,3,0,0,0,0,0,0,0,0,0,0,0,0
2083148337314951384,"Fri, Jul 31, 2026","OSHINAVIの""明日発売""ピックアップ🎫 明日8/1 10:00発売！ 【北山宏光】 HIROMITSU KITAYAMA LIVE TOUR 2026「ULTRActi:on」 7月の神戸を皮切りに全国を巡ってきたツアーが、 日程の最後東京 有明アリーナへ。 ホールで積み上げてきたこの夏のステージを、アリーナのスケールで解き放つ2DAYS。",https://x.com/oshinavinavi/status/2083148337314951384,387,0,3,0,0,0,1,0,2,0,0,0,0
2082786961509806187,"Thu, Jul 30, 2026","OSHINAVIの""明日発売""ピックアップ🎫 明日7/31 12:00発売！ 藤田朋子＆桑山哲也「笑顔満祭コンサート」 桑山哲也のアコーディオン、黒木千波留のピアノ、ゲストに藤澤ノリマサ。Kitara小ホールの近さで、息づかいまで届く音を。",https://x.com/oshinavinavi/status/2082786961509806187,166,5,15,0,0,0,0,4,2,1,3,0,0
2082786738104402341,"Thu, Jul 30, 2026",発売は明日の夜20:00スタート。詳細のチェックはここからね https://t.co/7GZ6AAkSvE,https://x.com/oshinavinavi/status/2082786738104402341,7,0,4,0,0,0,0,0,0,2,2,0,0
2082786678834663917,"Thu, Jul 30, 2026","OSHINAVIの""明日発売""ピックアップ🎫 明日7/31 20:00発売！ FEVER WAVE 2026 Live House Pangea &amp; HOLIDAY! RECORDS pre. 大阪サーキット SuiseiNoboAz、BURGER NUDS、水中スピカ、osterreichほか出演27組＋α。",https://x.com/oshinavinavi/status/2082786678834663917,260,0,3,0,0,0,1,0,0,0,0,2,0
2082783820051611705,"Thu, Jul 30, 2026",20周年フェス「ones」の詳しい情報は、こちらで確認できます https://t.co/Uqgo98sUNG,https://x.com/oshinavinavi/status/2082783820051611705,3,0,0,0,0,0,0,0,0,0,0,0,0
2082783734596821393,"Thu, Jul 30, 2026","OSHINAVIの""明日発売""ピックアップ🎫 明日7/31 18:00発売！ jizue 「jizue 20th anniversary fes「ones」」 結成20周年、そして初の屋外フェス。 集うのはLITE・fox capture plan・Rega・toconoma——言葉のいらない音たちが、野外の空へ抜けていく。",https://x.com/oshinavinavi/status/2082783734596821393,329,3,9,1,0,0,1,0,1,2,0,2,0
2082783474533151012,"Thu, Jul 30, 2026","OSHINAVIの""明日発売""ピックアップ🎫 明日7/31 11:00発売！ Hump Back 「Hump Back pre. ""HELLO ANEW TOUR"" 2026-2027」",https://x.com/oshinavinavi/status/2082783474533151012,47,0,4,0,0,0,0,0,1,1,2,0,0
2082783273256976500,"Thu, Jul 30, 2026",締切は8/11。詳細はこちらからどうぞ。忘れないうちにチェックを→ https://t.co/KHAEll65cO,https://x.com/oshinavinavi/status/2082783273256976500,3,0,0,0,0,0,0,0,0,0,0,0,0
2082783204101243252,"Thu, Jul 30, 2026","OSHINAVIの""明日発売""ピックアップ🎫 明日7/31 12:00発売！ おいしくるメロンパン 「avenue tour - sleepwalk -」 8/26リリースの11thミニアルバム『avenue』を連れてまわるツアー、その北海道2days。届いたばかりの新曲を、いちばん新しい温度のまま生で浴びる。",https://x.com/oshinavinavi/status/2082783204101243252,59,0,1,0,0,0,1,0,0,0,0,0,0
2082782987100528713,"Thu, Jul 30, 2026","OSHINAVIの""明日発売""ピックアップ🎫 明日7/31 12:00発売！ Chevon 「Chevon pre.よしなに〜遊牧編〜」 ""今まで中々行けなかった場所をまわる""、6都市の遊牧ワンマン。逃した夜を数えてきた人ほど刺さるはず。 遠征じゃなく、自分の街で会える。",https://x.com/oshinavinavi/status/2082782987100528713,152,0,0,0,0,0,0,0,0,0,0,0,0
2082465839635370179,"Wed, Jul 29, 2026","ライブの""発売日""って気づいたら過ぎてるのよね。それを無くすためのサイトがこれ https://t.co/gYOie3M3x2",https://x.com/oshinavinavi/status/2082465839635370179,1,0,0,0,0,0,0,0,0,0,0,0,0
2082465789173755980,"Wed, Jul 29, 2026","OSHINAVIの""明日発売""ピックアップ🎫 明日7/30(木)12:00発売！ 【中山圭以子】 KEIKO NAKAYAMA New album release LIVE 新しいアルバムの歌を、本人の声で浴びる夜。 10/30(金) 東京・南青山マンダラ。ステージと客席の距離が近いあの空間で聴くリリースライブは、音源とは別ものの体験よ。",https://x.com/oshinavinavi/status/2082465789173755980,154,1,4,0,0,0,1,2,0,0,0,0,0
2082451698178830704,"Wed, Jul 29, 2026",発売日を一覧で追えるように、全国のチケット情報をまとめてるの。めせもあ。の他の公演枠もここから見られるわ https://t.co/YgxyMQ9N1z,https://x.com/oshinavinavi/status/2082451698178830704,9,0,0,0,0,0,0,0,0,0,0,0,0
2082451600040436093,"Wed, Jul 29, 2026","OSHINAVIの""明日発売""ピックアップ🎫 明日7/30(木)20:00発売！ 【MeseMoa.】 47都道府県ツアー「BooM!! ～にほんめ。ぐるーぷ～」 約10年ぶり、2回目の47都道府県制覇の旅。あの頃見た景色を、いまのめせもあ。がもう一度塗り替えていく。 明日20:00は先着一般発売。対象は ・9/5(土) 北海道",https://x.com/oshinavinavi/status/2082451600040436093,423,1,6,0,0,0,1,0,3,0,0,1,0
2082442026583572540,"Wed, Jul 29, 2026",ボーイズグループの発売予定、他にもまとめてあるわ。推しの見逃し防止にどうぞ https://t.co/agQLiPNfvM,https://x.com/oshinavinavi/status/2082442026583572540,5,0,0,0,0,0,0,0,0,0,0,0,0
2082441959646568733,"Wed, Jul 29, 2026","OSHINAVIの""明日発売""ピックアップ🎫 明日7/30(木)11:00発売！ 【Boys Dance&amp;Vocal Groupフェスin一宮】 BOYS AND MEN／OCTPATH／X8EE／JAMHEADS／青春CYBER——5組が愛知・一宮市民会館に集結。 9/5(土)・9/6(日)の2日間、ボーイズグループのフェスがこの街で生まれる。",https://x.com/oshinavinavi/status/2082441959646568733,238,0,0,0,0,0,0,0,0,0,0,0,0
2082417270102651235,"Wed, Jul 29, 2026","""いつ発売で、いつ締切か""だけを毎日整理してるサイトよ。気になったらここでチェックして https://t.co/8gQoAFmMnn",https://x.com/oshinavinavi/status/2082417270102651235,5,0,1,0,0,0,1,0,0,0,0,0,0
2082417136786456655,"Wed, Jul 29, 2026","OSHINAVIの""明日発売""ピックアップ🎫 明日7/30(木)10:00発売！ 【佐々木秀実】 コンサート2026 ～愛と人生を謳う～ シャンソンがずっと歌い続けてきたもの。それは愛と、人生。 その二つを正面から""謳う""と掲げたステージよ。歌の中の物語に、自分の人生をそっと重ねて聴く午後があってもいい。",https://x.com/oshinavinavi/status/2082417136786456655,113,5,11,0,0,0,1,2,2,1,0,0,0
2082395510670041362,"Wed, Jul 29, 2026",ミュージカルの先行・締切もカウントダウンで並べてるの。観たい舞台の枠、ここで確認してみて https://t.co/31aXDB4kcz,https://x.com/oshinavinavi/status/2082395510670041362,13,0,3,0,0,0,0,0,0,1,2,0,0
2082395379455438961,"Wed, Jul 29, 2026","OSHINAVIの""明日締切""ピックアップ🎫 明日7/30(木)11:00締切！ 【ミュージカル『星影の人』-沖田総司・まぼろしの青春-】 宝塚歌劇の名作が、岡宮来夢主演で新たな舞台によみがえる。 若くして散った天才剣士・沖田総司の、まぼろしのような青春。 大阪12/5(土)",https://x.com/oshinavinavi/status/2082395379455438961,316,0,1,0,0,0,1,0,0,0,0,0,0
2082379912980377725,"Wed, Jul 29, 2026",ミュージカルの先行・締切もカウントダウンで並べてるの。観たい舞台の枠、ここで確認してみて ＋ https://t.co/31aXDB4kcz,https://x.com/oshinavinavi/status/2082379912980377725,9,0,0,0,0,0,0,0,0,0,0,0,0
2082379796571619812,"Wed, Jul 29, 2026","OSHINAVIの""明日締切""ピックアップ🎫 明日7/30(木)11:00締切！ 【ミュージカル『星影の人』-沖田総司・まぼろしの青春-】 宝塚歌劇の名作が、岡宮来夢主演で新たな舞台によみがえる。 若くして散った天才剣士・沖田総司の、まぼろしのような青春。 大阪12/5(土)",https://x.com/oshinavinavi/status/2082379796571619812,281,0,1,0,0,0,1,0,0,0,0,0,0
2082082611883892947,"Tue, Jul 28, 2026","https://t.co/KHAEll65cO OSHINAVIの""明日発売""ピックアップ🎫 お盆の横浜は昼夜2本立て！ メンバーセレクト曲のミニライブと、カバー曲めっちゃやります 『ラムネシネマとポップコーン 番外編』。 8/14(金)横浜YTJホール、明日7/29(水)21:30発売！ #ラムネ商店街 推しの""発売日""見逃さない｜OSHINAVI",https://x.com/oshinavinavi/status/2082082611883892947,116,0,0,0,0,0,0,0,0,0,0,0,0
2082082302046462125,"Tue, Jul 28, 2026","https://t.co/udQeXdMSZ7 OSHINAVIの""明日発売""ピックアップ🎫 『Discotique Nite 2026』 ディスコアレンジのオリジナルとあの頃の洋楽カバーで踊る夜。 10/9東京・10/11横浜ビルボード、明日7/29(水)12:00発売！ #SkoopOnSomebody 推しの""発売日""見逃さない｜OSHINAVI",https://x.com/oshinavinavi/status/2082082302046462125,310,0,0,0,0,0,0,0,0,0,0,0,0
2082081982838919499,"Tue, Jul 28, 2026","https://t.co/31aXDB4kcz OSHINAVIの""明日発売""ピックアップ🎫 結成60周年ツアー 『お楽しみはこれからだ！〜想い出の渚の軌跡〜』 が横須賀へ。 ゲストはミッキー吉野！10/4(日)よこすか芸術劇場、先着先行は明日7/29(水)18:00！ #ワイルドワンズ #ミッキー吉野 推しの""発売日""見逃さない｜OSHINAVI",https://x.com/oshinavinavi/status/2082081982838919499,62,0,2,0,0,0,0,0,0,1,1,0,0
2082081826966020491,"Tue, Jul 28, 2026","https://t.co/agQLiPNfvM OSHINAVIの""明日発売""ピックアップ🎫 48歳の誕生日を記念して、バンドで駆け抜けるワンマン『Run fortyeight Run!』。 8/29(土)高円寺KOENJI HIGH、一般発売は明日7/29(水)10:00！ #岩瀬敬吾 推しの""発売日""見逃さない｜OSHINAVI",https://x.com/oshinavinavi/status/2082081826966020491,1141,7,23,0,0,0,0,2,1,5,5,3,0
2082081657247642089,"Tue, Jul 28, 2026","https://t.co/8gQoAFmMnn OSHINAVIの""明日発売""ピックアップ🎫 毎週月曜『BS日本・こころの歌』で聴くあのハーモニーを、ホールの生音で。 心に染みる歌声を、今度は間近で。 10/25(日)川口リリア、一般発売は明日7/29(水)10:00から。 #フォレスタ 推しの""発売日""見逃さない｜OSHINAVI",https://x.com/oshinavinavi/status/2082081657247642089,204,0,0,0,0,0,0,0,0,0,0,0,0
2082080965745348973,"Tue, Jul 28, 2026","https://t.co/YgxyMQ9N1z OSHINAVIの""明日発売""ピックアップ🎫 新曲「まるでサイダー！」の甘酸っぱい夏を、そのまま生で。ツアー""REFRESH""が札幌へ！10/7(水)ペニーレーン24、3次プレリザーブは明日7/29(水)11:00スタート！ #大原櫻子 推しの""発売日""見逃さない｜OSHINAVI",https://x.com/oshinavinavi/status/2082080965745348973,209,0,3,0,0,0,0,0,2,0,0,1,0
2081710624737013970,"Mon, Jul 27, 2026","OSHINAVIの""本日発売""ピックアップ🎫 本日7/28 10:00 前売券発売！ 【少女漫画・インフィニティ 萩尾望都×山岸凉子×大和和紀 三人展】 あのページを、もう一度めくりに行く。 夢中で読んだ一コマの原画が、目の前にある。",https://x.com/oshinavinavi/status/2081710624737013970,107,0,4,0,0,0,0,0,0,1,1,2,0
2079688869709275549,"Tue, Jul 21, 2026","全国8会場ツアーの各公演・受付状況はここでチェックできるわよ🎫 イエモンの""発売日""、ひとつも見逃さないで 👉 https://t.co/x1shEIUwyA",https://x.com/oshinavinavi/status/2079688869709275549,5,0,1,0,0,0,0,0,1,0,0,0,0
2079688819251826802,"Tue, Jul 21, 2026","OSHINAVIの""本日発売""ピックアップ🎫 本日7/22 12:00発売！ THE YELLOW MONKEY TOUR 2026 THE COUNTDOWN〜60分1本勝負〜 ライブハウスに帰ってくる4人。無駄なし、濃縮の60分に全部ぶつけてくる🔥",https://x.com/oshinavinavi/status/2079688819251826802,17,0,2,0,0,0,1,0,0,0,0,1,0
2079531025928188154,"Tue, Jul 21, 2026","名演は、チケットを取れた人だけのもの。 ヨーヨー・マの""一夜限り""を、発売日を知らずに逃すのはもったいない。 クラシックも落語もライブも、推しの発売日をOSHINAVIがまとめて見張ってます🎫 次に手にしたい一枚、先回りで👇 https://t.co/JiZWwg9csI",https://x.com/oshinavinavi/status/2079531025928188154,7,0,1,0,0,0,0,0,0,1,0,0,0
2079530886048129526,"Tue, Jul 21, 2026","OSHINAVIの""明日発売""ピックアップ🎫 明日7/22 10:00発売！ ヨーヨー・マ サントリーホール40周年を祝う特別な一夜。 世界が愛したチェロが、若尾圭良(vn)・ユン=ジャニス=ルー(pf)と紡ぐ室内楽。 ショスタコーヴィチにメシアン。この秋、ここでしか聴けない響き。 10/25(日)・27(火)",https://x.com/oshinavinavi/status/2079530886048129526,17,0,1,0,0,0,1,0,0,0,0,0,0
2079530199742652568,"Tue, Jul 21, 2026","""あとで買おう""が、いちばん危ない。 T-BOLANの武道館みたいに、気づいた時にはもう…をなくしたくて作りました。 発売日を迎える推しのチケットを、OSHINAVIがまとめて見張ってます🎫 気になる推し、先回りしてチェック👇 https://t.co/HlReA40A7Q",https://x.com/oshinavinavi/status/2079530199742652568,5,0,0,0,0,0,0,0,0,0,0,0,0
2079530020599660577,"Tue, Jul 21, 2026","OSHINAVIの""明日発売""ピックアップ🎫 明日7/22 18:00発売！ T-BOLAN 全国47都道府県を巡った""約束の旅""が、ここで完結する。 メンバー自身の意思で選んだ、これが本当の最後の夜。 あの歌声を、武道館で見届けたい。 8/10(月) 日本武道館 推しの""発売日""見逃さない｜OSHINAVI #TBOLAN #日本武道館",https://x.com/oshinavinavi/status/2079530020599660577,15,0,4,0,0,0,1,0,0,3,0,0,0
2079193729278320961,"Mon, Jul 20, 2026",同じツアーなのに、大阪・福岡・大分の先行は今夜23:59で終わります。 仙台と福島は7/26、愛知は7/27。 「まだ先だろう」で見逃すやつです。 7公演ぶん並べました https://t.co/96gXkRo7Om,https://x.com/oshinavinavi/status/2079193729278320961,4,0,0,0,0,0,0,0,0,0,0,0,0
2079180228291965241,"Mon, Jul 20, 2026",ブルーロックのほかにも、明日7/21は35件が発売開始。 高校野球の千葉大会、準決勝と決勝の前売券も明日12時からです⚾ 発売日カウントダウンで見られます https://t.co/4DeBS1g5W6,https://x.com/oshinavinavi/status/2079180228291965241,7,0,4,0,0,0,0,0,0,1,3,0,0
2079178769110282531,"Mon, Jul 20, 2026",同じツアーなのに、大阪・福岡・大分の先行は今夜23:59で終わります。 仙台と福島は7/26、愛知は7/27。 「まだ先だろう」で見逃すやつです。 7公演ぶん並べました https://t.co/E4Kk2l7rQG,https://x.com/oshinavinavi/status/2079178769110282531,5,0,2,0,0,0,0,0,0,0,2,0,0
2079178698419585366,"Mon, Jul 20, 2026","OSHINAVIの""明日発売""ピックアップ🎫 7/21(火)11:00〜 6次プレリザーブ milet Hall Tour 2026 秋の全国ホールツアー、17都市19公演 11/13(金) 札幌文化芸術劇場hitaru あの声を、ホールいっぱいに浴びる夜。 受付〜7/27 推しの""発売日""見逃さない｜OSHINAVI #milet",https://x.com/oshinavinavi/status/2079178698419585366,24,0,6,0,0,0,2,0,0,4,0,0,0
2079164164355027385,"Mon, Jul 20, 2026",ブルーロックのほかにも、明日7/21は35件が発売開始。 高校野球の千葉大会、準決勝と決勝の前売券も明日12時からです⚾ 発売日カウントダウンで見られます https://t.co/E4Kk2l7rQG,https://x.com/oshinavinavi/status/2079164164355027385,7,0,2,0,0,0,1,0,0,1,0,0,0
2079164099037163887,"Mon, Jul 20, 2026","OSHINAVIの""明日発売""ピックアップ🎫 7/21(火)12:00〜 抽選先行 ブルーロック×サンシャインシティプリンスホテル 推しコンビの部屋が5種類。 潔×凛、潔×凪、凛×冴…どの2人と朝を迎える? 受付〜7/26 推しの""発売日""見逃さない｜OSHINAVI #ブルーロック #ブルロ",https://x.com/oshinavinavi/status/2079164099037163887,23,0,1,0,0,0,1,0,0,0,0,0,0
2078827131619115046,"Sun, Jul 19, 2026","OSHINAVIの""明日発売""ピックアップ🎫 【中山優馬】 YUMA NAKAYAMA ONE MAN'26 -Select- 10/12(月・祝) 和歌山城ホール 大ホール 開場15:00／開演16:00・全席指定8,800円 和歌山城ホールの5周年記念公演「MUSIC DAYS」、その2日目を任されたのが優馬くん。 節目の日を締めくくる一夜を、あの歌声で。",https://x.com/oshinavinavi/status/2078827131619115046,363,0,3,0,0,0,0,0,0,1,2,0,0
2077626697764282710,"Thu, Jul 16, 2026",Chevonの先行、忘れそうなら…発売日をそっと覚えておくサイトがあるの📅 気になる推しを登録して、当日ダッシュ🏃‍♀️ ▶ https://t.co/HznoHhohiI,https://x.com/oshinavinavi/status/2077626697764282710,11,0,0,0,0,0,0,0,0,0,0,0,0
2077626488946593800,"Thu, Jul 16, 2026","OSHINAVIの""明日発売""ピックアップ🎫 明日7/17 12:00発売！ Chevon「よしなに〜遊牧編〜」 行けなかった街へ。あの轟音を、地元で。 先行2次〜7/26／仙台・新潟・京都・広島・高松 推しの""発売日""見逃さない｜OSHINAVI #Chevon",https://x.com/oshinavinavi/status/2077626488946593800,22,0,1,0,0,0,1,0,0,0,0,0,0
2077363412980646272,"Wed, Jul 15, 2026","甲子園だけじゃないの。神奈川・千葉の地方大会、イチロー選抜戦やU-18壮行試合まで、高校野球関連の""発売日""をOSHINAVIでまとめてチェック⚾🎫 👉 https://t.co/HznoHhohiI",https://x.com/oshinavinavi/status/2077363412980646272,17,0,3,0,0,0,0,0,0,2,1,0,0
2077363298899796360,"Wed, Jul 15, 2026","OSHINAVIの""明日発売""ピックアップ🎫 明日7/16 10:00発売！ 第108回 全国高校野球選手権大会 今年も熱い夏が来た！ 球児達の一瞬に胸も熱くなる‼ 8/5開幕 阪神甲子園（兵庫） 推しの""発売日""見逃さない｜OSHINAVI #夏の甲子園 #高校野球",https://x.com/oshinavinavi/status/2077363298899796360,22,0,3,0,0,0,1,0,0,2,0,0,0
2076943524944372046,"Tue, Jul 14, 2026",一般発売は8/8 10:00から。今日の先行を逃しても、まだ手はあるわよ。 札幌市教育文化会館と函館まるなまホール、どっちも発売日はここで追えるわ。 https://t.co/HznoHhohiI,https://x.com/oshinavinavi/status/2076943524944372046,16,0,0,0,0,0,0,0,0,0,0,0,0
2076943419419873715,"Tue, Jul 14, 2026","OSHINAVIの""明日発売""ピックアップ🎫 明日7/15 11:00発売！ クレイジーケンバンド プレリザーブ 〜7/22 10/22 札幌／10/24 函館 新作『何？』を引っ提げ、全国ツアー展開！ 推しの""発売日""見逃さない｜OSHINAVI #クレイジーケンバンド",https://x.com/oshinavinavi/status/2076943419419873715,23,0,2,0,0,0,1,0,0,1,0,0,0
2076940045437878398,"Tue, Jul 14, 2026",石川(7/31)はまだ一般発売中、7/16まで。 締切もカウントダウンで並べてるわ。 https://t.co/HznoHhohiI,https://x.com/oshinavinavi/status/2076940045437878398,21,0,5,0,0,0,0,0,0,1,4,0,0
2076939754562884046,"Tue, Jul 14, 2026","OSHINAVIの""本日発売""ピックアップ🎫 7/15 11:00発売！ コブクロデビュー25年目 ツアー「霞日和」4次プレリザーブ 二人の声が重なる 9/29・30 北海道 推しの""発売日""見逃さない｜OSHINAVI #コブクロ #霞日和",https://x.com/oshinavinavi/status/2076939754562884046,27,0,4,0,0,0,1,0,0,2,0,1,0
2076299675444130012,"Sun, Jul 12, 2026","OSHINAVIの""明日発売""ピックアップ🎫 明日7/13(月)11:00 先行受付スタート！ 猪突猛進ガールズバンド・ちゃくら サクラ/ワキタルル/まお/葉弥の4人 一生ガールズバンド、一生バンドマ メジャーデビュー後 初の全国TOURの皮切り 9/6(日) 札幌近松 https://t.co/HznoHhohiI #ちゃくら",https://x.com/oshinavinavi/status/2076299675444130012,22,0,1,0,0,0,0,0,0,0,1,0,0
2074837349243203798,"Wed, Jul 8, 2026","OSHINAVIの""明日発売""ピック🎫 明日7/9 10:00発売！ 佐久間一行×ロバート秋山の「かわりに言ってあげるよ。」iｎ 山形 “モノ”の気持ちを代弁する大人気ライブ！ 身の回りの""アイツ""が喋りだす90分 8/9(日) シェルターなんようホール 推しの""発売日""見逃さない｜OSHINAVI #ロバート秋山 #佐久間一行",https://x.com/oshinavinavi/status/2074837349243203798,22,0,3,0,0,0,0,0,0,1,0,2,0
2074827554981388306,"Wed, Jul 8, 2026","OSHINAVIの""明日発売""ピック🎫 明日7/9 10:00発売！ ザ・ニュースペーパー 時事風刺コント 時事ネタ×そっくり芸、キレッキレの2時間 10/18(日) 大宮ソニックシティ 推しの""発売日""、見逃さない｜OSHINAVI #ザニュースペーパー #コント",https://x.com/oshinavinavi/status/2074827554981388306,18,0,2,0,0,0,0,0,0,2,0,0,0
2074490335003341188,"Tue, Jul 7, 2026",【明日7/8発売】 milet／BABYMONSTER／丘みどり／さくら前線 のチケット、いよいよ明日発売🎫 発売時間バラバラだから買い逃し注意！ まとめて発売時間チェック→ https://t.co/HznoHhohiI #milet #BABYMONSTER,https://x.com/oshinavinavi/status/2074490335003341188,21,0,5,0,0,0,0,0,0,1,3,1,0
2072207077142069397,"Wed, Jul 1, 2026",【あさって7/3 昼12時】 ▎ LAUSBUBの北海道公演(10/2)、プレリザーブが動くよ〜！札幌発、『Telefon』で刺さってきたあの2人の地元凱旋🎹 ▎ 気づいたら受付始まってるやつだから、今のうちにメモしとこ。 ▎ #LAUSBUB,https://x.com/oshinavinavi/status/2072207077142069397,13,0,0,0,0,0,0,0,0,0,0,0,0