  登録済みのTIGETイベント 2014件（新着順で追い越したら打ち切る）
  一覧 cat=29(アイドル) page=1/58 … 24件（未登録23件）/ 累計24件
  一覧 cat=29(アイドル) page=2/58 … 24件（未登録1件）/ 累計48件
  一覧 cat=29(アイドル) page=3/58 … 24件（未登録2件）/ 累計72件
  一覧 cat=29(アイドル) page=4/58 … 24件（未登録1件）/ 累計96件
  一覧 cat=29(アイドル) page=5/58 … 24件（未登録0件）/ 累計120件
  → 登録済みだけのページが1枚続いたので cat=29 は打ち切り
  一覧 cat=30(ジャズ／フュージョン) page=1/8 … 24件（未登録22件）/ 累計144件
  一覧 cat=30(ジャズ／フュージョン) page=2/8 … 24件（未登録17件）/ 累計168件
  一覧 cat=30(ジャズ／フュージョン) page=3/8 … 24件（未登録16件）/ 累計192件
  一覧 cat=30(ジャズ／フュージョン) page=4/8 … 24件（未登録20件）/ 累計216件
  一覧 cat=30(ジャズ／フュージョン) page=5/8 … 24件（未登録9件）/ 累計240件
  一覧 cat=30(ジャズ／フュージョン) page=6/8 … 24件（未登録22件）/ 累計264件
  一覧 cat=30(ジャズ／フュージョン) page=7/8 … 24件（未登録22件）/ 累計288件
  一覧 cat=30(ジャズ／フュージョン) page=8/8 … 1件（未登録1件）/ 累計289件
  一覧 cat=31(邦楽ポップ／ロック) page=1/121 … 24件（未登録23件）/ 累計310件
  一覧 cat=31(邦楽ポップ／ロック) page=2/121 … 24件（未登録17件）/ 累計327件
  一覧 cat=31(邦楽ポップ／ロック) page=3/121 … 24件（未登録13件）/ 累計339件
  一覧 cat=31(邦楽ポップ／ロック) page=4/121 … 24件（未登録17件）/ 累計356件
  一覧 cat=31(邦楽ポップ／ロック) page=5/121 … 23件（未登録19件）/ 累計378件
  一覧 cat=31(邦楽ポップ／ロック) page=6/121 … 24件（未登録16件）/ 累計401件
  一覧 cat=31(邦楽ポップ／ロック) page=7/121 … 23件（未登録12件）/ 累計424件
  一覧 cat=31(邦楽ポップ／ロック) page=8/121 … 24件（未登録19件）/ 累計447件
  一覧 cat=31(邦楽ポップ／ロック) page=9/121 … 24件（未登録16件）/ 累計471件
  一覧 cat=31(邦楽ポップ／ロック) page=10/121 … 24件（未登録19件）/ 累計495件
  一覧 cat=31(邦楽ポップ／ロック) page=11/121 … 24件（未登録21件）/ 累計519件
  一覧 cat=31(邦楽ポップ／ロック) page=12/121 … 24件（未登録21件）/ 累計543件
  一覧 cat=31(邦楽ポップ／ロック) page=13/121 … 24件（未登録16件）/ 累計565件
  一覧 cat=31(邦楽ポップ／ロック) page=14/121 … 24件（未登録13件）/ 累計589件
  一覧 cat=31(邦楽ポップ／ロック) page=15/121 … 24件（未登録12件）/ 累計613件
  一覧 cat=31(邦楽ポップ／ロック) page=16/121 … 24件（未登録18件）/ 累計637件
  一覧 cat=31(邦楽ポップ／ロック) page=17/121 … 24件（未登録17件）/ 累計661件
  一覧 cat=31(邦楽ポップ／ロック) page=18/121 … 24件（未登録20件）/ 累計685件
  一覧 cat=31(邦楽ポップ／ロック) page=19/121 … 24件（未登録15件）/ 累計708件
  一覧 cat=31(邦楽ポップ／ロック) page=20/121 … 24件（未登録20件）/ 累計730件
  一覧 cat=31(邦楽ポップ／ロック) page=21/121 … 24件（未登録19件）/ 累計753件
  一覧 cat=31(邦楽ポップ／ロック) page=22/121 … 24件（未登録16件）/ 累計776件
  一覧 cat=31(邦楽ポップ／ロック) page=23/121 … 24件（未登録15件）/ 累計800件
  一覧 cat=31(邦楽ポップ／ロック) page=24/121 … 24件（未登録22件）/ 累計821件
  一覧 cat=31(邦楽ポップ／ロック) page=25/121 … 24件（未登録17件）/ 累計845件
  一覧 cat=31(邦楽ポップ／ロック) page=26/121 … 24件（未登録18件）/ 累計869件
  一覧 cat=31(邦楽ポップ／ロック) page=27/121 … 24件（未登録15件）/ 累計893件
  一覧 cat=31(邦楽ポップ／ロック) page=28/121 … 24件（未登録20件）/ 累計917件
  一覧 cat=31(邦楽ポップ／ロック) page=29/121 … 24件（未登録19件）/ 累計941件
  一覧 cat=31(邦楽ポップ／ロック) page=30/121 … 24件（未登録12件）/ 累計965件
  一覧 cat=31(邦楽ポップ／ロック) page=31/121 … 24件（未登録19件）/ 累計989件
  一覧 cat=31(邦楽ポップ／ロック) page=32/121 … 24件（未登録16件）/ 累計1013件
  一覧 cat=31(邦楽ポップ／ロック) page=33/121 … 23件（未登録19件）/ 累計1030件
  一覧 cat=31(邦楽ポップ／ロック) page=34/121 … 24件（未登録19件）/ 累計1054件
  一覧 cat=31(邦楽ポップ／ロック) page=35/121 … 24件（未登録17件）/ 累計1078件
  一覧 cat=31(邦楽ポップ／ロック) page=36/121 … 24件（未登録17件）/ 累計1102件
  一覧 cat=31(邦楽ポップ／ロック) page=37/121 … 24件（未登録16件）/ 累計1126件
  一覧 cat=31(邦楽ポップ／ロック) page=38/121 … 24件（未登録17件）/ 累計1150件
  一覧 cat=31(邦楽ポップ／ロック) page=39/121 … 24件（未登録20件）/ 累計1173件
  一覧 cat=31(邦楽ポップ／ロック) page=40/121 … 24件（未登録21件）/ 累計1196件
  一覧 cat=31(邦楽ポップ／ロック) page=41/121 … 24件（未登録20件）/ 累計1220件
  一覧 cat=31(邦楽ポップ／ロック) page=42/121 … 24件（未登録20件）/ 累計1244件
  一覧 cat=31(邦楽ポップ／ロック) page=43/121 … 24件（未登録22件）/ 累計1268件
  一覧 cat=31(邦楽ポップ／ロック) page=44/121 … 24件（未登録21件）/ 累計1292件
  一覧 cat=31(邦楽ポップ／ロック) page=45/121 … 24件（未登録18件）/ 累計1316件
  一覧 cat=31(邦楽ポップ／ロック) page=46/121 … 24件（未登録17件）/ 累計1340件
  一覧 cat=31(邦楽ポップ／ロック) page=47/121 … 23件（未登録18件）/ 累計1362件
  一覧 cat=31(邦楽ポップ／ロック) page=48/121 … 23件（未登録17件）/ 累計1385件
  一覧 cat=31(邦楽ポップ／ロック) page=49/121 … 24件（未登録17件）/ 累計1409件
  一覧 cat=31(邦楽ポップ／ロック) page=50/121 … 24件（未登録21件）/ 累計1429件
  一覧 cat=31(邦楽ポップ／ロック) page=51/121 … 24件（未登録17件）/ 累計1452件
  一覧 cat=31(邦楽ポップ／ロック) page=52/121 … 24件（未登録16件）/ 累計1476件
  一覧 cat=31(邦楽ポップ／ロック) page=53/121 … 24件（未登録21件）/ 累計1500件
  一覧 cat=31(邦楽ポップ／ロック) page=54/121 … 24件（未登録24件）/ 累計1523件
  一覧 cat=31(邦楽ポップ／ロック) page=55/121 … 24件（未登録19件）/ 累計1546件
  一覧 cat=31(邦楽ポップ／ロック) page=56/121 … 24件（未登録20件）/ 累計1565件
  一覧 cat=31(邦楽ポップ／ロック) page=57/121 … 24件（未登録14件）/ 累計1587件
  一覧 cat=31(邦楽ポップ／ロック) page=58/121 … 24件（未登録18件）/ 累計1611件
  一覧 cat=31(邦楽ポップ／ロック) page=59/121 … 24件（未登録13件）/ 累計1634件
  一覧 cat=31(邦楽ポップ／ロック) page=60/121 … 24件（未登録21件）/ 累計1657件
  一覧 cat=31(邦楽ポップ／ロック) page=61/121 … 24件（未登録18件）/ 累計1678件
  一覧 cat=31(邦楽ポップ／ロック) page=62/121 … 24件（未登録18件）/ 累計1699件
  一覧 cat=31(邦楽ポップ／ロック) page=63/121 … 24件（未登録19件）/ 累計1722件
  一覧 cat=31(邦楽ポップ／ロック) page=64/121 … 24件（未登録23件）/ 累計1741件
  一覧 cat=31(邦楽ポップ／ロック) page=65/121 … 24件（未登録20件）/ 累計1763件
  一覧 cat=31(邦楽ポップ／ロック) page=66/121 … 24件（未登録20件）/ 累計1787件
  一覧 cat=31(邦楽ポップ／ロック) page=67/121 … 24件（未登録17件）/ 累計1809件
  一覧 cat=31(邦楽ポップ／ロック) page=68/121 … 24件（未登録17件）/ 累計1832件
  一覧 cat=31(邦楽ポップ／ロック) page=69/121 … 24件（未登録20件）/ 累計1856件
  一覧 cat=31(邦楽ポップ／ロック) page=70/121 … 24件（未登録19件）/ 累計1880件
  一覧 cat=31(邦楽ポップ／ロック) page=71/121 … 24件（未登録19件）/ 累計1904件
  一覧 cat=31(邦楽ポップ／ロック) page=72/121 … 24件（未登録13件）/ 累計1927件
  一覧 cat=31(邦楽ポップ／ロック) page=73/121 … 24件（未登録16件）/ 累計1950件
  一覧 cat=31(邦楽ポップ／ロック) page=74/121 … 24件（未登録21件）/ 累計1974件
  一覧 cat=31(邦楽ポップ／ロック) page=75/121 … 24件（未登録17件）/ 累計1997件
  一覧 cat=31(邦楽ポップ／ロック) page=76/121 … 24件（未登録16件）/ 累計2021件
  一覧 cat=31(邦楽ポップ／ロック) page=77/121 … 24件（未登録21件）/ 累計2044件
  一覧 cat=31(邦楽ポップ／ロック) page=78/121 … 24件（未登録18件）/ 累計2067件
  一覧 cat=31(邦楽ポップ／ロック) page=79/121 … 24件（未登録20件）/ 累計2091件
  一覧 cat=31(邦楽ポップ／ロック) page=80/121 … 24件（未登録23件）/ 累計2113件
  一覧 cat=31(邦楽ポップ／ロック) page=81/121 … 24件（未登録24件）/ 累計2136件
  一覧 cat=31(邦楽ポップ／ロック) page=82/121 … 24件（未登録18件）/ 累計2160件
  一覧 cat=31(邦楽ポップ／ロック) page=83/121 … 24件（未登録19件）/ 累計2184件
  一覧 cat=31(邦楽ポップ／ロック) page=84/121 … 24件（未登録21件）/ 累計2208件
  一覧 cat=31(邦楽ポップ／ロック) page=85/121 … 24件（未登録22件）/ 累計2232件
  一覧 cat=31(邦楽ポップ／ロック) page=86/121 … 24件（未登録18件）/ 累計2256件
  一覧 cat=31(邦楽ポップ／ロック) page=87/121 … 24件（未登録22件）/ 累計2279件
  一覧 cat=31(邦楽ポップ／ロック) page=88/121 … 24件（未登録20件）/ 累計2303件
  一覧 cat=31(邦楽ポップ／ロック) page=89/121 … 24件（未登録19件）/ 累計2327件
  一覧 cat=31(邦楽ポップ／ロック) page=90/121 … 24件（未登録22件）/ 累計2351件
  一覧 cat=31(邦楽ポップ／ロック) page=91/121 … 24件（未登録18件）/ 累計2373件
  一覧 cat=31(邦楽ポップ／ロック) page=92/121 … 24件（未登録20件）/ 累計2397件
  一覧 cat=31(邦楽ポップ／ロック) page=93/121 … 24件（未登録20件）/ 累計2420件
  一覧 cat=31(邦楽ポップ／ロック) page=94/121 … 24件（未登録21件）/ 累計2444件
  一覧 cat=31(邦楽ポップ／ロック) page=95/121 … 24件（未登録13件）/ 累計2467件
  一覧 cat=31(邦楽ポップ／ロック) page=96/121 … 24件（未登録17件）/ 累計2490件
  一覧 cat=31(邦楽ポップ／ロック) page=97/121 … 24件（未登録19件）/ 累計2513件
  一覧 cat=31(邦楽ポップ／ロック) page=98/121 … 24件（未登録21件）/ 累計2535件
  一覧 cat=31(邦楽ポップ／ロック) page=99/121 … 24件（未登録23件）/ 累計2558件
  一覧 cat=31(邦楽ポップ／ロック) page=100/121 … 24件（未登録15件）/ 累計2582件
  一覧 cat=31(邦楽ポップ／ロック) page=101/121 … 24件（未登録16件）/ 累計2606件
  一覧 cat=31(邦楽ポップ／ロック) page=102/121 … 24件（未登録21件）/ 累計2629件
  一覧 cat=31(邦楽ポップ／ロック) page=103/121 … 24件（未登録13件）/ 累計2652件
  一覧 cat=31(邦楽ポップ／ロック) page=104/121 … 24件（未登録19件）/ 累計2676件
  一覧 cat=31(邦楽ポップ／ロック) page=105/121 … 24件（未登録23件）/ 累計2699件
  一覧 cat=31(邦楽ポップ／ロック) page=106/121 … 24件（未登録21件）/ 累計2723件
  一覧 cat=31(邦楽ポップ／ロック) page=107/121 … 24件（未登録23件）/ 累計2747件
  一覧 cat=31(邦楽ポップ／ロック) page=108/121 … 24件（未登録19件）/ 累計2770件
  一覧 cat=31(邦楽ポップ／ロック) page=109/121 … 24件（未登録19件）/ 累計2794件
  一覧 cat=31(邦楽ポップ／ロック) page=110/121 … 24件（未登録17件）/ 累計2818件
  一覧 cat=31(邦楽ポップ／ロック) page=111/121 … 24件（未登録20件）/ 累計2842件
  一覧 cat=31(邦楽ポップ／ロック) page=112/121 … 24件（未登録18件）/ 累計2866件
  一覧 cat=31(邦楽ポップ／ロック) page=113/121 … 24件（未登録24件）/ 累計2889件
  一覧 cat=31(邦楽ポップ／ロック) page=114/121 … 24件（未登録20件）/ 累計2912件
  一覧 cat=31(邦楽ポップ／ロック) page=115/121 … 24件（未登録11件）/ 累計2934件
  一覧 cat=31(邦楽ポップ／ロック) page=116/121 … 24件（未登録22件）/ 累計2956件
  一覧 cat=31(邦楽ポップ／ロック) page=117/121 … 24件（未登録18件）/ 累計2979件
  一覧 cat=31(邦楽ポップ／ロック) page=118/121 … 24件（未登録19件）/ 累計3000件
  一覧 cat=31(邦楽ポップ／ロック) page=119/121 … 24件（未登録20件）/ 累計3024件
  一覧 cat=31(邦楽ポップ／ロック) page=120/121 … 24件（未登録13件）/ 累計3048件
  一覧 cat=31(邦楽ポップ／ロック) page=121/121 … 13件（未登録11件）/ 累計3061件
  一覧 cat=32(邦楽ヒップホップ／レゲエ) page=1/7 … 24件（未登録13件）/ 累計3065件
  一覧 cat=32(邦楽ヒップホップ／レゲエ) page=2/7 … 24件（未登録12件）/ 累計3072件
  一覧 cat=32(邦楽ヒップホップ／レゲエ) page=3/7 … 24件（未登録11件）/ 累計3076件
  一覧 cat=32(邦楽ヒップホップ／レゲエ) page=4/7 … 24件（未登録13件）/ 累計3079件
  一覧 cat=32(邦楽ヒップホップ／レゲエ) page=5/7 … 24件（未登録12件）/ 累計3085件
  一覧 cat=32(邦楽ヒップホップ／レゲエ) page=6/7 … 24件（未登録15件）/ 累計3092件
  一覧 cat=32(邦楽ヒップホップ／レゲエ) page=7/7 … 4件（未登録3件）/ 累計3092件
  一覧 cat=33(邦楽ソウル／R&B) page=1/9 … 24件（未登録14件）/ 累計3095件
  一覧 cat=33(邦楽ソウル／R&B) page=2/9 … 24件（未登録15件）/ 累計3096件
  一覧 cat=33(邦楽ソウル／R&B) page=3/9 … 24件（未登録18件）/ 累計3097件
  一覧 cat=33(邦楽ソウル／R&B) page=4/9 … 24件（未登録16件）/ 累計3098件
  一覧 cat=33(邦楽ソウル／R&B) page=5/9 … 24件（未登録14件）/ 累計3101件
  一覧 cat=33(邦楽ソウル／R&B) page=6/9 … 24件（未登録13件）/ 累計3101件
  一覧 cat=33(邦楽ソウル／R&B) page=7/9 … 24件（未登録16件）/ 累計3103件
  一覧 cat=33(邦楽ソウル／R&B) page=8/9 … 24件（未登録14件）/ 累計3103件
  一覧 cat=33(邦楽ソウル／R&B) page=9/9 … 22件（未登録21件）/ 累計3106件
  一覧 cat=34(邦楽演歌／民謡) page=1/2 … 24件（未登録16件）/ 累計3113件
  一覧 cat=34(邦楽演歌／民謡) page=2/2 … 13件（未登録10件）/ 累計3115件
  一覧 cat=35(邦楽その他) page=1/24 … 23件（未登録17件）/ 累計3117件
  一覧 cat=35(邦楽その他) page=2/24 … 23件（未登録19件）/ 累計3121件
  一覧 cat=35(邦楽その他) page=3/24 … 24件（未登録21件）/ 累計3126件
  一覧 cat=35(邦楽その他) page=4/24 … 24件（未登録16件）/ 累計3126件
  一覧 cat=35(邦楽その他) page=5/24 … 24件（未登録17件）/ 累計3127件
  一覧 cat=35(邦楽その他) page=6/24 … 24件（未登録20件）/ 累計3132件
  一覧 cat=35(邦楽その他) page=7/24 … 23件（未登録16件）/ 累計3134件
  一覧 cat=35(邦楽その他) page=8/24 … 24件（未登録18件）/ 累計3139件
  一覧 cat=35(邦楽その他) page=9/24 … 23件（未登録14件）/ 累計3144件
  一覧 cat=35(邦楽その他) page=10/24 … 24件（未登録18件）/ 累計3145件
  一覧 cat=35(邦楽その他) page=11/24 … 24件（未登録12件）/ 累計3151件
  一覧 cat=35(邦楽その他) page=12/24 … 24件（未登録15件）/ 累計3156件
  一覧 cat=35(邦楽その他) page=13/24 … 24件（未登録17件）/ 累計3159件
  一覧 cat=35(邦楽その他) page=14/24 … 24件（未登録16件）/ 累計3161件
  一覧 cat=35(邦楽その他) page=15/24 … 24件（未登録10件）/ 累計3161件
  一覧 cat=35(邦楽その他) page=16/24 … 24件（未登録14件）/ 累計3163件
  一覧 cat=35(邦楽その他) page=17/24 … 24件（未登録16件）/ 累計3165件
  一覧 cat=35(邦楽その他) page=18/24 … 24件（未登録18件）/ 累計3168件
  一覧 cat=35(邦楽その他) page=19/24 … 24件（未登録20件）/ 累計3172件
  一覧 cat=35(邦楽その他) page=20/24 … 24件（未登録17件）/ 累計3175件
  一覧 cat=35(邦楽その他) page=21/24 … 24件（未登録18件）/ 累計3178件
  一覧 cat=35(邦楽その他) page=22/24 … 24件（未登録20件）/ 累計3182件
  一覧 cat=35(邦楽その他) page=23/24 … 24件（未登録17件）/ 累計3183件
  一覧 cat=35(邦楽その他) page=24/24 … 4件（未登録2件）/ 累計3183件
  一覧 cat=36(洋楽ポップ／ロック) page=1/7 … 24件（未登録24件）/ 累計3187件
  一覧 cat=36(洋楽ポップ／ロック) page=2/7 … 24件（未登録22件）/ 累計3189件
  一覧 cat=36(洋楽ポップ／ロック) page=3/7 … 24件（未登録18件）/ 累計3192件
  一覧 cat=36(洋楽ポップ／ロック) page=4/7 … 24件（未登録16件）/ 累計3194件
  一覧 cat=36(洋楽ポップ／ロック) page=5/7 … 24件（未登録24件）/ 累計3199件
  一覧 cat=36(洋楽ポップ／ロック) page=6/7 … 24件（未登録18件）/ 累計3203件
  一覧 cat=36(洋楽ポップ／ロック) page=7/7 … 16件（未登録10件）/ 累計3205件
  一覧 cat=37(洋楽ヒップホップ／レゲエ) page=1/1 … 18件（未登録15件）/ 累計3206件
  一覧 cat=38(洋楽ソウル／R&B) page=1/3 … 24件（未登録22件）/ 累計3206件
  一覧 cat=38(洋楽ソウル／R&B) page=2/3 … 24件（未登録21件）/ 累計3208件
  一覧 cat=38(洋楽ソウル／R&B) page=3/3 … 5件（未登録5件）/ 累計3208件
  一覧 cat=39(洋楽その他) page=1/4 … 24件（未登録22件）/ 累計3210件
  一覧 cat=39(洋楽その他) page=2/4 … 24件（未登録19件）/ 累計3217件
  一覧 cat=39(洋楽その他) page=3/4 … 24件（未登録22件）/ 累計3219件
  一覧 cat=39(洋楽その他) page=4/4 … 1件（未登録1件）/ 累計3219件
  一覧 cat=40(アカペラ／合唱) page=1/2 … 24件（未登録16件）/ 累計3233件
  一覧 cat=40(アカペラ／合唱) page=2/2 … 4件（未登録3件）/ 累計3237件
  一覧 cat=41(アニメ／ゲーム／声優) page=1/9 … 24件（未登録1件）/ 累計3245件
  一覧 cat=41(アニメ／ゲーム／声優) page=2/9 … 24件（未登録1件）/ 累計3254件
  一覧 cat=41(アニメ／ゲーム／声優) page=3/9 … 24件（未登録1件）/ 累計3264件
  一覧 cat=41(アニメ／ゲーム／声優) page=4/9 … 24件（未登録0件）/ 累計3276件
  → 登録済みだけのページが1枚続いたので cat=41 は打ち切り
  一覧 cat=42(フェスティバル(音楽)) page=1/6 … 24件（未登録5件）/ 累計3279件
  一覧 cat=42(フェスティバル(音楽)) page=2/6 … 24件（未登録6件）/ 累計3285件
  一覧 cat=42(フェスティバル(音楽)) page=3/6 … 24件（未登録12件）/ 累計3294件
  一覧 cat=42(フェスティバル(音楽)) page=4/6 … 24件（未登録12件）/ 累計3297件
  一覧 cat=42(フェスティバル(音楽)) page=5/6 … 24件（未登録12件）/ 累計3302件
  一覧 cat=42(フェスティバル(音楽)) page=6/6 … 9件（未登録8件）/ 累計3308件
  一覧 cat=43(音楽その他) page=1/27 … 24件（未登録12件）/ 累計3315件
  一覧 cat=43(音楽その他) page=2/27 … 24件（未登録12件）/ 累計3318件
  一覧 cat=43(音楽その他) page=3/27 … 24件（未登録16件）/ 累計3326件
  一覧 cat=43(音楽その他) page=4/27 … 24件（未登録15件）/ 累計3332件
  一覧 cat=43(音楽その他) page=5/27 … 24件（未登録17件）/ 累計3340件
  一覧 cat=43(音楽その他) page=6/27 … 24件（未登録20件）/ 累計3344件
  一覧 cat=43(音楽その他) page=7/27 … 24件（未登録13件）/ 累計3356件
  一覧 cat=43(音楽その他) page=8/27 … 24件（未登録15件）/ 累計3362件
  一覧 cat=43(音楽その他) page=9/27 … 24件（未登録14件）/ 累計3369件
  一覧 cat=43(音楽その他) page=10/27 … 23件（未登録12件）/ 累計3373件
  一覧 cat=43(音楽その他) page=11/27 … 24件（未登録14件）/ 累計3383件
  一覧 cat=43(音楽その他) page=12/27 … 24件（未登録5件）/ 累計3393件
  一覧 cat=43(音楽その他) page=13/27 … 24件（未登録16件）/ 累計3404件
  一覧 cat=43(音楽その他) page=14/27 … 24件（未登録15件）/ 累計3412件
  一覧 cat=43(音楽その他) page=15/27 … 24件（未登録20件）/ 累計3418件
  一覧 cat=43(音楽その他) page=16/27 … 24件（未登録10件）/ 累計3421件
  一覧 cat=43(音楽その他) page=17/27 … 24件（未登録13件）/ 累計3430件
  一覧 cat=43(音楽その他) page=18/27 … 24件（未登録18件）/ 累計3435件
  一覧 cat=43(音楽その他) page=19/27 … 24件（未登録15件）/ 累計3445件
  一覧 cat=43(音楽その他) page=20/27 … 24件（未登録17件）/ 累計3454件
  一覧 cat=43(音楽その他) page=21/27 … 24件（未登録19件）/ 累計3464件
  一覧 cat=43(音楽その他) page=22/27 … 24件（未登録12件）/ 累計3471件
  一覧 cat=43(音楽その他) page=23/27 … 24件（未登録17件）/ 累計3481件
  一覧 cat=43(音楽その他) page=24/27 … 24件（未登録15件）/ 累計3492件
  一覧 cat=43(音楽その他) page=25/27 … 24件（未登録14件）/ 累計3499件
  一覧 cat=43(音楽その他) page=26/27 … 24件（未登録12件）/ 累計3506件
  一覧 cat=43(音楽その他) page=27/27 … 4件（未登録3件）/ 累計3507件
  一覧 cat=44(脱出／謎解き) page=1/2 … 24件（未登録17件）/ 累計3531件
  一覧 cat=44(脱出／謎解き) page=2/2 … 4件（未登録3件）/ 累計3534件
  一覧 cat=45(ショー／ファンイベント) page=1/12 … 21件（未登録2件）/ 累計3541件
  一覧 cat=45(ショー／ファンイベント) page=2/12 … 23件（未登録1件）/ 累計3551件
  一覧 cat=45(ショー／ファンイベント) page=3/12 … 21件（未登録0件）/ 累計3559件
  → 登録済みだけのページが1枚続いたので cat=45 は打ち切り
  一覧 cat=46(トークショー／講演会) page=1/11 … 19件（未登録3件）/ 累計3569件
  一覧 cat=46(トークショー／講演会) page=2/11 … 22件（未登録1件）/ 累計3580件
  一覧 cat=46(トークショー／講演会) page=3/11 … 19件（未登録0件）/ 累計3591件
  → 登録済みだけのページが1枚続いたので cat=46 は打ち切り
  一覧 cat=47(グルメ／ディナーショー) page=1/2 … 24件（未登録18件）/ 累計3599件
  一覧 cat=47(グルメ／ディナーショー) page=2/2 … 16件（未登録9件）/ 累計3608件
  一覧 cat=48(ファミリー／子ども向け) page=1/3 … 24件（未登録17件）/ 累計3623件
  一覧 cat=48(ファミリー／子ども向け) page=2/3 … 24件（未登録13件）/ 累計3637件
  一覧 cat=48(ファミリー／子ども向け) page=3/3 … 1件（未登録1件）/ 累計3637件
  一覧 cat=49(アニメ／ゲーム) page=1/2 … 24件（未登録5件）/ 累計3648件
  一覧 cat=49(アニメ／ゲーム) page=2/2 … 18件（未登録1件）/ 累計3652件
  一覧 cat=50(ファッション／ビューティー) page=1/1 … 19件（未登録12件）/ 累計3662件
  一覧 cat=51(展示会／博覧会) page=1/2 … 24件（未登録11件）/ 累計3668件
  一覧 cat=51(展示会／博覧会) page=2/2 … 4件（未登録0件）/ 累計3672件
  → 登録済みだけのページが1枚続いたので cat=51 は打ち切り
  一覧 cat=52(イベントその他) page=1/23 … 21件（未登録7件）/ 累計3674件
  一覧 cat=52(イベントその他) page=2/23 … 23件（未登録17件）/ 累計3690件
  一覧 cat=52(イベントその他) page=3/23 … 24件（未登録14件）/ 累計3702件
  一覧 cat=52(イベントその他) page=4/23 … 23件（未登録14件）/ 累計3708件
  一覧 cat=52(イベントその他) page=5/23 … 24件（未登録16件）/ 累計3717件
  一覧 cat=52(イベントその他) page=6/23 … 24件（未登録14件）/ 累計3726件
  一覧 cat=52(イベントその他) page=7/23 … 21件（未登録15件）/ 累計3733件
  一覧 cat=52(イベントその他) page=8/23 … 23件（未登録12件）/ 累計3749件
  一覧 cat=52(イベントその他) page=9/23 … 22件（未登録13件）/ 累計3762件
  一覧 cat=52(イベントその他) page=10/23 … 22件（未登録2件）/ 累計3778件
  一覧 cat=52(イベントその他) page=11/23 … 23件（未登録10件）/ 累計3788件
  一覧 cat=52(イベントその他) page=12/23 … 23件（未登録9件）/ 累計3803件
  一覧 cat=52(イベントその他) page=13/23 … 22件（未登録11件）/ 累計3812件
  一覧 cat=52(イベントその他) page=14/23 … 24件（未登録4件）/ 累計3824件
  一覧 cat=52(イベントその他) page=15/23 … 24件（未登録18件）/ 累計3833件
  一覧 cat=52(イベントその他) page=16/23 … 24件（未登録12件）/ 累計3845件
  一覧 cat=52(イベントその他) page=17/23 … 24件（未登録11件）/ 累計3850件
  一覧 cat=52(イベントその他) page=18/23 … 23件（未登録16件）/ 累計3861件
  一覧 cat=52(イベントその他) page=19/23 … 24件（未登録9件）/ 累計3869件
  一覧 cat=52(イベントその他) page=20/23 … 24件（未登録9件）/ 累計3879件
  一覧 cat=52(イベントその他) page=21/23 … 23件（未登録13件）/ 累計3885件
  一覧 cat=52(イベントその他) page=22/23 … 24件（未登録12件）/ 累計3889件
  一覧 cat=52(イベントその他) page=23/23 … 9件（未登録4件）/ 累計3890件
  一覧 cat=53(お笑い／寄席) page=1/61 … 24件（未登録23件）/ 累計3911件
  一覧 cat=53(お笑い／寄席) page=2/61 … 24件（未登録21件）/ 累計3931件
  一覧 cat=53(お笑い／寄席) page=3/61 … 24件（未登録19件）/ 累計3950件
  一覧 cat=53(お笑い／寄席) page=4/61 … 24件（未登録24件）/ 累計3972件
  一覧 cat=53(お笑い／寄席) page=5/61 … 24件（未登録24件）/ 累計3996件
  一覧 cat=53(お笑い／寄席) page=6/61 … 24件（未登録24件）/ 累計4020件
  一覧 cat=53(お笑い／寄席) page=7/61 … 24件（未登録19件）/ 累計4039件
  一覧 cat=53(お笑い／寄席) page=8/61 … 24件（未登録24件）/ 累計4059件
  一覧 cat=53(お笑い／寄席) page=9/61 … 24件（未登録22件）/ 累計4083件
  一覧 cat=53(お笑い／寄席) page=10/61 … 24件（未登録23件）/ 累計4106件
  一覧 cat=53(お笑い／寄席) page=11/61 … 24件（未登録22件）/ 累計4127件
  一覧 cat=53(お笑い／寄席) page=12/61 … 24件（未登録22件）/ 累計4149件
  一覧 cat=53(お笑い／寄席) page=13/61 … 24件（未登録23件）/ 累計4173件
  一覧 cat=53(お笑い／寄席) page=14/61 … 24件（未登録24件）/ 累計4195件
  一覧 cat=53(お笑い／寄席) page=15/61 … 24件（未登録23件）/ 累計4217件
  一覧 cat=53(お笑い／寄席) page=16/61 … 24件（未登録24件）/ 累計4239件
  一覧 cat=53(お笑い／寄席) page=17/61 … 24件（未登録24件）/ 累計4263件
  一覧 cat=53(お笑い／寄席) page=18/61 … 24件（未登録23件）/ 累計4286件
  一覧 cat=53(お笑い／寄席) page=19/61 … 24件（未登録23件）/ 累計4308件
  一覧 cat=53(お笑い／寄席) page=20/61 … 24件（未登録24件）/ 累計4332件
  一覧 cat=53(お笑い／寄席) page=21/61 … 24件（未登録22件）/ 累計4354件
  一覧 cat=53(お笑い／寄席) page=22/61 … 24件（未登録23件）/ 累計4377件
  一覧 cat=53(お笑い／寄席) page=23/61 … 24件（未登録22件）/ 累計4399件
  一覧 cat=53(お笑い／寄席) page=24/61 … 24件（未登録22件）/ 累計4420件
  一覧 cat=53(お笑い／寄席) page=25/61 … 24件（未登録24件）/ 累計4444件
  一覧 cat=53(お笑い／寄席) page=26/61 … 24件（未登録24件）/ 累計4465件
  一覧 cat=53(お笑い／寄席) page=27/61 … 24件（未登録24件）/ 累計4489件
  一覧 cat=53(お笑い／寄席) page=28/61 … 24件（未登録24件）/ 累計4512件
  一覧 cat=53(お笑い／寄席) page=29/61 … 24件（未登録23件）/ 累計4534件
  一覧 cat=53(お笑い／寄席) page=30/61 … 24件（未登録22件）/ 累計4558件
  一覧 cat=53(お笑い／寄席) page=31/61 … 24件（未登録21件）/ 累計4582件
  一覧 cat=53(お笑い／寄席) page=32/61 … 24件（未登録24件）/ 累計4606件
  一覧 cat=53(お笑い／寄席) page=33/61 … 24件（未登録24件）/ 累計4630件
  一覧 cat=53(お笑い／寄席) page=34/61 … 24件（未登録21件）/ 累計4652件
  一覧 cat=53(お笑い／寄席) page=35/61 … 24件（未登録24件）/ 累計4676件
  一覧 cat=53(お笑い／寄席) page=36/61 … 24件（未登録21件）/ 累計4696件
  一覧 cat=53(お笑い／寄席) page=37/61 … 24件（未登録24件）/ 累計4719件
  一覧 cat=53(お笑い／寄席) page=38/61 … 24件（未登録19件）/ 累計4740件
  一覧 cat=53(お笑い／寄席) page=39/61 … 24件（未登録23件）/ 累計4762件
  一覧 cat=53(お笑い／寄席) page=40/61 … 24件（未登録24件）/ 累計4786件
  一覧 cat=53(お笑い／寄席) page=41/61 … 24件（未登録24件）/ 累計4810件
  一覧 cat=53(お笑い／寄席) page=42/61 … 24件（未登録23件）/ 累計4833件
  一覧 cat=53(お笑い／寄席) page=43/61 … 24件（未登録22件）/ 累計4856件
  一覧 cat=53(お笑い／寄席) page=44/61 … 24件（未登録22件）/ 累計4880件
  一覧 cat=53(お笑い／寄席) page=45/61 … 24件（未登録21件）/ 累計4903件
  一覧 cat=53(お笑い／寄席) page=46/61 … 24件（未登録23件）/ 累計4926件
  一覧 cat=53(お笑い／寄席) page=47/61 … 24件（未登録24件）/ 累計4950件
  一覧 cat=53(お笑い／寄席) page=48/61 … 24件（未登録21件）/ 累計4972件
  一覧 cat=53(お笑い／寄席) page=49/61 … 24件（未登録22件）/ 累計4989件
  一覧 cat=53(お笑い／寄席) page=50/61 … 24件（未登録22件）/ 累計5012件
  一覧 cat=53(お笑い／寄席) page=51/61 … 24件（未登録23件）/ 累計5034件
  一覧 cat=53(お笑い／寄席) page=52/61 … 24件（未登録21件）/ 累計5055件
  一覧 cat=53(お笑い／寄席) page=53/61 … 24件（未登録21件）/ 累計5078件
  一覧 cat=53(お笑い／寄席) page=54/61 … 24件（未登録24件）/ 累計5101件
  一覧 cat=53(お笑い／寄席) page=55/61 … 24件（未登録21件）/ 累計5123件
  一覧 cat=53(お笑い／寄席) page=56/61 … 24件（未登録20件）/ 累計5144件
  一覧 cat=53(お笑い／寄席) page=57/61 … 24件（未登録24件）/ 累計5167件
  一覧 cat=53(お笑い／寄席) page=58/61 … 24件（未登録19件）/ 累計5188件
  一覧 cat=53(お笑い／寄席) page=59/61 … 24件（未登録22件）/ 累計5201件
  一覧 cat=53(お笑い／寄席) page=60/61 … 24件（未登録22件）/ 累計5222件
  一覧 cat=53(お笑い／寄席) page=61/61 … 1件（未登録1件）/ 累計5223件
  一覧 cat=54(演劇) page=1/6 … 24件（未登録15件）/ 累計5224件
  一覧 cat=54(演劇) page=2/6 … 24件（未登録21件）/ 累計5237件
  一覧 cat=54(演劇) page=3/6 … 24件（未登録12件）/ 累計5254件
  一覧 cat=54(演劇) page=4/6 … 24件（未登録20件）/ 累計5262件
  一覧 cat=54(演劇) page=5/6 … 24件（未登録19件）/ 累計5277件
  一覧 cat=54(演劇) page=6/6 … 5件（未登録3件）/ 累計5279件
  一覧 cat=55(ダンス／パフォーマンス) page=1/9 … 24件（未登録8件）/ 累計5282件
  一覧 cat=55(ダンス／パフォーマンス) page=2/9 … 24件（未登録5件）/ 累計5291件
  一覧 cat=55(ダンス／パフォーマンス) page=3/9 … 24件（未登録10件）/ 累計5299件
  一覧 cat=55(ダンス／パフォーマンス) page=4/9 … 23件（未登録10件）/ 累計5308件
  一覧 cat=55(ダンス／パフォーマンス) page=5/9 … 24件（未登録9件）/ 累計5314件
  一覧 cat=55(ダンス／パフォーマンス) page=6/9 … 24件（未登録6件）/ 累計5327件
  一覧 cat=55(ダンス／パフォーマンス) page=7/9 … 24件（未登録11件）/ 累計5339件
  一覧 cat=55(ダンス／パフォーマンス) page=8/9 … 24件（未登録12件）/ 累計5344件
  一覧 cat=55(ダンス／パフォーマンス) page=9/9 … 2件（未登録1件）/ 累計5345件
  一覧 cat=56(バレエ) page=1/1 … 4件（未登録4件）/ 累計5345件
  一覧 cat=57(朗読／リーディング) page=1/2 … 24件（未登録18件）/ 累計5347件
  一覧 cat=57(朗読／リーディング) page=2/2 … 11件（未登録8件）/ 累計5352件
  一覧 cat=58(ミュージカル／ショー) page=1/3 … 24件（未登録14件）/ 累計5352件
  一覧 cat=58(ミュージカル／ショー) page=2/3 … 24件（未登録8件）/ 累計5352件
  一覧 cat=58(ミュージカル／ショー) page=3/3 … 3件（未登録2件）/ 累計5352件
  一覧 cat=59(フェスティバル(演劇)) page=1/1 … 18件（未登録10件）/ 累計5352件
  一覧 cat=60(マジック／手品) page=1/1 … 5件（未登録4件）/ 累計5353件
  一覧 cat=61(演劇その他) page=1/4 … 24件（未登録17件）/ 累計5353件
  一覧 cat=61(演劇その他) page=2/4 … 24件（未登録8件）/ 累計5353件
  一覧 cat=61(演劇その他) page=3/4 … 24件（未登録15件）/ 累計5359件
  一覧 cat=61(演劇その他) page=4/4 … 5件（未登録4件）/ 累計5359件
  一覧 cat=66(オーケストラ) page=1/1 … 10件（未登録10件）/ 累計5366件
  一覧 cat=67(器楽／室内楽) page=1/4 … 24件（未登録22件）/ 累計5373件
  一覧 cat=67(器楽／室内楽) page=2/4 … 24件（未登録22件）/ 累計5380件
  一覧 cat=67(器楽／室内楽) page=3/4 … 24件（未登録23件）/ 累計5384件
  一覧 cat=67(器楽／室内楽) page=4/4 … 24件（未登録24件）/ 累計5395件
  一覧 cat=68(オペラ／声楽／合唱) page=1/2 … 24件（未登録19件）/ 累計5396件
  一覧 cat=68(オペラ／声楽／合唱) page=2/2 … 11件（未登録10件）/ 累計5396件
  一覧 cat=69(吹奏楽) page=1/1 … 17件（未登録17件）/ 累計5396件
  一覧 cat=70(クラシックその他) page=1/3 … 24件（未登録22件）/ 累計5396件
  一覧 cat=70(クラシックその他) page=2/3 … 24件（未登録23件）/ 累計5398件
  一覧 cat=70(クラシックその他) page=3/3 … 6件（未登録5件）/ 累計5398件
  一覧 cat=72(球技) page=1/1 … 6件（未登録1件）/ 累計5398件
  一覧 cat=73(格闘技) page=1/1 … 9件（未登録8件）/ 累計5404件
  一覧 cat=74(スポーツその他) page=1/1 … 13件（未登録7件）/ 累計5406件
  一覧 cat=75(映画) page=1/1 … 21件（未登録17件）/ 累計5410件
  一覧 cat=76(アート・ミュージアム) page=1/2 … 24件（未登録18件）/ 累計5411件
  一覧 cat=76(アート・ミュージアム) page=2/2 … 11件（未登録6件）/ 累計5411件
  一覧 cat=77(その他) page=1/6 … 22件（未登録18件）/ 累計5422件
  一覧 cat=77(その他) page=2/6 … 24件（未登録17件）/ 累計5436件
  一覧 cat=77(その他) page=3/6 … 22件（未登録9件）/ 累計5447件
  一覧 cat=77(その他) page=4/6 … 22件（未登録11件）/ 累計5452件
  一覧 cat=77(その他) page=5/6 … 23件（未登録14件）/ 累計5462件
  一覧 cat=77(その他) page=6/6 … 9件（未登録8件）/ 累計5462件
  一覧 cat=78(K-POP) page=1/1 … 14件（未登録1件）/ 累計5467件
  一覧 cat=79(歌い手) page=1/16 … 24件（未登録2件）/ 累計5471件
  一覧 cat=79(歌い手) page=2/16 … 24件（未登録1件）/ 累計5478件
  一覧 cat=79(歌い手) page=3/16 … 24件（未登録1件）/ 累計5485件
  一覧 cat=79(歌い手) page=4/16 … 24件（未登録0件）/ 累計5499件
  → 登録済みだけのページが1枚続いたので cat=79 は打ち切り
  一覧 cat=80(ボカロ) page=1/8 … 24件（未登録2件）/ 累計5499件
  一覧 cat=80(ボカロ) page=2/8 … 24件（未登録0件）/ 累計5499件
  → 登録済みだけのページが1枚続いたので cat=80 は打ち切り
  一覧 cat=81(YouTuber) page=1/4 … 24件（未登録1件）/ 累計5500件
  一覧 cat=81(YouTuber) page=2/4 … 24件（未登録0件）/ 累計5504件
  → 登録済みだけのページが1枚続いたので cat=81 は打ち切り
  一覧 cat=82(2.5次元) page=1/1 … 11件（未登録2件）/ 累計5511件
  一覧 cat=84(VTuber) page=1/1 … 24件（未登録1件）/ 累計5514件
  登録済み 1277件は個別ページを引かない / これから引く 4237件
  [1/4237] 524110 Teamくれれっ娘！定期公演「Teamくれれっ娘！フェスタ Vol. 公演1/券種1
  [2/4237] 524109 I☆Cicle 定期公演「Ice☆Bullet」vol.98 公演1/券種1
  [3/4237] 524106 ミステリーGenius 公演1/券種1
  [4/4237] 523907 ONE SHOT 公演1/券種2
  [5/4237] 524098 『緊急開催‼︎ハピクラ定期公演!!』 公演1/券種2
  [6/4237] 523910 ギガソニmini 公演1/券種2
  [7/4237] 524096 Sapporo-GirlsLink 公演1/券種1
  [8/4237] 524090 Teamくれれっ娘！定期公演「Teamくれれっ娘！フェスタ Vol. 公演1/券種1
  [9/4237] 524071 STREET FESTA! presents テレスト‼ 公演1/券種2
  [10/4237] 524069 でっせ・じーく2部 公演1/券種1
  [11/4237] 524063 でっせ・じーく1部 公演1/券種1
  [12/4237] 524057 9/23(土) 『IQPK BBQ』 公演1/券種1
  [13/4237] 524048 福山あいどるくらぶ＆きゅるきら♡ハロウィンLIVE 公演1/券種1
  [14/4237] 523959 LIKE! 2026/10/25/13:00 公演1/券種3
  [15/4237] 524031 Menkoiガールズ定期公演 Vol.64 笑顔爛漫〜笑顔で繋がる〜 公演1/券種3
  [16/4237] 524020 アイドルカレッジ チェキ会 公演1/券種1
  [17/4237] 524005 NEW ERA SKANKIN' EXTRA SHOW NO❤︎AF 公演1/券種1
  [18/4237] 522585 【Bunny La Crew オンラインチェキ通販】 公演1/券種7
  [19/4237] 523745 「まくら投げパーティー13投目！」 公演1/券種1
  [20/4237] 523744 「sommeil sommeil one man live “swi 公演1/券種1
  [21/4237] 523922 ゼロキョリハーツ空町柚希生誕祭2026 そらまちハーツクリニック 公演1/券種1
  [22/4237] 523996 2026年9月23日(水祝)【瀬戸栞】スタジオ個人撮影会 公演1/券種7
  [23/4237] 523992 AviEARTH &白清蓮presents 公演1/券種0
  [24/4237] 523722 FUSION MOVE FES Vol.3 公演1/券種0
  [25/4237] 522251 ガールズ×ガールズ×ガールズ 〜Extra〜 公演1/券種5
  [26/4237] 522252 ガールズ×ガールズ×ガールズ 〜Extra time〜 公演1/券種4
  [27/4237] 523685 理想の少女 1stワンマンLIVE 『ONE DREAM』 公演1/券種0
  [28/4237] 523544 SINON Christmas Concert 2026 ～Chri 公演1/券種1
  [29/4237] 523673 Acoustic Diary vol.3 公演1/券種1
  [30/4237] 523397 聖加とゲストの月１サロンライブ Vol.64 Era 壷井彰久（ヴァ 公演1/券種1
  [31/4237] 523116 ネコヤナギ楽団10周年記念vol.3 Christmas Eve L 公演1/券種2
  [32/4237] 520966 ストウ・ザ・40周年・ツアー 公演1/券種1
  [33/4237] 522502 スナック紅 season3 in ヲルガン座 公演1/券種1
  [34/4237] 522490 FUNKT.O.P.15周年記念ライブwith Soul on Fi 公演1/券種2
  [35/4237] 522456 kazuki presents 【ミュージックランドスケイプ】 公演1/券種4
  [36/4237] 522384 Time in a Bottle 公演1/券種1
  [37/4237] 519928 松谷卓 ピアノアルバム ライブ 〜Monk〜 公演1/券種1
  [38/4237] 520455 BEAT THE LIMIT 公演1/券種1
  [39/4237] 521752 kazuki presents 【ミュージックランドスケイプ】 公演1/券種5
  [40/4237] 520383 【来場予約】Talk & Live"11" 公演1/券種1
  [41/4237] 521476 スミワタル【１億回記念コンサート】ドルチェ・アートホールOsaka 公演2/券種4
  [42/4237] 521409 高木里代子🎹ソロライブ 公演1/券種1
  [43/4237] 521043 『水曜日のギグ kuma.16』 公演1/券種1
  [44/4237] 521042 『水曜日のギグ kuma.15』 公演1/券種1
  [45/4237] 521040 『水曜日のギグ kuma.14』 公演1/券種1
  [46/4237] 520911 Trio The K 公演1/券種1
  [47/4237] 520131 soundotonoise(s) × 其処にいる音 | Drums  公演1/券種2
  [48/4237] 520271 永井敏己セッション PROGRESSIVE JAM "Keyboar 公演1/券種0
  [49/4237] 519891 鬼怒無月TRIO 公演1/券種1
  [50/4237] 519153 熊谷ヤスマサトリオ 公演1/券種1
  [51/4237] 519774 Goo punch 公演1/券種1
  [52/4237] 520042 Asian café ストリーミング配信 LIVE 公演1/券種1
  [53/4237] 520034 Asian café ストリーミング配信 LIVE 公演1/券種1
  [54/4237] 520044 Asian café ストリーミング配信 LIVE 公演1/券種1
  [55/4237] 520022 Asian café ストリーミング配信 LIVE 公演1/券種1
  [56/4237] 520019 Asian café ストリーミング配信 LIVE 公演1/券種1
  [57/4237] 519457 Retro Groove 公演1/券種1
  [58/4237] 519562 休憩なしだよ！2人でタケスト 公演1/券種1
  [59/4237] 518638 SOVI★CHAN 30th 公演1/券種1
  [60/4237] 518777 Junko Onishi Trio 公演1/券種1
  [61/4237] 518739 Street Light 公演1/券種1
  [62/4237] 518700 小室響トリオ 公演1/券種1
  [63/4237] 518439 MYFUNERAL INC. pre. 【TOKYO SWING - 公演1/券種1
  [64/4237] 518519 Voice pics Duo 公演1/券種1
  [65/4237] 515724 TAKAI IBUKI Special Duo and Trio L 公演2/券種4
  [66/4237] 517409 OTOKURA RECOMMEND LIVE 260920 公演1/券種1
  [67/4237] 517323 DaimonOrchestra超進化ツアー2026 公演1/券種1
  [68/4237] 517291 「The Collection 2026〜OCTOBER〜」【202 公演1/券種1
  [69/4237] 517290 「The Collection 2026〜SEPTEMBER〜」【2 公演1/券種1
  [70/4237] 517294 「The Collection 2026〜NOVEMBER〜」【20 公演1/券種1
  [71/4237] 514524 Acoustic Diary vol.2 公演1/券種1
  [72/4237] 516678 我那覇美奈 弾き語りライブ「たまには1人で寄り道バール！」 公演1/券種1
  [73/4237] 516252 WM SOUND GROOVY NIGHT 公演1/券種1
  [74/4237] 516422 The Folie Phantom Black Magic Tour 公演1/券種1
  [75/4237] 516425 The Folie Phantom Black Magic Tour 公演1/券種1
  [76/4237] 516423 The Folie Phantom Black Magic Tour 公演1/券種1
  [77/4237] 516428 The Folie Phantom Black Magic Tour 公演1/券種1
  [78/4237] 516335 RATEL 公演1/券種1
  [79/4237] 515571 hobo◯ LIVE 2026 at Takasaki 公演1/券種1
  [80/4237] 516040 六弦琴と篠笛 vol.06 公演1/券種1
  [81/4237] 515827 COUNTER CULTURE ~ 2nd ANNIVERSARY  公演1/券種1
  [82/4237] 514523 河村麻未/佐合井マリ子 ツーマンライブ「うたとギターとコーヒーと」 公演1/券種1
  [83/4237] 515514 『KOGUMA COFFEE オープンマイク vol.12』 公演1/券種1
  [84/4237] 515511 『KOGUMA COFFEE オープンマイク vol.12』 公演1/券種1
  [85/4237] 515507 『KOGUMA COFFEE オープンマイク vol.11』 公演1/券種1
  [86/4237] 515154 鈴木菜穂子フルートリサイタル2026 in 東京 公演1/券種4
  [87/4237] 515420 SeiyaKudo with Friends 公演2/券種6
  [88/4237] 515023 Tomoko's Music Room -Cello Live- 公演1/券種1
  [89/4237] 512257 TANQUA WATER「T.Q.W」リリース弾語り tour 広島 公演1/券種1
  [90/4237] 514321 桃瀬茉莉 Birthday Live -生まれたまち、厚木にて 公演1/券種1
  [91/4237] 514912 第6回 音楽とコーヒー 愛『オープンマイク』 公演1/券種1
  [92/4237] 513263 VIOLIN COVER LIVE "KEKO GIGS" ~Unp 公演1/券種2
  [93/4237] 514672 ←Tra-ffic-jaM→ Tour 2026「Jam on th 公演2/券種2
  [94/4237] 514835 ←Tra-ffic-jaM→ TOUR 2026 Jam on th 公演1/券種1
  [95/4237] 514745 ←Tra-ffic-jaM→ Tour 2026「Jam on th 公演1/券種1
  [96/4237] 514794 【ROCK FUSION NIGHT！Vol.12】 神田SHOJI 公演1/券種1
  [97/4237] 514713 stretch myself vol.21 公演1/券種3
  [98/4237] 514343 2026年09月19日【LIQUIDTIME MOVEMENT vo 公演1/券種2
  [99/4237] 514485 寺呑み at 心光寺〜お寺で日本酒呑みませんか〜 ※熊本地震チャリテ 公演1/券種1
  [100/4237] 514207 MYFUNERAL INC. pre.【INN DUST -CLUB 公演1/券種1
  [101/4237] 514395 ただうたうだけ meets 峰岸慶典７ 公演1/券種1
  [102/4237] 513701 山田萌 弾き語りワンマンライブ in 大阪「春を待ちながら」 公演1/券種1
  [103/4237] 505246 ループくまもとミュージックフェス 公演1/券種2
  [104/4237] 513386 徳島ファド会 9月編 公演1/券種1
  [105/4237] 513394 【公演延期】『碧茶-aocha- LIVE』 公演1/券種1
  [106/4237] 510633 ～さらに読み解くドミベレ～ 公演1/券種1
  [107/4237] 513267 [リリス生誕祭 2026] 公演1/券種1
  [108/4237] 512998 futarinote 秋ライブ @ 大阪 平野 亀千人 公演1/券種1
  [109/4237] 511838 Doxie Pre. 4th E.P. "Doxie Ⅳ" Rele 公演1/券種1
  [110/4237] 510418 Jumbo Jamboree Japan in KYOTO 公演1/券種3
  [111/4237] 489131 及川竜平デビューリサイタル『翔』〜マリンバがかけるピアソラとアメリカ 公演1/券種2
  [112/4237] 509312 曾我 泰久 Xmas LIVE TOUR ～ POP&ROCK 20 公演1/券種1
  [113/4237] 511390 日比康造 ワンマンライブ「Drama」 公演1/券種1
  [114/4237] 510396 SOWAKA 公演1/券種1
  [115/4237] 509842 DUO 公演1/券種1
  [116/4237] 509675 『スーマーさんとちえみのお絵描き』 公演1/券種1
  [117/4237] 508884 RigarohieS in 安養院 瑠璃光堂 2026 ～尺八とピア 公演1/券種2
  [118/4237] 509446 ORBIT 公演1/券種1
  [119/4237] 508617 村松健 徳島公演 10th記念コンサート 北島町創世ホール 公演1/券種2
  [120/4237] 508283 村松健 水戸公演〜夕なぎの記憶〜 @水戸Girl Talk 公演1/券種1
  [121/4237] 499478 SUN SUN DRIVE×西条公会堂 presents 笑踊福来v 公演1/券種1
  [122/4237] 508243 窪田宏×秋田慎治デュオ 夢の共演 公演1/券種1
  [123/4237] 508253 坂東慧＆川口千里 ツインドラムスライブ 公演1/券種1
  [124/4237] 508196 高木里代子Pf. Solo Live 公演1/券種1
  [125/4237] 508053 プログレ女子会 公演1/券種1
  [126/4237] 507824 Korekata Rocket Jam 公演1/券種1
  [127/4237] 506999 【来場予約】秦コータロー ワンマンライブ 〜座標〜 公演1/券種1
  [128/4237] 506739 An Evening with Keg's Tower 公演1/券種1
  [129/4237] 505075 白井大輔 アコースティックワンマンライブ！ 公演1/券種1
  [130/4237] 501502 Rise Up Big Band 第9回定期演奏会 公演1/券種3
  [131/4237] 505990 Wax Dolls※都合によりベースは熊谷望に変更となりました。 公演1/券種1
  [132/4237] 505691 FuzzyLuneがお届けするシネマコンサート 公演1/券種3
  [133/4237] 505430 畠山美由紀 with 小池龍平「空からみてる」リリース＆デビュー25 公演1/券種1
  [134/4237] 505293 FUMIKA ASARI TRIO＠大宮CITY LIGHTS 公演1/券種1
  [135/4237] 504308 Aki Muramatsu Live【響音革新】（キョウオンカクシン 公演1/券種1
  [136/4237] 504957 八島順一 Presents〜ヤシマニアコギナイト〜 公演1/券種1
  [137/4237] 499592 Rooting&Routing 公演1/券種1
  [138/4237] 501645 『suimore maimo ワンマンライブ in 心光寺』 公演1/券種2
  [139/4237] 500738 440-163 ふたりでワンマン in KOGUMA COFFEE 公演1/券種1
  [140/4237] 499249 YUME SUZUKI 35th Anniversary Live  公演1/券種1
  [141/4237] 498887 小沼ようすけ／Solo Guitar 公演1/券種1
  [142/4237] 498134 【Memory of Beck & Jimi】Live tour 2 公演1/券種1
  [143/4237] 495504 志摩機械☆音博2026「音楽渡世人大集合」 公演2/券種3
  [144/4237] 496386 まめリズム 公演1/券種1
  [145/4237] 494573 <KaY First One-Man Live>Still Sing 公演1/券種1
  [146/4237] 493134 初田悦子presents《Toi et moi. vol.3》 公演1/券種1
  [147/4237] 492690 水曜日のギグ kuma.13 公演1/券種1
  [148/4237] 490913 KAMINARI WORKS presents 『ULTIMATE  公演1/券種2
  [149/4237] 480795 The Folie Phantom ONEMAN LIVE 2026 公演1/券種2
  [150/4237] 490192 Yumiko＆桝谷マリ W Birthday Live 2026 公演1/券種2
  [151/4237] 489134 平井武士の平井塾 公演2/券種2
  [152/4237] 489087 纐纈歩美TRIO／SPECIAL LIVE 公演1/券種1
  [153/4237] 485659 ワンマンライブ【Daimon超Orchestra】20thAnniv 公演1/券種1
  [154/4237] 481554 勝田 一樹(Sax)×加藤素朗(Gt&Mani) New Sax E 公演1/券種1
  [155/4237] 481553 勝田 一樹(Sax)×加藤素朗(Gt&Mani) New Sax E 公演1/券種1
  [156/4237] 481549 勝田 一樹(Sax)×加藤素朗(Gt&Mani) New Sax E 公演1/券種1
  [157/4237] 524038 YOSUKE THE BAND @ Spotify O-WEST 公演1/券種0
  [158/4237] 523625 DY CUBE presents 感性の法則"オリジナル" 公演1/券種1
  [159/4237] 523628 DY CUBE presents 感性の法則"コピー" 公演1/券種1
  [160/4237] 520791 忘却ちい ワンマンライブ ～猫の手だけど貸したい。vol.1～ 公演1/券種1
  [161/4237] 524108 師走寸前440で遊ぶ〜夕凪× gnkosaiBAND 公演1/券種1
  [162/4237] 521754 TASOGARE REVOLUTION 〜MAKOTO SASAYA 公演1/券種1
  [163/4237] 524035 ウルトラ・ヴァイヴ レコメンドリリースライブvol.1 公演1/券種1
  [164/4237] 524087 SPLIT TOUR 2026 Clutch at straws × 公演1/券種1
  [165/4237] 523861 『HATCH！#04』 公演1/券種1
  [166/4237] 524086 SPLIT TOUR 2026 Clutch at straws × 公演1/券種1
  [167/4237] 523788 シロトロンテpresents 『トンネルのむこうは、不思議な町でした 公演1/券種2
  [168/4237] 524064 イトフェス2026 公演1/券種1
  [169/4237] 524059 イトフェス2026 公演1/券種1
  [170/4237] 522506 SONIC PRESENTS ハロウィン！カラオケで仮装しナイト！2 公演1/券種2
  [171/4237] 523897 「不意討ちブギー LIVE」 WABOKU~(Peace & Uni 公演1/券種1
  [172/4237] 524041 『鳴らせ-NARASE- vol.9』 公演1/券種1
  [173/4237] 524023 MAJESTY【エボフロ専用】 公演1/券種1
  [174/4237] 524019 Psalmマンスリーワンマンライブ #165 公演1/券種2
  [175/4237] 521707 竹本健一 LIVE 2026 “Super Healthy Park 公演1/券種1
  [176/4237] 523984 [FABULOUS SUNDAY]10/18 公演1/券種1
  [177/4237] 523947 【440 FLOOR SHOUT MEETING !!】Part,5 公演1/券種1
  [178/4237] 523921 (振替公演)【村上啓介 LIVE】 『あなたが元気はで笑っていたらそ 公演1/券種1
  [179/4237] 523839 「TOKYO MOON TIME」-KEN×KOHKI TWO MA 公演1/券種1
  [180/4237] 523904 さっことアモーレ～アルバム「さっことアモーレ - Live Reco 公演1/券種1
  [181/4237] 520868 SONIC PRESENTS THE＋BETH BEST ALBUM 公演1/券種1
  [182/4237] 520690 コータろく夜10周年企画 【10年くらいやってみろ】 公演1/券種1
  [183/4237] 523251 すばらしか と 天国旅行 公演1/券種1
  [184/4237] 504440 温音-haruoto- #4 公演1/券種1
  [185/4237] 523888 クレヨンゆーち✖️モナレコ共同主催『集えや集え！ポップコーンファンタ 公演1/券種1
  [186/4237] 522132 Caëlum Vol.4 公演1/券種1
  [187/4237] 523869 圧倒的外出ナイト 公演1/券種1
  [188/4237] 523859 クレヨンゆーち✖️秋田犬 共同主催『集えや集え！ポップコーンファンタ 公演1/券種1
  [189/4237] 523421 涼木聡 ONEMAN LIVE 2026「YOUR SONGS#3」 公演1/券種1
  [190/4237] 523570 師走の夜をオーガニックなwilberryとビールが彩る夜 公演1/券種1
  [191/4237] 523485 『ハピコレ!!vol.634』 公演1/券種1
  [192/4237] 523797 麗麗-reirei-の大放課！ 公演1/券種1
  [193/4237] 523781 Connecting the world 公演1/券種1
  [194/4237] 523812 ChocolatDog ONEMAN LIVE 2026 〜Road 公演1/券種2
  [195/4237] 522392 11/30(月) 「山下昌良 Birthday Special Se 公演1/券種1
  [196/4237] 523815 2026.10月11日@Thunder Snake ATSUGI「永 公演1/券種4
  [197/4237] 523814 10/3 横浜ムービル｜大北哲央 事前物販（昼夜共通） 公演1/券種1
  [198/4237] 523471 JUNYA TAUCHI AUTUMN ROAD 2026 in M 公演1/券種1
  [199/4237] 523735 LIVE ひかりんだ☆ ＠人形町サロンゴカフェ ※チケット代金は会場 公演1/券種1
  [200/4237] 523712 Just For You ～音楽が繋ぐ夜～ 公演1/券種1
  [201/4237] 523704 [Bitter Ender -Still Sleaze-]10/17 公演1/券種1
  [202/4237] 523675 奥ノ凛子presents『星降る夜のしあわせメランコリック vol. 公演1/券種1
  [203/4237] 523680 MATINEE TRANSMISSION Vol. 12 / Sun 公演1/券種3
  [204/4237] 523341 Romance moment 公演1/券種1
  [205/4237] 522519 ぐちゃぐちゃのぱれっと 公演1/券種3
  [206/4237] 523391 【10/29(Thu)】Spica / すきゃんだる。/ 不動心 公演1/券種2
  [207/4237] 523477 五人囃子 クリスマスSP 公演1/券種1
  [208/4237] 522338 The Dawn of a New Era vol.9 公演1/券種1
  [209/4237] 522839 Planet K Present. 「煉瓦の歌」 公演1/券種1
  [210/4237] 523301 10/29生熊耕治×黒田倫弘 ぶらり旅2026「黒生」 公演1/券種1
  [211/4237] 522282 【札幌】おだともあき弾き語りワンマン「おだ会2026 〜札幌出張編〜 公演1/券種1
  [212/4237] 523619 東京ローカル・ホンク九州ツアー 〜 福岡編 〜 公演1/券種1
  [213/4237] 523302 [トークライブ] 10/29 生熊耕治×黒田倫弘 ぶらり旅2026「 公演1/券種1
  [214/4237] 521708 EKKYOU BLAST 公演1/券種1
  [215/4237] 522273 Un-AGI 5 公演1/券種1
  [216/4237] 522240 JUNYA TAUCHI AUTUMN ROAD 2026 in K 公演1/券種1
  [217/4237] 522227 JUNYA TAUCHI AUTUMN ROAD 2026 in S 公演1/券種1
  [218/4237] 522242 JUNYA TAUCHI AUTUMN ROAD 2026 in K 公演1/券種1
  [219/4237] 522229 JUNYA TAUCHI AUTUMN ROAD 2026 in O 公演1/券種1
  [220/4237] 520684 JUNYA TAUCHI AUTUMN ROAD 2026 in H 公演1/券種1
  [221/4237] 521431 『もうぇっぴぃ生誕祭2026』 公演1/券種1
  [222/4237] 522428 がしゃずまのDio de Duo vol.2 公演1/券種0
  [223/4237] 522344 『Brave』 公演1/券種2
  [224/4237] 523369 池袋SundayMusic vol.21 公演1/券種1
  [225/4237] 522960 LIVE IN TENKAI 2026/10/04 公演1/券種1
  [226/4237] 523364 【500円引き手形利用限定】12/21「約束手形」 公演1/券種1
  [227/4237] 523392 LONDON BOOTS NIGHT 2026 公演1/券種0
  [228/4237] 522868 SAEKA 1st 弾き語り oneman LIVE 公演1/券種1
  [229/4237] 523553 「Sound Gallery」 公演1/券種1
  [230/4237] 523395 松岡英明デビュー40周年記念《X X X X》東名阪ツアー_大阪公演 公演1/券種2
  [231/4237] 523394 松岡英明デビュー40周年記念《X X X X》東名阪ツアー_東京公演 公演1/券種2
  [232/4237] 523393 松岡英明デビュー40周年記念《X X X X》東名阪ツアー_名古屋公 公演1/券種2
  [233/4237] 523519 Camelia LIVE IN TOKYO 公演1/券種2
  [234/4237] 523497 『Low Light』 公演1/券種1
  [235/4237] 523122 【配信チケット】YokodieS TOUR2026-YOKOHAMA 公演1/券種1
  [236/4237] 523467 KUWAKUWA Gokigen Nice Party! vol.7 公演1/券種1
  [237/4237] 523464 <26/11/14>CITY LIGHTSセレクト／Saturday 公演1/券種1
  [238/4237] 523456 mod & Aoi Yumi presents「BLUE ENCOD 公演1/券種2
  [239/4237] 523422 DD DRAGON LIVE IN TOKYO 公演1/券種1
  [240/4237] 523361 WITH SEXY TOUR 2026-2027 “Love and 公演1/券種1
  [241/4237] 522800 【10/25(Sun)】Teen age “Communicatio 公演1/券種2
  [242/4237] 522763 【10/20(Tue)】YUKINA / 古木 衆 / 田中さとる 公演1/券種1
  [243/4237] 523210 【10/30(Fri)】 青栁智義/内藤重人/naoyuki toj 公演1/券種1
  [244/4237] 523325 神園さやか 弾き語りワンマンライブ〜夜をほどいて〜 公演1/券種1
  [245/4237] 522292 10/17(土)DVDリリース記念イベント 公演1/券種1
  [246/4237] 523138 五反田ギャラガー初ワンマン 「All you need is OAS 公演1/券種1
  [247/4237] 523345 K'S DREAM 31ST ANNIVERSARY 公演1/券種1
  [248/4237] 518041 はらっちPresents Vol.6 THE 職人技 公演1/券種1
  [249/4237] 519977 spangle 公演1/券種4
  [250/4237] 523336 2025.11.1(日)ミノノサトエ予約専用フォーム 公演1/券種1
  [251/4237] 523337 2026.12.26 【Regular Ticket】ミノノサトエ専 公演1/券種1
  [252/4237] 521896 竹森マサユキ × 岩船ひろき 「情熱のうたに、拍手喝采を。」新潟編 公演1/券種1
  [253/4237] 521893 竹森マサユキ × 岩船ひろき 「情熱のうたに、拍手喝采を。」仙台編 公演1/券種1
  [254/4237] 521891 竹森マサユキ × 岩船ひろき 「情熱のうたに、拍手喝采を。」いわき編 公演1/券種1
  [255/4237] 521078 ウラニーノ結成25周年ツアー2026 新潟編 公演1/券種1
  [256/4237] 522919 3rd TUESDAY vol.50 公演1/券種1
  [257/4237] 523250 SCUM ONEMAN LIVE 『R8 Pumpkin Panic 公演1/券種1
  [258/4237] 520916 りゅうのすけBirthday One Man Live “My Re 公演1/券種0
  [259/4237] 519224 おnight 公演1/券種1
  [260/4237] 523308 『My Apology』 公演1/券種2
  [261/4237] 523242 LIVE 尾崎紀世彦 AI復活プロジェクト「また逢う日まで」特別イベ 公演1/券種1
  [262/4237] 523166 神楽坂天窓 presents「wizard in the sea」 公演1/券種1
  [263/4237] 523158 Peco博後夜祭 公演1/券種1
  [264/4237] 523155 Run Chicken Carnival 公演1/券種1
  [265/4237] 522433 Still Nothing Still Everything 公演1/券種1
  [266/4237] 522166 EGOTRIP LIVE MANIA 3 公演1/券種2
  [267/4237] 523114 とびだせ！シンガーソングライター VOL.7 公演1/券種1
  [268/4237] 523096 仮屋ナオト×ケティスター ツーマンライブ 公演1/券種1
  [269/4237] 523086 響秋の宴会(郷愁のうたげ) 船田弘(ふな虫)×副島達明ツーマンLIV 公演1/券種1
  [270/4237] 522835 MOECHANZワンマン応援企画「きみはMOECHANZを知ってるか 公演1/券種1
  [271/4237] 522753 【11/1(Sun)】鳩とスパイス / More Chouchou  公演1/券種2
  [272/4237] 522779 【10/21(Wed)】Lenalee anaphylaxic To 公演1/券種2
  [273/4237] 522748 【11/7(Sat)】 DEUCE / THE DRAGON★FLY 公演1/券種1
  [274/4237] 522742 【10/24(Sat)】 CUTMANS / イチバンボシ / An 公演1/券種2
  [275/4237] 522762 【10/10(Sat)】 アトゥリーチナ / 藤 慎太郎 / nit 公演1/券種1
  [276/4237] 523053 FAKE STANCE pre. "show me your sta 公演1/券種1
  [277/4237] 523036 ACOUSTIC PECKHAM 公演1/券種1
  [278/4237] 522980 klllthemind × Shinjuku Marble pre. 公演1/券種1
  [279/4237] 522816 まあるいお庭 公演1/券種1
  [280/4237] 522803 クレメロアコースティック公演 「くれめろの湯〜残暑お見舞い申し上げま 公演1/券種1
  [281/4237] 523021 Road to 1st OneMan tour RED 公演1/券種1
  [282/4237] 522475 Road to 1st OneMan tour【RED】 公演1/券種1
  [283/4237] 522470 クレフィーpresents. Road to 1st OneMan  公演1/券種1
  [284/4237] 522744 はるぺん × aoren presents. 「yellow bub 公演1/券種2
  [285/4237] 522221 ミライト presents 月光のinvestigate Vol.2 公演1/券種1
  [286/4237] 522175 【来場予約】11/1「岩見拓馬ワンマンライブ〜めぐる〜」※昼公演 公演1/券種1
  [287/4237] 522691 Hang Out!! 公演1/券種1
  [288/4237] 518997 shinjukuSAMURAI pre.『Ten to Ten』 公演1/券種1
  [289/4237] 523004 FUZZ WEATHER 大阪寺田町Fireloop 公演1/券種1
  [290/4237] 522929 MüNi 第１回 不定期株主総会 公演1/券種1
  [291/4237] 522963 奢る舞けん茜 3rd Full Album Release Tour 公演1/券種1
  [292/4237] 522927 UNSQUARE DANCE #16 公演1/券種1
  [293/4237] 522923 【イエルキ予約専用】超Rich 公演1/券種1
  [294/4237] 522853 Voice from CASHBOX vol.242【PONGEE予 公演1/券種1
  [295/4237] 522836 ハナカタマサキ 「夜行船がおよぐ街」 公演1/券種1
  [296/4237] 522833 かなちゃんず 1st EP「ふぁーすとえんど」Release Par 公演1/券種1
  [297/4237] 522824 クレフィー Road to 1st OneMan Tour 2026 公演1/券種1
  [298/4237] 522812 もみじとねこPresents Live ／ Special Than 公演1/券種1
  [299/4237] 522807 Delicious! 17 ~美味しい音楽は大宮にある~ 公演1/券種1
  [300/4237] 522815 竹田和夫 CREATION JAPAN TOUR 2026 Autu 公演1/券種1
  [301/4237] 522809 『プリズム・パレット』Vol.6 公演1/券種1
  [302/4237] 522113 SUPER ROCK IN 名古屋 2026 The Final ! 公演1/券種1
  [303/4237] 522146 SUPERBLOOD 2026 Final ONE-MAN【渋谷St 公演1/券種1
  [304/4237] 522695 (YOWLL取り置き予約）大阪・寺田町Fireloop 公演1/券種1
  [305/4237] 522633 【10/23(Fri)】 りさボルト&Hys / ナカガワノリコ / 公演1/券種2
  [306/4237] 522776 cig out × FOWS pre.『cig night ~Now 公演1/券種1
  [307/4237] 522333 『After School Autumn』 公演1/券種1
  [308/4237] 522659 『赤坂爆姫』 公演2/券種2
  [309/4237] 522313 『クリトリック・リス20th スギム生誕祭』 公演1/券種1
  [310/4237] 522770 DooDooDooMiuMiuMiu×コバラヘルSPLIT TOUR 公演1/券種1
  [311/4237] 517804 Anie × VAR’MILION W release party  公演1/券種1
  [312/4237] 522295 ◆ゾンビロリータ執拗に25周年再び記念*11/29(煮血曜日) 公演1/券種1
  [313/4237] 522743 D'z GROOVE 2026 公演1/券種1
  [314/4237] 522508 Monthly KING @ PALOOZA 〜ROUND33〜 X 公演1/券種1
  [315/4237] 522507 Monthly KING @ PALOOZA 〜ROUND32〜 公演1/券種1
  [316/4237] 522505 【来場申込】11/22 HONEBONE「無銭、投げ銭、損はさせん」 公演1/券種1
  [317/4237] 521931 凡思社企画「生鳴ノ共命」 公演1/券種1
  [318/4237] 521933 凡思社企画「生鳴ノ共命」 公演1/券種1
  [319/4237] 521930 凡思社企画「生鳴ノ共命」 公演1/券種1
  [320/4237] 522334 GREAT NOiSE 公演1/券種1
  [321/4237] 522284 FAMILY TREE 公演1/券種1
  [322/4237] 522732 「約束の街」〜岡山県岡山市〜 公演1/券種1
  [323/4237] 522612 10/23(金)「DOWNBURST vol.104」 公演1/券種1
  [324/4237] 522217 アフロ 1st ALBUM「無職覚醒」リリースツアー～ワイワイガヤガ 公演1/券種1
  [325/4237] 522692 mod presents. “u:phorbia 11” 公演1/券種2
  [326/4237] 518882 今夜は下北沢へ 公演1/券種1
  [327/4237] 522635 【東京】スペシャルライブ「First Stage, Last Son 公演1/券種1
  [328/4237] 522064 2026夏を振り返るトーク＆アコースティックライブ配信 公演1/券種1
  [329/4237] 522640 #ファーストステージ 公演1/券種2
  [330/4237] 522638 うちだまさのりワンマンライブ 「新譜の日」 公演1/券種1
  [331/4237] 520714 KBP vol.5 公演1/券種4
  [332/4237] 521665 EPO Autumn Conjunction2026 ~この頃わかり 公演1/券種1
  [333/4237] 522628 SHUN OHNO × The Knot 「AGATTEKU？」 公演1/券種1
  [334/4237] 522629 アミ杏心（amiami）バースデーライブ2026 公演1/券種1
  [335/4237] 522610 『柳下綾子主催LIVE ♡LOVE STAGE♡ Vol.1』（MI 公演1/券種1
  [336/4237] 522198 【10/15(Thu)】 Sound Stream sakura d 公演1/券種2
  [337/4237] 522202 【10/9(Fri)】 渡邊一希(BOYS LAST FRIEND) 公演1/券種2
  [338/4237] 522201 【10/17(Sat)】 NEO×TRAD 公演1/券種2
  [339/4237] 520288 【一般】ストロベリーソングオーケストラ 第70回演劇本公演 『拝啓R 公演5/券種10
  [340/4237] 521971 NISHIEIFUKU JAM presents「MAX NIGHT 公演1/券種1
  [341/4237] 520989 hozzy&田中ユウイチ弾き語りツアー2026 - 2027”半月酒 公演1/券種1
  [342/4237] 522460 『homme×小田和奏カップリングツアー2026「あの夕暮れ時を折り 公演1/券種1
  [343/4237] 522291 Aqilla Bites “Zig Zag Brain Wash”# 公演1/券種1
  [344/4237] 522476 武岡あや乃presents SMILE MAKE YOU HAPPY 公演1/券種1
  [345/4237] 521533 iのかたち 3 公演1/券種2
  [346/4237] 522581 10/16(金)「～unplugged～アコースティックの夕べ」 公演1/券種1
  [347/4237] 522545 『 WAKABA TOUR 2026 』 公演1/券種1
  [348/4237] 522478 岩瀬敬吾「水溶性のわたし達」リリースLIVE in ROMERO 公演1/券種1
  [349/4237] 522553 R.I.P.追悼LIVE Edward Van Halen 公演1/券種1
  [350/4237] 522550 Signal mode TOUR 2026 ↲Re:prise【追加 公演3/券種3
  [351/4237] 522370 Newest Go West Tour 2026 神戸編 公演1/券種2
  [352/4237] 522373 Newest Go West Tour 2026 京都編 公演1/券種2
  [353/4237] 522311 10/3(土)広島CAVE-BE THE PARKOMAN & CA 公演1/券種1
  [354/4237] 522264 GLASS CANVAS 公演1/券種1
  [355/4237] 518321 We ROCK 公演1/券種1
  [356/4237] 518296 Ride the Lightning 公演1/券種1
  [357/4237] 518282 贈る言葉〜第14話〜 公演1/券種1
  [358/4237] 518269 奇を嗜む君の領域 公演1/券種1
  [359/4237] 520577 Modern Times 公演1/券種1
  [360/4237] 519988 Bloom Worksワンマンライブ -GO GO FES vol. 公演1/券種1
  [361/4237] 522261 SONIC PRESENTS JUKE BOX 公演1/券種2
  [362/4237] 522496 と・らのあ〜な OBOG LIVE 2026 〜30年が過ぎた今、音 公演1/券種1
  [363/4237] 522484 schedars Palastleben 公演1/券種1
  [364/4237] 522425 SeanNorth 20th Anniversary Monthly 公演1/券種1
  [365/4237] 520716 Music Clipper 「トシノオワリ」 公演1/券種1
  [366/4237] 522364 2026.12.26 RE MI NONO 【Premier Tic 公演1/券種1
  [367/4237] 522071 JADE FOREST COMPANY PRESENTS 奏楽の煌宴 公演1/券種1
  [368/4237] 514276 JUNYA TAUCHI Acoustic meets ond° 音 公演1/券種1
  [369/4237] 513313 鼓動のあて先 公演1/券種2
  [370/4237] 521494 PROGRESSIVE JAM “Keyboard Trio Nig 公演1/券種1
  [371/4237] 520897 マコフェス28 公演1/券種1
  [372/4237] 521322 GOOD VIBES vol.3 -meet in shimokit 公演1/券種1
  [373/4237] 521699 小川桃果 ONE MAN LIVE “Birthday 29th - 公演1/券種1
  [374/4237] 522401 Monthly ぴあのうた@徳島 vol.59【PONGEE予約分】 公演1/券種0
  [375/4237] 522400 朝練ガールズのシークレットベース！vol.2 〜秘密のコメディ教室〜 公演1/券種2
  [376/4237] 520729 Mickey 公演1/券種0
  [377/4237] 522293 【北海道】おだともあき3rd ALBUM「みちしるべ」マーチングツア 公演1/券種1
  [378/4237] 522107 10/9(金)「The TENGUZ 企画 百鬼夜行ロックフェス20 公演1/券種1
  [379/4237] 521847 sacra企画「Together 2026」名古屋編 公演1/券種3
  [380/4237] 521849 sacra企画「Together 2026」東京編 公演1/券種3
  [381/4237] 522077 吉祥寺ワープpresents 「SMALL LAKE!!」くらし専用 公演1/券種1
  [382/4237] 522059 10/26 『On the Way』vol.6 公演1/券種1
  [383/4237] 521937 【11/28(Sat)】 髙橋優躍 presents 「大切なもの〜 公演1/券種2
  [384/4237] 522062 菅原秋葉菅原 「First Love追加公演」 公演1/券種1
  [385/4237] 522043 O-Crest pre.心の在り処 公演1/券種1
  [386/4237] 521598 ACOUSTIC 2MAN LIVE 2026 「SMOKE #5」 公演1/券種1
  [387/4237] 521355 ホシミッツ presents "SPICY PARADE!!" 公演1/券種1
  [388/4237] 521244 ReG presents."歌声が届くまで" 公演1/券種2
  [389/4237] 522352 BACK LIFT pre. NO MV SONGS "OTHER  公演1/券種2
  [390/4237] 521722 sway to the music 公演1/券種1
  [391/4237] 521747 清田郁広 1st ONEMAN LIVE「始発」 公演1/券種1
  [392/4237] 521767 shinokumatic presents ROCK is POP! 公演1/券種1
  [393/4237] 521607 “ゴガツハズカム20261021” 「枠外の情景。」Vol.18 公演1/券種1
  [394/4237] 520502 「エンタメ三国志ツアーin横浜」 公演1/券種1
  [395/4237] 519734 RavecraftワンマンLIVE2026 in 大阪 30th A 公演1/券種1
  [396/4237] 521884 【来場予約】10/31※昼公演「ひかりのなかで」 公演1/券種1
  [397/4237] 521885 【来場予約】10/18※昼公演「写真で一曲（動画もあるよ）」 公演1/券種1
  [398/4237] 522226 EMOTION 公演1/券種1
  [399/4237] 519843 Masuke Nozaki 笛旅 2026 Final " to f 公演1/券種1
  [400/4237] 522211 有料限定配信チケット 和泉まみwith youプロジェクト企画『バイ 公演1/券種1
  [401/4237] 522167 Merry Caravan 配信通しチケット 公演1/券種1
  [402/4237] 522164 Merry Caravan 東京公演 公演1/券種1
  [403/4237] 522160 Merry Caravan 大阪公演 公演1/券種1
  [404/4237] 522162 Merry Caravan 長野公演 公演1/券種1
  [405/4237] 522158 Merry Caravan 岡山公演 公演1/券種1
  [406/4237] 522161 Merry Caravan 名古屋SP公演 公演1/券種1
  [407/4237] 522165 LINDA＆HHR THRILL LOUNGE ２マン、グランドツア 公演1/券種1
  [408/4237] 522070 hozzy&田中ユウイチ弾き語りツアー2026 - 2027”半月酒 公演1/券種1
  [409/4237] 522139 WAKA GROOVE Vol.07 Young zetton 公演1/券種2
  [410/4237] 520425 ギターパンダがやってくる！ LIVE in Miyazaki 公演1/券種1
  [411/4237] 517870 【先行】ストロベリーソングオーケストラ 第70回演劇本公演 『拝啓R 公演1/券種1
  [412/4237] 518969 【夜の部】PARADISE - Special - 公演1/券種1
  [413/4237] 522083 ハリケーン⭐︎サリーのベストヒットロックンロール vol.85 公演1/券種1
  [414/4237] 522028 【石川】おだともあき3rd ALBUM「みちしるべ」マーチングツアー 公演1/券種1
  [415/4237] 521835 hozzy&田中ユウイチ弾き語りツアー2026 - 2027”半月酒 公演1/券種1
  [416/4237] 520571 [Bチケット]L-MEME バンド形態ONEMAN「名前を呼んだ夜  公演1/券種1
  [417/4237] 520569 [S＆Aチケット]L-MEME バンド形態ONEMAN「名前を呼んだ 公演1/券種2
  [418/4237] 521445 青山RizM presents CONNECT 公演1/券種1
  [419/4237] 522069 佐賀県京都市赤坂町〜がばおいでやすぅ〜 公演1/券種1
  [420/4237] 521751 Planet K Presents. 「3MAN LIVE」 公演1/券種1
  [421/4237] 521951 秘密基地は坂の上 公演1/券種1
  [422/4237] 522063 10/31(土) ARESZ主催【HALLOWEEN★HEAVY M 公演1/券種1
  [423/4237] 522061 「Peco前夜祭～CASHBOX/C-Lump＆UPライブサーキット 公演1/券種1
  [424/4237] 522045 10/11昼 『On the Way』vol.5 公演1/券種1
  [425/4237] 520630 UNVEIL×梅田BANGBOO pre. 【Overed Synd 公演1/券種2
  [426/4237] 520117 Cocoro Auction presents Premium Au 公演1/券種1
  [427/4237] 520724 横浜ReNY beta presents ネオンに溶ける夜 vol. 公演1/券種1
  [428/4237] 519991 RéG presents SOUND CONNECT 公演1/券種1
  [429/4237] 518191 EKKYOU CIRCUIT 2026 公演1/券種1
  [430/4237] 521098 2026.12.13@Thunder Snake ATSUGI「永澤 公演1/券種4
  [431/4237] 522048 「変な3組 vol.15」 公演1/券種1
  [432/4237] 522003 『雨ノ地 晴太郎、ドラム叩き語りワンマン』 〜叩きガナリ〜 公演1/券種1
  [433/4237] 521419 ANDANTE 公演1/券種1
  [434/4237] 522040 EMWAP7周年＆Ryoto生誕祭LIVE【エボフロ専用】 公演1/券種1
  [435/4237] 522022 米川英之独奏会 公演1/券種1
  [436/4237] 521803 Blue Ladder Presents『bunkiiki ♯2』 公演1/券種1
  [437/4237] 522001 『The Playlist 39』 公演1/券種2
  [438/4237] 521948 Love in City 2026 高崎 SLOW TIME caf 公演1/券種1
  [439/4237] 521430 〜Dual Guy×Deeply Universe presents 公演1/券種1
  [440/4237] 521033 PIXEL★BEAT 公演1/券種1
  [441/4237] 521717 『Y-nation』〜新横浜で新しい女帝の誕生会〜 公演1/券種1
  [442/4237] 521237 11/15(日)「HEAVY METAL MELTDOWN」 公演1/券種1
  [443/4237] 521794 フリーマーケット！！「濱の闇市」vol.02 公演1/券種1
  [444/4237] 521578 サンデーアフタヌーンSHOW！？ vol.12 公演1/券種2
  [445/4237] 521573 BAR濱書房〜火曜日の歌声サロン〜1027SP 公演1/券種2
  [446/4237] 521501 「ひびやましんのお楽しみスペシャル Type:Neu」 公演1/券種2
  [447/4237] 521812 NoGoD 単独大布教-TOUR2026-「EXPERIMENTAL 公演1/券種1
  [448/4237] 521811 NoGoD 単独大布教-TOUR2026-「EXPERIMENTAL 公演1/券種1
  [449/4237] 521805 NoGoD 単独大布教-TOUR2026-「EXPERIMENTAL 公演1/券種1
  [450/4237] 521808 NoGoD 単独大布教-TOUR2026-「EXPERIMENTAL 公演1/券種1
  [451/4237] 521804 NoGoD 単独大布教-TOUR2026-「EXPERIMENTAL 公演1/券種1
  [452/4237] 521928 第2回ビリケン座 船場deロードショー！ 公演1/券種0
  [453/4237] 521926 前田和亮 ワンマンライブ『秋風の通り道 ＜香川編＞』 公演1/券種1
  [454/4237] 521810 稲村太佑 生誕祭「射手座とOSAKAの夜」 公演1/券種1
  [455/4237] 521883 Blues Rock Show Ⅱ @ 北千住 magical fa 公演1/券種1
  [456/4237] 521850 『鳴らせ-NARASE- Vol.11』 公演1/券種1
  [457/4237] 521836 新宿SACT! pre. 「まほろば新宿、光る風。」 公演1/券種1
  [458/4237] 520845 "30/50 debut/birth" Yohei Ohmori A 公演1/券種1
  [459/4237] 521766 松本ユウワンマンライブ 『ゆるりvol.3』夜公演 公演1/券種1
  [460/4237] 521765 松本ユウワンマンライブ 『ゆるりvol.3』昼公演 公演1/券種1
  [461/4237] 518037 One time pass presents MOU-KO FUKU 公演1/券種1
  [462/4237] 521782 『SHABON vol.5』 公演1/券種1
  [463/4237] 521813 『鳴らせ-NARASE- Vol.8』 公演1/券種1
  [464/4237] 521802 yolufa presents "Eureka" vol.6 公演1/券種4
  [465/4237] 521788 Acoustic RIOT feat.モンマユウヤ 公演1/券種1
  [466/4237] 521772 N.R.R pre.『IGNITION/RED』Release To 公演1/券種1
  [467/4237] 521557 川端渚ワンマンライブ「猪突猛進 in 渋谷 Vol.5』 公演1/券種1
  [468/4237] 521492 『秋のほくほくたいむ』 公演1/券種1
  [469/4237] 521432 下山 淳 & 延原達治 芋煮会ライブ2026 公演1/券種1
  [470/4237] 521778 『The Playlist 38』 公演1/券種2
  [471/4237] 520386 ZOCX presents『せこちゃお手刀 vol.18』10/20 公演1/券種1
  [472/4237] 521762 名古屋MUSIC FARM pre.「夏の終わりの華金」 公演1/券種1
  [473/4237] 521744 エキサイト中條のマンスリーエキサイトタイムズ！9月号 公演1/券種1
  [474/4237] 521719 CHONMAGEJAPAN企画「皆の衆会 其のニ」 公演1/券種3
  [475/4237] 515223 自分が自分であるために-PistLamp pre.- 公演1/券種1
  [476/4237] 521666 mod presents「Alpha-Beta」vol.38 公演1/券種2
  [477/4237] 521658 HOME AGAIN #14 公演1/券種1
  [478/4237] 521653 mod presents「Alpha-Beta」vol.37 公演1/券種2
  [479/4237] 520840 BAR濱書房〜木曜日は歌声サロン〜1022SP 公演1/券種2
  [480/4237] 521644 Taro's Bar vol.63~鈴木太郎とお酒と音楽と~ 公演1/券種3
  [481/4237] 521642 Taro's Bar vol.62~鈴木太郎とお酒と音楽と~ 公演1/券種3
  [482/4237] 521629 mod presents「Alpha-Beta」vol.36 公演1/券種2
  [483/4237] 521626 AATA presents「BEAT CONNECTION」 公演1/券種1
  [484/4237] 521625 【花とあーたのサシでしっぽりやりまショー12】 天野花 × AATA 公演1/券種1
  [485/4237] 520606 OITA PORT HALLこけら落とし 公演1/券種1
  [486/4237] 520519 Y-nation 〜それぞれのワンマンライブ決起集会！〜 公演1/券種1
  [487/4237] 521548 10/25(日)昼☀️平原食堂企画@西荻窪 居酒屋森田 公演1/券種1
  [488/4237] 521530 雨ノ地 晴太郎1st album『泥と星』レコ発 公演1/券種1
  [489/4237] 521549 APPLAUSE vol.8 公演1/券種1
  [490/4237] 521545 橋詰昌慧 ラジオ公開収録＆ミニライブ【Cwave特別番組】 公演1/券種1
  [491/4237] 521527 セカイ部屋vol.88 「チャコ姉の職権濫用」 公演1/券種1
  [492/4237] 521526 未来思考 vol.3 公演1/券種1
  [493/4237] 521520 【スマイ専用】【大阪 優勝酒場ノーユーノーミー】出演21:15〜 公演1/券種1
  [494/4237] 521496 2026ラスト！3マンみたいな4マン！ 公演1/券種1
  [495/4237] 521396 GOMARU JAPAN ONEMAN SHOW NIGHT 公演1/券種1
  [496/4237] 436309 真夜中のアンセム vol.1 公演1/券種1
  [497/4237] 521518 【スマイ専用】【大阪 優勝酒場ノーユーノーミー】出演21:15〜 公演1/券種1
  [498/4237] 521514 【スマイ専用】【名古屋GURU×GURU】出演20:00~ 公演1/券種1
  [499/4237] 521462 ネイキッドグルーヴ~弾き語り〜 公演1/券種1
  [500/4237] 520043 それでも尚、未来に媚びる 1st Full Album「それでも尚、 公演1/券種1
  [501/4237] 520564 ＜通常＞ナデシコドール Double side ONE MAN LI 公演1/券種1
  [502/4237] 520563 ＜通常＞ナデシコドール Double side ONE MAN LI 公演1/券種1
  [503/4237] 520562 Thank You club SONIC iwaki 公演1/券種1
  [504/4237] 521456 UN-STELLA 1st Album 『nuclusion 』 R 公演1/券種1
  [505/4237] 509196 ずっとグルーミーpre.1st single トランジスタラジオ r 公演1/券種1
  [506/4237] 521495 歌手三昧 第三夜 公演1/券種1
  [507/4237] 521488 [福島] "D.O.T." 公演1/券種1
  [508/4237] 520790 伝説のBar【LEGEND】 あちらのお客様から ～22杯目～ 公演1/券種1
  [509/4237] 521263 入日茜×しらいしりょうこ「見上げる。」-2026 東京公演- 公演1/券種1
  [510/4237] 521385 9/22(火祝)平原謙吾ソロ@越谷ごりごりハウス 公演1/券種1
  [511/4237] 521406 [三重] "THE END HAS NO END" 公演1/券種1
  [512/4237] 521401 『POPPY NIGHT』 公演1/券種2
  [513/4237] 521400 『POPPY NIGHT』 公演1/券種2
  [514/4237] 521397 [大阪] ROCKY & The SWEDEN “MOUNTAIN  公演1/券種1
  [515/4237] 521076 YOLU CAFE BLEND NIGHT MICROROSTERS 公演1/券種1
  [516/4237] 517131 アドミクっち天国ファンミーティング -自由気ままに呑んで歌って呑んで 公演1/券種1
  [517/4237] 520959 KAY-I ONE ROOM LIVE in Sendai 公演1/券種1
  [518/4237] 521358 しまむらコーデ 2026秋 公演1/券種1
  [519/4237] 521121 浜端ヨウヘイLIVE TOUR 2026 "HERE AND THE 公演1/券種3
  [520/4237] 521115 浜端ヨウヘイLIVE TOUR 2026 "HERE AND THE 公演1/券種3
  [521/4237] 521111 浜端ヨウヘイLIVE TOUR 2026 "HERE AND THE 公演1/券種3
  [522/4237] 521057 四季彼方-新曲LIVE ＆ 四季彼方 × ふたばたけし 2MAN L 公演2/券種3
  [523/4237] 521110 浜端ヨウヘイLIVE TOUR 2026 "HERE AND THE 公演1/券種3
  [524/4237] 521118 浜端ヨウヘイLIVE TOUR 2026 "HERE AND THE 公演1/券種3
  [525/4237] 520775 BAR濱書房〜水曜どうでしょう！？歌声サロン〜1014SP 公演1/券種2
  [526/4237] 520784 BAR濱書房〜木曜日は歌声サロン〜1015SP 公演1/券種2
  [527/4237] 521335 SOLO SHOW "SOOO NICE!!!!!! PARTY 2 公演1/券種1
  [528/4237] 521286 OTOKURA RECOMMEND LIVE 261004 公演1/券種1
  [529/4237] 521260 mod presents. "HATCH 44" 公演1/券種2
  [530/4237] 519797 GET BILL MONKEYS 【福岡さん! ホームパーティーは突 公演1/券種1
  [531/4237] 521236 「Girls at Heart」※投げ銭ライブ 公演1/券種1
  [532/4237] 517868 新カリチアル×赤羽あつみ共催企画「表現のパウチ」 公演1/券種1
  [533/4237] 518478 You×I×Liveーユアラブー 公演1/券種1
  [534/4237] 520602 10/29 FREE LIVE !! 公演1/券種1
  [535/4237] 521024 #48 AM Infolk Concert 公演1/券種1
  [536/4237] 520792 老残Rec produce 「Remember at night」 公演1/券種1
  [537/4237] 520923 BACK LIFT pre. New Digital Single  公演1/券種2
  [538/4237] 520920 BACK LIFT pre. New Digital Single  公演1/券種2
  [539/4237] 520921 BACK LIFT pre. New Digital Single  公演1/券種2
  [540/4237] 513095 バンズとあなた Vol.2 公演1/券種1
  [541/4237] 521165 mod presents「metaphor」4 公演1/券種1
  [542/4237] 519426 ゆとりくんアコースティックライブ「メロい夜」 公演1/券種2
  [543/4237] 521027 GFM&満月presents 「満月 1st EP Release  公演1/券種1
  [544/4237] 520922 原田博行ワンマンライブ 公演1/券種1
  [545/4237] 520976 KAZU生誕祭2026 〜Be yourself.〜 公演1/券種1
  [546/4237] 520898 ◆「24周年はセクシー」11/6(黄金の風) 公演1/券種1
  [547/4237] 521093 System Debug Operator(シャウワウ予約フォーム) 公演1/券種1
  [548/4237] 521122 mod presents “Chaos is Me” vol.11 公演1/券種2
  [549/4237] 520698 【来場予約】10/8「混沌」 公演1/券種1
  [550/4237] 521050 ネイロメーカーvol.9 公演1/券種1
  [551/4237] 521026 東京VS名古屋 Vol.2 公演1/券種1
  [552/4237] 520946 東京ハテナバナナレコ発主催&ちえみBD 「SUPER PROGRES 公演1/券種1
  [553/4237] 520926 ショウワップナイター6 公演1/券種1
  [554/4237] 520919 青野りえ『TOKYO step』リリース・パーティ 公演1/券種1
  [555/4237] 520912 【魔界妖宴Vol.2】妖『地獄の門』リリース記念ライブfeat.Na 公演1/券種1
  [556/4237] 519913 THANK YOU 2026 公演1/券種1
  [557/4237] 518694 『秋のチャレンジ祭り』 -即興劇×ピアノ弾き語り- 公演1/券種1
  [558/4237] 520884 大阪✕北海道 女性シンガーライブ〜Chanteus〜 公演1/券種1
  [559/4237] 520756 Hello world 公演1/券種1
  [560/4237] 520598 10/25昼 『in the Hideaway』vol.70 公演1/券種1
  [561/4237] 520828 WALTZMORE EXTRA ONEMAN SHOW -1st f 公演1/券種1
  [562/4237] 520676 2026/10/11(sun)神戸のわのわカフェ 「ここだけのライブ 公演1/券種1
  [563/4237] 519162 U's 3rd ONE MAN LIVE 〜敢〜 公演1/券種2
  [564/4237] 520558 10/9 森翼presents 【Springtime of lif 公演1/券種1
  [565/4237] 519558 『HMU,AS I AIR LIVE 2026』 公演1/券種1
  [566/4237] 520854 miina yoyaku [Song Kong vol.214］ 公演1/券種1
  [567/4237] 520852 miina yoyaku [晴れ間の音便り］ 公演1/券種1
  [568/4237] 520292 青山RizM presents Always at a live h 公演1/券種1
  [569/4237] 520844 LIVE AT ANALOG CCO 公演1/券種1
  [570/4237] 520843 Mei専用 MOSAiC「KITAZAWA UNPLUGGED」 公演1/券種1
  [571/4237] 520735 SOUND ADDICTION 公演1/券種1
  [572/4237] 520813 The Visionary 公演1/券種1
  [573/4237] 520821 dig up! 公演1/券種3
  [574/4237] 520815 チカゲ×AFTERBEAT Pre.『Double Trigger  公演1/券種1
  [575/4237] 520472 【来場予約】10/4 ※昼公演「あ わ い」 公演1/券種1
  [576/4237] 520793 VIBES FES vol.1 ～海の家だよ！全員集合！～ 公演1/券種2
  [577/4237] 518656 虚像と幻想 公演1/券種1
  [578/4237] 518278 冥き夜に集う狂奏 公演1/券種1
  [579/4237] 518248 音夜胡蝶〜夢幻の宴〜 公演1/券種1
  [580/4237] 520726 『 Cherrs With You 』 公演1/券種2
  [581/4237] 520718 「横浜ふぉーく村コンサート 2026」 公演1/券種1
  [582/4237] 520721 maj-triad Live @ FJ’s 公演1/券種1
  [583/4237] 519531 ジェームスアンドチャーリー One Man Live “In the 公演1/券種3
  [584/4237] 520540 ジェームスアンドチャーリー One Man Live “In the 公演1/券種1
  [585/4237] 518881 今夜は下北沢へ 公演1/券種1
  [586/4237] 520712 「MATANGO FES 2026」 公演1/券種1
  [587/4237] 520692 Day4◆VISUAL EXHIBITION 名もなき世界のかけら【 公演1/券種1
  [588/4237] 520691 Day3◆VISUAL EXHIBITION 名もなき世界のかけら【 公演1/券種1
  [589/4237] 520688 Day2◆VISUAL EXHIBITION 名もなき世界のかけら【 公演1/券種1
  [590/4237] 520687 Day1◆VISUAL EXHIBITION 名もなき世界のかけら【 公演1/券種1
  [591/4237] 520136 ※ 2nd「∞」 公演1/券種1
  [592/4237] 520122 ※ 1st「∞」 公演1/券種1
  [593/4237] 499335 LIVING ONLY RECORDS presents 3BEQ+ 公演1/券種2
  [594/4237] 520279 BrownCrow presents BrownCrow 24th  公演1/券種1
  [595/4237] 520440 『TRICK or DIE🎃』10/28(水の呼吸)* 公演1/券種1
  [596/4237] 519201 歌姫旋律祭 vol.2 公演1/券種1
  [597/4237] 520402 『赤坂花音』 公演1/券種1
  [598/4237] 520403 (勝手に)MANAMIホールワンマンライブ前夜祭 公演1/券種1
  [599/4237] 520513 竹森マサユキ 弾き語りワンマンライブ SUPER HAPPY TIM 公演1/券種1
  [600/4237] 520483 SERRA 『X:CEED』Release Tour [Nagoya 公演1/券種2
  [601/4237] 520482 SERRA 『X:CEED』Release Tour [Osaka] 公演1/券種1
  [602/4237] 520481 SERRA 『X:CEED』Release Tour [Tokyo] 公演1/券種1
  [603/4237] 519181 ごじゃっぺナイト 【STUNNER”Dance Punk”tour】 公演1/券種1
  [604/4237] 514354 INFOG presents... "SOUND COMMUNICA 公演1/券種1
  [605/4237] 520194 Kensaku Kishida-Band-×The Full Cou 公演1/券種2
  [606/4237] 518286 D×5 PARTY'S 公演1/券種1
  [607/4237] 520542 【来場予約】2026/11/26「torlo -ALONE prim 公演1/券種1
  [608/4237] 520475 【来場予約】10/3 daisuke katayama 15th L 公演1/券種1
  [609/4237] 520474 【来場予約】10/3 daisuke katayama 15th L 公演1/券種1
  [610/4237] 514832 田川ヒロアキ ROLLING START 2026 下関・新・ご当地 公演1/券種2
  [611/4237] 520576 10/29(木)「Honey Collection -Hallowe 公演1/券種1
  [612/4237] 516458 MIZUKI LIVE vol.1 公演1/券種3
  [613/4237] 520552 池袋FIELD Presents「be On !」【東京・池袋】 公演1/券種1
  [614/4237] 519045 RAIDEN 3rd Anniversary ONE-MAN LIV 公演1/券種1
  [615/4237] 520476 君がそうなら僕はこう企画「ハロウィン大作戦2！」 公演1/券種1
  [616/4237] 520114 【岐阜羽島】「地獄から舞い戻った2人 2026」 公演1/券種1
  [617/4237] 520113 【大阪】「地獄から舞い戻った2人 2026」 公演1/券種1
  [618/4237] 516945 "Aoi Crossing Parade 2026" support 公演1/券種2
  [619/4237] 520464 momoca 10th Anniversary one man -i 公演1/券種1
  [620/4237] 517402 galabox presents『くじらとかかし』 公演1/券種1
  [621/4237] 519213 「cafe Room+ presents +LABO case10」 公演1/券種2
  [622/4237] 520420 stephanies marché vol.10 公演1/券種2
  [623/4237] 520256 カッキーマンLive 〜サンレッドの風に乗って〜 赤坂ロマン 公演1/券種1
  [624/4237] 520471 JUNKY PRAYER PRESENTS「JUNKIES DEMO 公演1/券種1
  [625/4237] 520466 keiZiro/人間交差点 「今度の新曲は池田聡プロデュースだってよ 公演1/券種1
  [626/4237] 520470 Love in City 2026 小豆島／ tempo a aut 公演1/券種1
  [627/4237] 520468 Love in City 2006 高松／tempo a autun 公演1/券種1
  [628/4237] 520444 mod presents. "HATCH 43" 公演1/券種2
  [629/4237] 520443 mod presents. "HATCH 42" 公演1/券種2
  [630/4237] 518556 【1211】 武蔵野音楽祭蓮の音カーニバルプレミアム 公演1/券種2
  [631/4237] 520433 おとなりにぎんが計画「全部銀河ツアー」1st ONE MAN TOU 公演1/券種1
  [632/4237] 520432 おとなりにぎんが計画「全部銀河ツアー」1st ONE MAN TOU 公演1/券種1
  [633/4237] 520435 おとなりにぎんが計画「全部銀河ツアー」1st ONE MAN TOU 公演1/券種1
  [634/4237] 519470 DY CUBE presents 感性の法則" = " 公演1/券種1
  [635/4237] 519467 DY CUBE presents 感性の法則"指" 公演1/券種1
  [636/4237] 519466 DY CUBE presents 感性の法則"掌" 公演1/券種1
  [637/4237] 519462 DY CUBE presents 感性の法則"結" 公演1/券種1
  [638/4237] 519460 DY CUBE presents 感性の法則"転" 公演1/券種1
  [639/4237] 519469 DY CUBE presents 感性の法則"爪" 公演1/券種1
  [640/4237] 519458 DY CUBE presents 感性の法則"承" 公演1/券種1
  [641/4237] 519420 DY CUBE presents 感性の法則"起" 公演1/券種1
  [642/4237] 519379 DY CUBE presents 感性の法則"端" 公演1/券種1
  [643/4237] 519377 DY CUBE presents 感性の法則"中心" 公演1/券種1
  [644/4237] 519375 DY CUBE presents 感性の法則"偏り" 公演1/券種1
  [645/4237] 520164 look in the mirror TOUR Fainal 下北沢 公演1/券種1
  [646/4237] 519782 『サルベージプロジェクト』 公演1/券種1
  [647/4237] 519752 『navey next』 公演1/券種1
  [648/4237] 516844 「那由他計画」と「35年目のカイエ」 公演1/券種1
  [649/4237] 518019 Deshabillz ONEMAN 2026 「幕間～束の間の～」 公演1/券種0
  [650/4237] 520391 sunset BLUE 11th Anniversary "suns 公演1/券種1
  [651/4237] 520360 映画『愛し合ってるかい？忌野清志郎が教えてくれた』公開記念「清志郎を 公演1/券種1
  [652/4237] 518967 Go！Go！福助。NIGHT -五十祭。- 公演1/券種2
  [653/4237] 520263 音笑交差点vol.3〜好きが交わるみんなの夜〜 公演1/券種1
  [654/4237] 519990 セガレキッズ、炎の東京ワンマンショー‼︎ 公演2/券種2
  [655/4237] 520146 Limited 公演1/券種0
  [656/4237] 519515 【来場予約】10/26「つきあかりのうた」 公演1/券種1
  [657/4237] 519506 【来場予約】10/23「melee」 公演1/券種1
  [658/4237] 520312 「 SAME PACE TOUR 2026 -ふたりごと編- 」 公演1/券種1
  [659/4237] 504475 タルタル食堂5周年記念祭『素敵な仲間達 2026 Thank you 公演1/券種1
  [660/4237] 504472 タルタル食堂5周年記念祭『素敵な仲間達 2026 Thank you 公演1/券種1
  [661/4237] 504471 タルタル食堂5周年記念祭『素敵な仲間達 2026 Thank you 公演1/券種1
  [662/4237] 504468 タルタル食堂5周年記念祭『素敵な仲間達 2026 Thank you 公演1/券種1
  [663/4237] 504467 タルタル食堂5周年記念祭『素敵な仲間達 2026 Thank you 公演1/券種1
  [664/4237] 504470 タルタル食堂5周年記念祭『素敵な仲間達 2026 Thank you 公演1/券種1
  [665/4237] 520290 『ユーリカは夜ひびく vol.112 』モリカワユウタ／AATA／岩 公演1/券種1
  [666/4237] 520260 「秋のひまわりフェスタ2026 -松平忠智ワンマンライブ」 "それで 公演1/券種1
  [667/4237] 520286 「新年から幸せになりたいでしょ！？」西山小雨 / AATA 公演1/券種1
  [668/4237] 520283 IYPpresents 『 Voice of Energy Vol. 公演1/券種1
  [669/4237] 519998 SONIC PRESENTS THE RAPID ぱくぱくもぐもぐむ 公演1/券種1
  [670/4237] 519995 SONIC PRESENTS TEEN'S CIRCUIT 公演1/券種1
  [671/4237] 520248 HIROYA FUKUDA Live or Die 2026 公演1/券種1
  [672/4237] 520246 府内大解放区 公演1/券種1
  [673/4237] 520085 ANDOROMEDA 公演1/券種1
  [674/4237] 519952 カホン村岡 企画「basement moon -オチカヅキ-」第四夜 公演1/券種1
  [675/4237] 520196 新愉快な音楽仲間たち VOL.26《大北哲央専用予約フォーム》 公演1/券種1
  [676/4237] 514481 おおきあさみマンスリーワンマンライブ ”BeginAgain vol 公演1/券種3
  [677/4237] 519957 kainatsu 20th anniversary「KAI幕祭!!」 公演1/券種1
  [678/4237] 520134 "3-Quarters The Soul Nuts in HAKAT 公演1/券種1
  [679/4237] 517753 歪-HIZUMI- &BANGBOO pre.【歌花多-UTAKAT 公演1/券種1
  [680/4237] 516556 歪-HIZUMI-×名古屋MUSICFARM presents. 【 公演1/券種1
  [681/4237] 519417 【10/16(Fri)】 SAKURA-NEW-GENERATION 公演1/券種3
  [682/4237] 520107 miina yoyaku [再会の音色がする Vol.32］ 公演1/券種1
  [683/4237] 479692 theKiiL楽縁祭~特別篇~ K誕祭’26 公演1/券種1
  [684/4237] 520083 歌田真紀マンスリーワンマンライブ 「ゆりちゃんのナイフ」 公演1/券種1
  [685/4237] 519618 YOSAME 2nd EP Release Tour「夜明け前」東京 公演1/券種2
  [686/4237] 519196 YOSAME 2nd EP Release Tour「夜明け前」大阪 公演1/券種2
  [687/4237] 520095 buff the Bergamo ONE-MAN LIVE 『buf 公演1/券種1
  [688/4237] 520084 原田真二 Acoustic Live in 宮崎 公演1/券種2
  [689/4237] 519762 「 K & K 」 公演1/券種1
  [690/4237] 519682 JAGGER'S HOTDOG TOUR 2026 東京編 公演1/券種1
  [691/4237] 519907 市川セカイDebut 20th ONEMAN FINAL 「AFTE 公演1/券種1
  [692/4237] 519461 音むす前夜祭2026 公演1/券種1
  [693/4237] 520077 ジャキジャキ侍女たち 公演1/券種1
  [694/4237] 519621 夢追い町中華〜夢のつづき〜 公演1/券種1
  [695/4237] 519686 11/10 FRUITY GROOVY ビタミNIGHT！vol.2 公演1/券種1
  [696/4237] 519253 Tristella（トリステラ）〜special live〜 202 公演1/券種2
  [697/4237] 519617 Blessed vol.20 公演1/券種2
  [698/4237] 517976 和マンスリーライブ 2026 「いっちょやるか、いずみ！」 - いず 公演1/券種1
  [699/4237] 518885 東京激ロックDJパーティー EDGE-CRUSHER Vol.207 公演1/券種1
  [700/4237] 519250 第1回 たのしいよ!! 公演1/券種1
  [701/4237] 519638 『ハピコレ!!vol.632』 公演1/券種1
  [702/4237] 520053 モルタルレコードPRESENTS 『大北哲央 冬が始まるよワンマン』 公演1/券種1
  [703/4237] 519968 上間江望バースデーイベント Barえみりー 1012夜 公演1/券種1
  [704/4237] 519970 上間江望バースデーイベント Barえみりー 1013夜 公演1/券種1
  [705/4237] 519963 上間江望バースデーイベント Barえみりー 1012昼 公演1/券種1
  [706/4237] 519679 Eisaku Matsuda Monthly ONEMAN LIVE 公演1/券種1
  [707/4237] 519890 多田慎也 ONE-MAN LIVE "アオモリブルー" 公演1/券種2
  [708/4237] 519858 MOECHANZ ワンマンライブ「After Curtain cal 公演1/券種1
  [709/4237] 519856 竹森マサユキ × ヒトリルーム 2man live tour fin 公演1/券種1
  [710/4237] 519855 おじさんと小娘 鹿児島ワンマンライブ『ただいま、おかえり。』 公演1/券種1
  [711/4237] 519543 The One × Complete＃11《Future Toy》東 公演2/券種4
  [712/4237] 519539 The One × Complete＃11《Future Toy》東 公演2/券種4
  [713/4237] 519538 The One × Complete＃11《Future Toy》東 公演2/券種4
  [714/4237] 519477 DY CUBE presents 感性の法則"わがまま" 公演1/券種1
  [715/4237] 519476 DY CUBE presents 感性の法則"素直" 公演1/券種1
  [716/4237] 519474 DY CUBE presents 感性の法則"夜" 公演1/券種1
  [717/4237] 519473 DY CUBE presents 感性の法則"朝" 公演1/券種1
  [718/4237] 519801 『The Playlist 37』 公演1/券種2
  [719/4237] 519472 DY CUBE presents 感性の法則" % " 公演1/券種1
  [720/4237] 519269 ◆Tokami 解散10年記念1日復活企画 11/15(SUN)* 公演1/券種1
  [721/4237] 513089 【続・天下一不毛会】クリトリック・リス vs アイドル編 feat. 公演1/券種2
  [722/4237] 519643 Blues Rock Show Ⅱ @ 熊谷 モルタルレコード 公演1/券種1
  [723/4237] 517743 「梅田BANGBOO × OTONOVA 会場代表決定戦A」 公演1/券種1
  [724/4237] 519361 sway to the music 公演1/券種1
  [725/4237] 517908 吉祥寺WARP28周年記念公演【ACE vol.3】 公演1/券種2
  [726/4237] 516652 10/4「Begin again」 公演1/券種1
  [727/4237] 519753 mod presents「nearby the major 6」 公演1/券種2
  [728/4237] 519730 空中世界 15名限定 弾き語りミニワンマン 『秘密の空中会議』 ここ 公演1/券種2
  [729/4237] 519725 山作戰 25周年記念ワンマンライブ YAMASAXXV FINAL  公演1/券種1
  [730/4237] 519722 『Sugar Water』 公演1/券種1
  [731/4237] 513074 Tadasuke BIRTHDAY PARTY LIVE 公演1/券種1
  [732/4237] 518990 新宿SongBook-LUNCH TIME- 公演1/券種1
  [733/4237] 519459 アコースティック気分のミニライブ〜其の十三〜 公演1/券種1
  [734/4237] 519345 『ハピコレ!!vol.633』 公演1/券種1
  [735/4237] 519301 BAR濱書房〜華金も歌声サロン〜1002SP 公演1/券種2
  [736/4237] 519271 Blessed vol.19 公演1/券種2
  [737/4237] 519418 池袋SundayMusic vol.20 公演1/券種1
  [738/4237] 519673 ジャイアンナイト SHOHEI2026 愛しあってるかい？ 公演1/券種1
  [739/4237] 519672 ジャイアンナイト SHOHEI2026 "愛しあってるかい？” 公演1/券種1
  [740/4237] 519634 気仙沼｜すがとよピアノ 10年ありがとうコンサート 公演1/券種1
  [741/4237] 519595 『LOW'S BAR Vol.9』 公演1/券種1
  [742/4237] 519597 Blues Rock Show Ⅱ @ 所沢 音楽喫茶MOJO 公演1/券種1
  [743/4237] 519555 高槻魂!!2026 前夜祭 公演1/券種1
  [744/4237] 517888 VIBRATION HALLOWEEN NIGHT 公演1/券種1
  [745/4237] 519502 IKUO & Sakura リズムセミナー in 沖縄 公演1/券種2
  [746/4237] 519465 はいから東京 1st 7inch Single 『Private P 公演1/券種2
  [747/4237] 519446 music fruits 2026 vol.42 ～実りの秋に、想い 公演1/券種1
  [748/4237] 515972 BLOOD STAIN CHILD presents ESCAPE  公演1/券種1
  [749/4237] 519432 音楽室〜センチメンタルズ新ネタ・弾き語りライブ〜 公演1/券種1
  [750/4237] 519362 「ビッグ荒瀬・大お誕生日前夜 2026 -dieS & MUNIMU 公演1/券種1
  [751/4237] 513283 HIROさんとKIMさん 横浜長者町 FRIDAY 公演1/券種1
  [752/4237] 519254 ◆「ハロウィンはセクシー -part 2-」10/22(wood)* 公演1/券種1
  [753/4237] 519115 2026/10/10(sat)someno kyoto 須澤紀信Pr 公演1/券種1
  [754/4237] 516862 立川HeartBeat × 絶対零度 共催 絶対零度 勇気 誕生月企 公演1/券種1
  [755/4237] 519332 【HIRO】東京・東中野DRUM 「HIROの日 Vol.2」 公演1/券種1
  [756/4237] 518818 Sugar.U 1st EP Sweet Sugar Release 公演1/券種2
  [757/4237] 515687 弾き語りツーマン「フリークス!!」須田亮太(ナードマグネット) /  公演1/券種1
  [758/4237] 518595 Neil DiMC -ONEMAN LIVE- 「歌うメロディに愛を 公演3/券種3
  [759/4237] 518779 mono's Ark phonia -Acoustic LIVE-  公演1/券種1
  [760/4237] 518698 Ohana Misaki presents “未来の扉をあけたら” 公演1/券種1
  [761/4237] 517972 アゲバグリズムキング〜東京編〜 公演1/券種1
  [762/4237] 518911 INTHIS vol.75 公演1/券種1
  [763/4237] 519346 klllthemind × Shinjuku Marble pre. 公演1/券種1
  [764/4237] 515393 crotchet / Road ～Parallel Another  公演1/券種1
  [765/4237] 518178 ウラニーノ結成25周年ツアー2026ファイナル「ありがとう四半世紀！ 公演1/券種1
  [766/4237] 519360 播州盛上隊 初 ワンマンライブ 「よろしく播州」 公演1/券種1
  [767/4237] 518639 Big "B" 2026 -The Memphis Bell Spe 公演1/券種3
  [768/4237] 517022 ALL I WANT 2026 2DAYS ONE-MAN『俺たちが 公演1/券種1
  [769/4237] 519124 the FꓤAIL presents 【じーな祭り2026〜夏はまだ 公演1/券種1
  [770/4237] 517422 FUNKIST FESTIVAL 2026 公演1/券種1
  [771/4237] 519284 それはそれ、これはこれ初お披露目LIVE 公演1/券種2
  [772/4237] 515880 【来場予約】11/30「風まかせ」 公演1/券種1
  [773/4237] 515735 【来場予約】11/29※夜公演「NORSU TRIO one-man 公演1/券種1
  [774/4237] 519205 Only Shallow 2 vol.5. total feedba 公演1/券種1
  [775/4237] 519170 11/22 -Miu ライブオフ会2026お疲れ様Party!!- 公演1/券種3
  [776/4237] 519151 「ここが地元と言い張るツアー」大阪編やさかい 公演1/券種1
  [777/4237] 518553 INTERSECTION 公演1/券種1
  [778/4237] 518544 デビュー10周年記念感謝祭 追加公演 公演1/券種1
  [779/4237] 518537 デビュー10周年記念感謝祭 公演1/券種1
  [780/4237] 518998 MAMALAID RAG ウィンターライブ2026「Snow & T 公演1/券種1
  [781/4237] 518992 『ママレイドジャム vol.7』 公演1/券種1
  [782/4237] 517502 DURAN "Vornak Tour: DURAN x MARINO 公演1/券種1
  [783/4237] 519082 2026.11.15 新井薬師前 ナカノステレオ チャンカーカウント 公演1/券種1
  [784/4237] 507994 革命メロイック presents かぼちゃレボリューションDX 公演1/券種1
  [785/4237] 517485 しまなみ世界民謡音楽フェスティバル 公演1/券種1
  [786/4237] 518870 JUNNY企画『地元でツルんでハモリま専科 #5』 公演1/券種1
  [787/4237] 517487 OMATASE'26 公演1/券種1
  [788/4237] 518124 PLAY THE FUTURE -夢幻- 復帰２周年＆アルバムリリー 公演1/券種1
  [789/4237] 519044 「MOON PHASE」 公演1/券種1
  [790/4237] 519023 「高野寛 MVF trio ワンマンライブ」 公演1/券種1
  [791/4237] 516934 10/19(月) Voynich ManuscЯipt 1st Al 公演1/券種1
  [792/4237] 519019 時をかける男女7人豊橋物語 公演1/券種1
  [793/4237] 518615 マツキゴールド生誕祭【41→42】 公演1/券種1
  [794/4237] 518955 「13日の金曜日LIVE」 公演1/券種1
  [795/4237] 518331 清野雄翔 Presents 「GOCHISOU 〜今度は本当に生誕祭 公演1/券種1
  [796/4237] 518655 HAKUAI×FOWS pre.『AMPLIFY CHAOS PRO 公演1/券種1
  [797/4237] 517952 etu one man live 足跡は消えない _f 公演1/券種2
  [798/4237] 518567 [super silent] 10/21 公演1/券種1
  [799/4237] 518022 おおきあさみ活動休止前ラスト企画 ”太陽の美術館 -chapter5 公演1/券種1
  [800/4237] 518398 RYO SOLITUDE 1st Solo Mini Album 【 公演1/券種1
  [801/4237] 517373 四季彼方-アコースティック定期ワンマンLIVE -9月- 公演1/券種1
  [802/4237] 514421 daisansei ONE-MAN LIVE『I Love You』 公演1/券種1
  [803/4237] 510586 SACT! age-20th monthly ―Harvest Mo 公演1/券種1
  [804/4237] 518631 『大好き俱楽部 vol.5』 公演1/券種1
  [805/4237] 518618 『逢』 公演1/券種1
  [806/4237] 518914 mod presents "Hatch 41” 公演1/券種2
  [807/4237] 518903 mod presents "Hatch 39” 公演1/券種2
  [808/4237] 518899 VOCE♪（ヴォーチェ） 公演1/券種1
  [809/4237] 518898 mod presents "Hatch 40” 公演1/券種2
  [810/4237] 518604 ◆Love Kills Theory(US) JAPAN TOUR  公演1/券種1
  [811/4237] 518883 かわず2ndライブ 公演1/券種3
  [812/4237] 517887 愛条ヒカルのお誕生日はウレシャンドン 公演1/券種1
  [813/4237] 518875 Blues Rock Show Ⅱ @ 三原 はるのんcafe 公演1/券種1
  [814/4237] 518877 Yuya presents 【SYNQ】 公演1/券種1
  [815/4237] 518813 ロックンロール残暑2026 公演1/券種1
  [816/4237] 517573 宿る力の棲みしる饗宴 公演1/券種1
  [817/4237] 518774 アナコンダ / The Memphis Bell / YAD 公演1/券種1
  [818/4237] 518773 Laguna × The Memphis Bell presents 公演1/券種2
  [819/4237] 514451 INTEGRAL(インテグラル)vol.1 公演1/券種1
  [820/4237] 518634 【12/26(Sat)】 オプティミストpre. BB Festiv 公演1/券種2
  [821/4237] 517990 AUTUMN RIOT -3MAN SPECIAL- 公演1/券種1
  [822/4237] 518686 mono’s Ark phonia -Acoustic LIVE e 公演1/券種1
  [823/4237] 517010 "SCENE vol.9" -Khore Trio- Solo Ac 公演1/券種1
  [824/4237] 518031 ～HeartBeat 21th Anniversary Event～ 公演1/券種1
  [825/4237] 518230 『アカサカジャック！！』 公演1/券種1
  [826/4237] 517684 LAY ABOUT WORLD 真悠 Birthday 「Sink  公演1/券種1
  [827/4237] 518666 shiyu drum solo live 〜浴衣乱打〜 2部 公演1/券種1
  [828/4237] 518664 shiyu drum solo live 〜浴衣乱打〜 1部 公演1/券種1
  [829/4237] 518547 UNBODER 公演1/券種1
  [830/4237] 518490 FullMooN × ThunderSnakeATSUGI Pres 公演1/券種1
  [831/4237] 518635 11/2(月) Omega Dripp presents『GLAMO 公演1/券種1
  [832/4237] 518617 伊東洋平『Life』Release Tour 2026-27 愛知公 公演1/券種1
  [833/4237] 518613 伊東洋平『Life』Release Tour 2026-27 愛媛公 公演1/券種1
  [834/4237] 518605 伊東洋平『Life』Release Tour 2026-27 愛媛公 公演1/券種1
  [835/4237] 518599 伊東洋平『Life』Release Tour 2026-27 大阪公 公演1/券種1
  [836/4237] 518446 ストロボサイダー presents STROBE NIGHT 〜15 公演1/券種4
  [837/4237] 517505 Sweet Emotion 公演1/券種1
  [838/4237] 517962 Eternity spangle 公演1/券種1
  [839/4237] 518406 三宅伸治ソロ2026「Keep Me Comin'」 公演1/券種2
  [840/4237] 518559 Dope Honey活動開始記念主催イベント「Sweet Drug  公演1/券種1
  [841/4237] 518451 Rock the DROP！Vol.37 公演1/券種1
  [842/4237] 518176 MüNi周年LIVE 公演1/券種1
  [843/4237] 503656 音沙汰良好 公演1/券種1
  [844/4237] 518525 ロイヤルトリッキー ワンマンライブ 公演1/券種1
  [845/4237] 517740 「WELCOME COUNTING SHEEP] 公演1/券種1
  [846/4237] 517738 「WELCOME COUNTING SHEEP] 公演1/券種1
  [847/4237] 510587 SACT! age-20th monthly ―Harvest Mo 公演1/券種1
  [848/4237] 518473 愛探眼影ユキナInstagramフォロワー20万人突破記念 先着15 公演1/券種1
  [849/4237] 518472 愛探眼影ユキナInstagramフォロワー20万人突破記念 先着15 公演1/券種1
  [850/4237] 518466 愛探眼影ユキナInstagramフォロワー20万人突破記念 先着15 公演1/券種1
  [851/4237] 518305 すごいバンド名にしたかった。 Gt.略して、コースケ。present 公演1/券種1
  [852/4237] 517761 DY CUBE presents 「 天下統一 Taylorの日 」 公演1/券種1
  [853/4237] 518152 CLUB CRAWL pre.『REFILL vol.1』× Mr. 公演1/券種1
  [854/4237] 517954 10/20『in the Hideaway』vol.69 公演1/券種1
  [855/4237] 517754 DY CUBE presents 「 天下統一 Martinの日 」 公演1/券種1
  [856/4237] 517565 DY CUBE presents 「 天下統一 Matonの日 」 公演1/券種1
  [857/4237] 517563 DY CUBE presents 「 天下統一 Yairi / VI 公演1/券種1
  [858/4237] 517560 DY CUBE presents 「 天下統一 Cole Clark 公演1/券種1
  [859/4237] 517557 DY CUBE presents 「 天下統一 YAMAHAの日 」 公演1/券種1
  [860/4237] 518384 ガミガミpre. ''KAJITTE!!!!'' 公演1/券種1
  [861/4237] 517932 10/14『in the Hideaway』vol.68 公演1/券種1
  [862/4237] 517759 DY CUBE presents 「 天下統一 Guildの日 」 公演1/券種1
  [863/4237] 517757 DY CUBE presents 「 天下統一 Gibsonの日 」 公演1/券種1
  [864/4237] 518464 11/29(日) ARESZ独壇場(ワンマンライブ)【想い果てなく】 公演1/券種2
  [865/4237] 518442 Blessed vol.18 公演1/券種2
  [866/4237] 518410 HIDEOUT vol.9 公演1/券種1
  [867/4237] 518138 【来場予約】10/2「Lustrous」 公演1/券種1
  [868/4237] 518145 【来場予約】10/21「星空キャンドルナイト」 公演1/券種1
  [869/4237] 518449 2026.10.24(土)弾語りワンマン【梅田19時開演】 公演1/券種1
  [870/4237] 518246 ◆「ハロウィンはセクシー -part 1-」10/19(moon)* 公演1/券種1
  [871/4237] 518448 2026.10.18(日)弾語りワンマン【天王寺18時開演】 公演1/券種1
  [872/4237] 518447 2026.10.11(日)弾語りワンマン【天王寺18時開演】 公演1/券種1
  [873/4237] 518445 2026.10.3(土)弾語りワンマン【梅田16時開演】 公演1/券種1
  [874/4237] 518444 フツーのカレー祭り 公演1/券種1
  [875/4237] 518427 森下優美バースデー＆CD発売記念ゴスペルコンサート 公演1/券種2
  [876/4237] 518434 Blues Rock Show Ⅱ @ 溝の口 neonera 公演1/券種1
  [877/4237] 518433 Blues Rock Show Ⅱ @ 函館 White Beatl 公演1/券種1
  [878/4237] 518430 Blues Rock Show Ⅱ @ 札幌 STORMY MOND 公演1/券種1
  [879/4237] 518428 Blues Rock Show Ⅱ @ 旭川 Early Times 公演1/券種1
  [880/4237] 518426 Blues Rock Show Ⅱ @ 静岡 LIVING ROOM 公演1/券種1
  [881/4237] 518423 Blues Rock Show Ⅱ @ 小樽 A.LIVE 公演1/券種1
  [882/4237] 518419 Blues Rock Show Ⅱ @ 西宮 RJ&BME'S 公演1/券種1
  [883/4237] 518418 Blues Rock Show Ⅱ @ 呉(広) Cafe Bleu 公演1/券種1
  [884/4237] 518417 Blues Rock Show Ⅱ @ 豊橋 ハウスオブクレイジー 公演1/券種1
  [885/4237] 518421 Blues Rock Show Ⅱ @ 名古屋 葡萄畑 Marmal 公演1/券種1
  [886/4237] 518422 11/22(日)「LOUD&PROUD vol.459」 公演1/券種1
  [887/4237] 518405 JAGGER'S HOTDOG TOUR 2026 広島編 公演1/券種1
  [888/4237] 518400 「君が思うよりも僕は君が好き〜其の四〜」 公演1/券種1
  [889/4237] 513526 『ビートルズは世代を超えて 2026 〜Acoustic The B 公演1/券種1
  [890/4237] 518378 2026.11.15 西荻ハイ！ハイ！ハイ！68杯目 公演1/券種1
  [891/4237] 512865 マツモトソウとウエノコウジ-泣きの一杯 豊川編- 公演1/券種1
  [892/4237] 518172 JAGGER'S HOTDOG TOUR 2026 公演1/券種1
  [893/4237] 518387 pavilion 2nd full album 『dismount』 公演1/券種1
  [894/4237] 518375 【野坂ひかりpresents Special 4Man Live】  公演1/券種1
  [895/4237] 518337 KING RAT SPECIAL 2MAN LIVE 公演1/券種2
  [896/4237] 518131 もりきこ バンドワンマンライブ 『the Journey conti 公演1/券種1
  [897/4237] 518311 『赤坂爆姫』 公演2/券種2
  [898/4237] 517856 4th EP「食欲」Release Party "Happy bir 公演1/券種1
  [899/4237] 518181 藤田悠也 弾き語りワンマンライブ 「ノーカット」in王子 公演1/券種1
  [900/4237] 518318 四季【秋】ハイウェイから眺める東京 公演1/券種1
  [901/4237] 517099 OSAMU SASAKI ACOUSTIC TOUR 2026 “5 公演1/券種1
  [902/4237] 517090 OSAMU SASAKI ACOUSTIC TOUR 2026 “5 公演1/券種1
  [903/4237] 517092 OSAMU SASAKI ACOUSTIC TOUR 2026 “5 公演1/券種1
  [904/4237] 517097 OSAMU SASAKI ACOUSTIC TOUR 2026 “5 公演1/券種1
  [905/4237] 517089 OSAMU SASAKI ACOUSTIC TOUR 2026 “5 公演1/券種1
  [906/4237] 517508 〜Riki×HeartBeat presents〜 独り部屋にて 第 公演1/券種1
  [907/4237] 516394 Merg Lou 1st EP『天国の季節』Release Part 公演1/券種2
  [908/4237] 518313 mod presents “Serene”vol.20 公演1/券種2
  [909/4237] 514418 ◆「Where is SAKE and CHOCO」10/27(火) 公演1/券種1
  [910/4237] 515369 ハロウィンパーティー 〜おばけのピポと曲がった木〜 公演1/券種1
  [911/4237] 518290 TAKASONIC 2026 公演1/券種1
  [912/4237] 517970 ハクイダイスケ企画 「自転の引力」Vol.19 名古屋ローリングマン 公演1/券種1
  [913/4237] 518090 夜ハ短シ単独公演「月に吠える」 公演1/券種1
  [914/4237] 517971 ハクイダイスケ企画 「自転の引力」1st SEASON FINAL 公演1/券種1
  [915/4237] 518252 「おだ会2026 vol.9 〜 サファイア 〜」おだともあき弾き語 公演1/券種1
  [916/4237] 518112 「自転の引力」Vol.19 名古屋ローリングマン14周年SPECIA 公演1/券種1
  [917/4237] 517885 ゴリラ祭ーズ 3rd Album Release Tour Tour 公演1/券種2
  [918/4237] 516011 自由自在 公演1/券種2
  [919/4237] 518048 uyuu × JAM pre.「ゆらぐ水温」 公演1/券種1
  [920/4237] 518214 伊東洋平『Life』Release Tour 2026-27 東京公 公演1/券種1
  [921/4237] 517255 “ゴガツハズカム20261009” 「枠外の情景。」Vol.17 公演1/券種1
  [922/4237] 517741 コンセント。＋限定『コンセント。感謝祭』 公演1/券種2
  [923/4237] 517752 BAR濱書房〜マンデーナイトも歌声サロン〜928SP 公演1/券種2
  [924/4237] 517744 コンセント。＋企画『地味ハロ DJ Night』 公演1/券種2
  [925/4237] 517530 「Urban3」 公演1/券種2
  [926/4237] 517005 ヤマダショウタ×かとうめい企画『オトノナルホウヘ』 公演1/券種1
  [927/4237] 518215 ボグチョコラフの3マンライブ 公演1/券種1
  [928/4237] 518240 ゆちマジvol.27〜新春バンドワンマンライブ〜 公演1/券種4
  [929/4237] 518210 高橋飛夢 Living Room Sessions 公演1/券種1
  [930/4237] 517767 ゆちマジvol.26〜先取りバースデーライブ：全曲やる！〜 公演1/券種4
  [931/4237] 517882 【来場予約】9/28「Qualia」 公演1/券種1
  [932/4237] 518127 ＜大阪＞LADIESROOM vs KING「〇〇も〇〇も関係ない！ 公演1/券種1
  [933/4237] 518128 ＜名古屋＞LADIESROOM vs KING「〇〇も〇〇も関係ない 公演1/券種1
  [934/4237] 518199 嘘のない音楽室 Vol.1 公演1/券種2
  [935/4237] 506128 今日もあなたが幸せでありますように 公演1/券種1
  [936/4237] 517948 家福孝太郎 弾き語り1stワンマンライブ “From Me To Y 公演1/券種1
  [937/4237] 518165 JOIM 公演1/券種1
  [938/4237] 518149 原田真二 Premium Acoustic Live in 伊勢 公演1/券種1
  [939/4237] 518146 KUZUHA & AICHI DUO★LIVE 〜アコースティック日 公演1/券種1
  [940/4237] 518140 原田真二アコースティックライブ名古屋 公演1/券種1
  [941/4237] 518069 Cafe&Bar 夢のちまた 8th Anniversary LIV 公演1/券種1
  [942/4237] 515207 11/7 BAYSIS PRESENTS 公演1/券種1
  [943/4237] 518117 mod presents “Lunar Descent”vol.13 公演1/券種2
  [944/4237] 497953 ししょう好み Vol.24 和音堂（京都西院） 公演1/券種10
  [945/4237] 516957 NOB FROM CURIO 祝!デビュー3周年!! まつりフェスタ 公演1/券種2
  [946/4237] 518065 Three Man Live 〜行きたかってん大阪 vo2〜 公演1/券種2
  [947/4237] 518077 Peter's Dream 2nd Night 公演1/券種1
  [948/4237] 518075 METAL NO KUMITE(五人組手) 公演1/券種1
  [949/4237] 518072 9/25(金)「CLIFF'EM ALL 2026」 公演1/券種1
  [950/4237] 517572 360° Drum Show！ 公演1/券種2
  [951/4237] 518062 I used from vol.13 公演1/券種1
  [952/4237] 518061 11/13(金)「Honey Collection vol.88」 公演1/券種1
  [953/4237] 518056 キスギャンのおやつ会 vol.9 公演1/券種1
  [954/4237] 518055 SACT! age-20th monthly ―Harvest Mo 公演1/券種1
  [955/4237] 514896 松山晃太バースデーワンマン 『僕が高く跳べる日』 公演1/券種1
  [956/4237] 517999 Jardin Fleuri vol.3 公演1/券種1
  [957/4237] 518000 『CREEP』 公演1/券種1
  [958/4237] 517985 CASHBOXマンスリーライブ -GO GO FES vol.173 公演1/券種1
  [959/4237] 517969 『TOBIRA Friday Night』 公演1/券種1
  [960/4237] 517968 「Music Save the Earth vol.33」 公演1/券種1
  [961/4237] 517928 ポッドキャスト「欲望ラジオ」トークイベント”白昼堂々、欲望を語る秋” 公演1/券種2
  [962/4237] 517924 2026/10/11(sun)神戸ArtGarage C-Lump& 公演1/券種1
  [963/4237] 517881 SARA 1st Solo Concert 「現在地」 公演1/券種1
  [964/4237] 514428 KARIN’S BIRTHDAY DINNER SHOW 公演1/券種4
  [965/4237] 517857 2026年増井みお生誕イベント"IT’S MY BIRTHDAY " 公演1/券種1
  [966/4237] 517854 GINA Birthday Event 2026 公演1/券種1
  [967/4237] 517812 ma-rooom vol.34 公演1/券種1
  [968/4237] 517811 まろＱ部 vol.6 公演1/券種1
  [969/4237] 517395 evolving from N/A × ICEMATE Double 公演1/券種1
  [970/4237] 507692 ～ZEBRALTAL 1st single Release EVEN 公演1/券種1
  [971/4237] 517781 山岸賢介 presents「接しやすい友達」 公演1/券種1
  [972/4237] 517311 otonari 公演1/券種1
  [973/4237] 513600 Luck field presents トラノアナ vol.12 R 公演1/券種1
  [974/4237] 517801 『Fiction』 公演1/券種2
  [975/4237] 517420 LONG PARTY RECORDS Pre.『スラム』vol.39 公演1/券種1
  [976/4237] 517736 MEME 顕現「名前を呼んだ夜」 公演1/券種2
  [977/4237] 517486 健にぃとTAROO 公演1/券種1
  [978/4237] 515641 一宮光輝 20th ANNIVERSARY LIVE「CANDY」 公演2/券種2
  [979/4237] 517636 ちょっとわかるNIGHT 昭和と平成を浴びる会 “SHOHEI” 公演1/券種1
  [980/4237] 517635 藤井風特集 風の歌で踊れ！！ 公演1/券種1
  [981/4237] 517633 Mr.Children特集 DJ PARTY ジャイアンナイト 踊る 公演1/券種1
  [982/4237] 516467 Kaco 単独公演・秋 -solo set- "あわい" 公演1/券種1
  [983/4237] 517571 ＜入場整理番号取得フォーム＞ 居酒屋みとせ2026 公演1/券種1
  [984/4237] 517570 Sproject STUDIO ONEMAN LIVE 公演1/券種1
  [985/4237] 517414 MYFUNERAL INC. pre. 【COMMUNICA -CL 公演1/券種1
  [986/4237] 516543 【来場予約】9/18 浜端ヨウヘイ「BIGMAN IN THE FR 公演1/券種1
  [987/4237] 517319 「前髪ぱっつんナイト2026 -ネオ東京池袋手刀24周年記念風公演- 公演1/券種1
  [988/4237] 516888 『赤坂花音』 公演1/券種1
  [989/4237] 516933 10/5 『FREE LIVE!!』 公演1/券種1
  [990/4237] 517037 Do u luv me too? 大阪編 公演1/券種1
  [991/4237] 517039 Do u luv me too? 東京編 公演1/券種1
  [992/4237] 515850 冥冥乃志 10/19 公演1/券種1
  [993/4237] 517117 WAVE is MINE 公演1/券種1
  [994/4237] 513166 〜 Sweet Night〜 Special Live vol.18 公演1/券種1
  [995/4237] 516956 【来場予約】2026/12/5「汐杏-ALONE prime-」 公演1/券種1
  [996/4237] 517443 【大嶋吾郎60th PARTY】 祝！還暦 みなさんありがとう！ そ 公演2/券種2
  [997/4237] 515809 可惜夜に希う 公演1/券種1
  [998/4237] 516719 WILD SIDE 公演1/券種1
  [999/4237] 515863 My Universe 公演1/券種1
  [1000/4237] 515832 さんざめけ！ 公演1/券種1
  [1001/4237] 517193 Mariana CAFE 10周年記念「I wanna like S 公演1/券種1
  [1002/4237] 517368 2026/10/24(sat)黒崎SEC 公演1/券種1
  [1003/4237] 517151 NIGHT PICNIC -おひる編- 公演1/券種1
  [1004/4237] 517353 mod presents「Alpha-Beta」vol.35 公演1/券種2
  [1005/4237] 517334 音友 ダーツの旅 〜沖縄編day2〜 公演1/券種1
  [1006/4237] 517331 音友 ダーツの旅 〜沖縄編day1〜 公演1/券種1
  [1007/4237] 517328 音友 ダーツの旅 〜栃木編〜 公演1/券種1
  [1008/4237] 516964 club vijon pre. 【OTOSELECT】club vi 公演1/券種1
  [1009/4237] 517325 【SHAKE枠】「奏楽（カグラ）アンサンブル episode.5」 公演1/券種1
  [1010/4237] 516744 ◆「鯨骨とヒロイン」11/20(黄金の風)_先行抽選 公演1/券種1
  [1011/4237] 516745 ◆「鯨骨とヒロイン」/11/20(黄金の風)*一般発売 公演1/券種1
  [1012/4237] 517308 片岡大志〜唄会・SACT! 20周年Special！ 公演1/券種1
  [1013/4237] 516919 トビラでアコースティックナナナナイト(仮) 公演2/券種2
  [1014/4237] 516916 ただいまとはじめまして(仮) 公演1/券種1
  [1015/4237] 517115 【10/7(Wed)】After school vol.45 公演1/券種2
  [1016/4237] 515444 お月様とふたり Vol.5 公演1/券種2
  [1017/4237] 517224 工藤アスナ 定期ミニコンサート September 公演1/券種2
  [1018/4237] 517266 Voice from CASHBOX vol.242 公演1/券種1
  [1019/4237] 512743 杉本琢弥 男性限定ライブ「漢の日」 公演1/券種2
  [1020/4237] 516350 優花1008ワンマン直前！ 「CHERRY JAM FESTIVAL 公演1/券種1
  [1021/4237] 516420 KIZUNA CONNECTION in JOETSU 公演1/券種1
  [1022/4237] 516439 I know send's!? 2026 公演1/券種2
  [1023/4237] 516660 10/15 WINNERプロジェクト 東京vol.3 公演1/券種1
  [1024/4237] 517264 Go!Upstairs! vol.165 公演1/券種1
  [1025/4237] 517257 mod presents「Alpha-Beta」vol.34 公演1/券種2
  [1026/4237] 517239 salmon side2 final 公演1/券種1
  [1027/4237] 517232 Nerima FAMILY 7th anniversary 「Goo 公演1/券種1
  [1028/4237] 517230 mod presents「Alpha-Beta」vol.33 公演1/券種2
  [1029/4237] 517218 「奈良ならライブin 喜光寺-3度目の試み-」 公演1/券種1
  [1030/4237] 517204 ジャイアンナイト 昭和と平成を浴びる会 SHOHEI 公演1/券種1
  [1031/4237] 515867 【awesome youth vol.3】 公演1/券種1
  [1032/4237] 516849 ロンサム presents 『秋の三角関係』 公演1/券種1
  [1033/4237] 517116 Super Birthday 公演1/券種1
  [1034/4237] 517087 [大阪] MASTERPEACE ONE MAN "NOT ONE  公演1/券種1
  [1035/4237] 516648 DIFFERENT:ACCOUNT ＆ 名古屋MUSIC FARM  公演1/券種2
  [1036/4237] 517044 「OJOMAS NIGHT!」 公演1/券種1
  [1037/4237] 517015 A CHAIN OF LOVE マンスリーギャザリングVOL80 公演1/券種1
  [1038/4237] 516738 神戸でみらんとkiss the gambler 公演1/券種1
  [1039/4237] 516775 【9/25(Fri)】 Rena. / ふみか / 菅野翔太 / T 公演1/券種2
  [1040/4237] 516610 【10/11(Sun)】Kaoru / BOYS LAST FRIE 公演1/券種2
  [1041/4237] 516612 【10/18(Sun)】 NEO×TRAD 公演1/券種2
  [1042/4237] 516615 【10/8(Thu)】 昇るならどこか 公演1/券種2
  [1043/4237] 516743 LIFULL VIBES 公演1/券種1
  [1044/4237] 516935 大日本壱夜芸者PRESENTS 「潜在記憶」 公演1/券種1
  [1045/4237] 515208 モグモグラララ vol.1 公演1/券種1
  [1046/4237] 516838 2026年09月23日【ON THE BEACH SABANNAMA 公演1/券種1
  [1047/4237] 516940 『CAMP FIRE 2026』※N.R.R専用取り置き 公演1/券種1
  [1048/4237] 515043 結花presents 冬、音が灯る 公演1/券種1
  [1049/4237] 516383 ファジーデイズpre.「Milky」 公演1/券種2
  [1050/4237] 516490 『STRIDE NEWS』 公演1/券種1
  [1051/4237] 515271 近藤康平個展『ACCUMULATION』closing event 公演1/券種1
  [1052/4237] 516519 Monthly KING @ PALOOZA 〜ROUND31〜 公演1/券種1
  [1053/4237] 516634 新宿SongBook 公演1/券種1
  [1054/4237] 516441 マルゼノン・アーバリーズ Fes. 公演1/券種1
  [1055/4237] 516637 【来場予約】9/22「audio visual」 公演1/券種1
  [1056/4237] 516907 【隆貴vsいたづら！presents】NAVIGATION -Rou 公演1/券種1
  [1057/4237] 516717 「SUMMER TIME TRUTH 番外篇 -season 3.5 公演1/券種1
  [1058/4237] 516877 しゅばる ワンマンライブ (バンド) 公演1/券種1
  [1059/4237] 514616 Oh!saka 3man live vol.2 公演1/券種3
  [1060/4237] 516874 Live Event 歌う門には福来たる Vol.6 公演1/券種1
  [1061/4237] 516253 HERO 19th Anniversary Special FanM 公演1/券種3
  [1062/4237] 516860 The Roar of Rock Vol.1 公演1/券種1
  [1063/4237] 516820 Niwa 1st EP”覆水に月影、花に微熱” Release pa 公演1/券種2
  [1064/4237] 516801 VOG BIRTHDAY RECITAL 2026 公演2/券種4
  [1065/4237] 516786 i*sa*naの音遊び vol.2 公演1/券種1
  [1066/4237] 516760 11/6(金) Crescendo 40th Anniversary 公演1/券種1
  [1067/4237] 515276 近藤康平個展『ACCUMULATION』前半 closing eve 公演1/券種1
  [1068/4237] 515258 近藤康平個展『ACCUMULATION』後半 opening eve 公演1/券種1
  [1069/4237] 516527 栢本ての 吉祥寺曼荼羅 隔月企画「遊色のまたたき」第4回 公演1/券種3
  [1070/4237] 516497 ラストランプpresents. 2MAN LIVE SERIES “ 公演1/券種1
  [1071/4237] 516502 ラストランプpresents. 2MAN LIVE SERIES “ 公演1/券種1
  [1072/4237] 516495 ラストランプpresents. 2MAN LIVE SERIES “ 公演1/券種1
  [1073/4237] 516500 ラストランプpresents. 2MAN LIVE SERIES “ 公演1/券種1
  [1074/4237] 516538 板橋末っ子の会 4th Mini Album「天才ぶるの禁止」リリー 公演1/券種1
  [1075/4237] 516694 【円盤少女取置き予約専用】シモダコータ生誕祭7DAYS 【LIVE  公演1/券種1
  [1076/4237] 516596 シモダコータ生誕祭7DAYS 【LIVE IN THE MOMENT 公演1/券種1
  [1077/4237] 515843 秘密基地は坂の上 公演1/券種4
  [1078/4237] 515987 ベリーバッドアラモード活動９周年記念企画「パーティーはこれから」 公演1/券種1
  [1079/4237] 516735 🎶" Live × Party "『 RUSH 』 公演1/券種6
  [1080/4237] 515740 NOVLYN 60th ANNIV. CELEBRATION NIG 公演1/券種1
  [1081/4237] 512926 エレキレストラン 147 公演1/券種1
  [1082/4237] 516730 10/1(木) 「Ghost of Romance vol.69」 公演1/券種1
  [1083/4237] 508662 Road to ミラクルレボリューション ONE-MAN 〜名古屋編 公演1/券種3
  [1084/4237] 508643 Road to ミラクルレボリューション ONE-MAN 〜大阪編〜 公演1/券種3
  [1085/4237] 512013 Road to ミラクルレボリューション ONE-MAN 〜高松編〜 公演1/券種3
  [1086/4237] 516523 歌いたいように歌うから 公演1/券種1
  [1087/4237] 508612 Road to ミラクルレボリューション ONE-MAN 〜東京編〜 公演1/券種3
  [1088/4237] 516179 第1回 たのしいよ!! 公演1/券種1
  [1089/4237] 516707 『Low Light』 公演1/券種1
  [1090/4237] 516689 嘔吐 1st ONE-MAN LIVE 公演1/券種3
  [1091/4237] 516684 yolufa presents "Eureka" vol.5 公演1/券種3
  [1092/4237] 516586 ◆「はろりんぽ2026 -part 2-」10/25(日) 公演1/券種1
  [1093/4237] 513905 Moon Track Special vol.29 -Large S 公演1/券種3
  [1094/4237] 514870 CONNEXION 公演1/券種1
  [1095/4237] 513881 長澤トモヒロ BirthdayLive【長Fes.5】 公演1/券種2
  [1096/4237] 516625 SeanNorth 20th Anniversary Monthly 公演1/券種1
  [1097/4237] 516641 【ファンミーティング】ASOビバ！ 公演1/券種2
  [1098/4237] 516012 “my funny hitchhiker・ワンマン ” 公演1/券種1
  [1099/4237] 516614 金木犀とメランコリー 公演1/券種1
  [1100/4237] 516616 四つ巴カルテットin名古屋 公演1/券種1
  [1101/4237] 516608 [FABULOUS SATURDAY]9/19 公演1/券種1
  [1102/4237] 516562 新井清人 Live2026 ”My Way Vol.1” 公演1/券種1
  [1103/4237] 516053 INGRY'S 41周年ライブ「SINGLES」 公演1/券種1
  [1104/4237] 516057 INGRY'S 41周年ライブ「DOUBLES」 公演1/券種1
  [1105/4237] 516551 BeLL’s presents 「Open The Next Doo 公演1/券種1
  [1106/4237] 514932 デスマーチ艦隊 再浮上完遂作戦 一空にはとどろ西方巡航 愛知編ー 公演1/券種1
  [1107/4237] 516380 【10/28(Wed)】 **共鳴する四重奏** 公演1/券種1
  [1108/4237] 515763 【3部17:00~】Sadie「悪の花」発売記念イベント 個別2ショ 公演1/券種5
  [1109/4237] 513084 【awesome youth vol.3】 公演1/券種1
  [1110/4237] 514475 近藤康平個展『ACCUMULATION』opening event 公演1/券種1
  [1111/4237] 515705 【2部15:00~】Sadie「悪の花」発売記念イベント 個別2ショ 公演1/券種5
  [1112/4237] 516521 HIKIGACURRY - ヒキガカリー - 公演1/券種1
  [1113/4237] 515332 センチメンタル思春期 presents 「センチメンタル新学期 -  公演1/券種1
  [1114/4237] 515496 フラチナリズムアコースティックワンマンライブ『俺たちだって高槻魂』 公演1/券種1
  [1115/4237] 516513 Picobit×N.R.R pre. 『FROM CHAOS VOL 公演1/券種1
  [1116/4237] 516416 す・え・よ・し “しゃーないな〜ツアー2026” 公演1/券種1
  [1117/4237] 515602 誰がためのうた 公演1/券種1
  [1118/4237] 515858 POTREY ON pre.「全体回復魔法」 公演1/券種1
  [1119/4237] 515049 上野音横丁毒艶会〜回帰篇〜 公演1/券種1
  [1120/4237] 516120 AmamiyaMaako 10th anniversary 〜あれか 公演1/券種1
  [1121/4237] 511924 GAUZES 百舌 共同主催「蠱毒厭魅」 公演1/券種1
  [1122/4237] 515610 Girl's UP!!! vol.420 公演1/券種1
  [1123/4237] 515875 ROCKATERIA 4th Anniv. "THREE×FORTY 公演1/券種1
  [1124/4237] 516488 秋の夜長のおーらいSPセッション! 公演1/券種1
  [1125/4237] 516499 Words Presents 「Twilight Notes」 公演1/券種1
  [1126/4237] 515947 MACH PUNCH 公演1/券種1
  [1127/4237] 516454 お化けの館 公演1/券種1
  [1128/4237] 515714 アイノリ・テクノーズHALLOWEEN 公演1/券種1
  [1129/4237] 516378 Marie Louise 1st Full Album 「めぐる月日 公演1/券種1
  [1130/4237] 513062 『GLAMOROUS BOOGIE NIGHT vol.75』10/ 公演1/券種1
  [1131/4237] 516365 沖縄コザ フォークBar山ちゃん 公演1/券種1
  [1132/4237] 513713 BOOZE vol.4 公演1/券種1
  [1133/4237] 514791 ROCK'N'ROLL HARBOR Vol.55 ～晩秋のカサブラ 公演1/券種1
  [1134/4237] 516338 Tokyo Street Live 4K Studio Live 公演1/券種1
  [1135/4237] 516344 YOSUKE ワンマンLIVE in 大阪 公演1/券種3
  [1136/4237] 515985 藤田悠也 弾き語りワンマンライブ 「ノーカット」in 西長堀 公演1/券種1
  [1137/4237] 516286 「MOON PHASE」 公演1/券種1
  [1138/4237] 516282 「Over The Moon!」 公演1/券種1
  [1139/4237] 515738 ５０分！弾き語りショートワンマンライブ 公演1/券種1
  [1140/4237] 515903 Shawoo pre.『2003、現在地』 公演1/券種2
  [1141/4237] 514264 ジロウ × DY CUBE 共同企画 「 花束 」 公演1/券種1
  [1142/4237] 516254 KAWASAKI MACH GOGO ~河崎雅光55歳生誕祭~ 公演1/券種1
  [1143/4237] 515689 『ハロウィン†ダークネス -禁断ノ夜-』10.23(金) 公演1/券種1
  [1144/4237] 516239 miina yoyaku [一周年記念月間「晴れ間前線」］ 公演1/券種1
  [1145/4237] 515797 THE LOSER & 名古屋MUSIC FARM pre.「君の友 公演1/券種1
  [1146/4237] 514797 NISHIEIFUKU JAM pre.「 KAZE-NO-KO 」 公演1/券種1
  [1147/4237] 511461 海を探す vol.5 公演1/券種1
  [1148/4237] 513567 Feelng and Disappearing 大阪編 公演1/券種1
  [1149/4237] 515732 【来場予約】9/22※夜公演「シンちゃんタケちゃんごきげんライブ」 公演1/券種1
  [1150/4237] 516217 【AATA＆さわひろ子 北海道ツアー DAY4】小樽・銭函 DUAL 公演1/券種1
  [1151/4237] 516215 【AATA＆さわひろ子 北海道ツアー DAY3】小樽・銭函 LIVE 公演1/券種1
  [1152/4237] 514605 冥夜綺想 公演1/券種1
  [1153/4237] 516076 『The Playlist 36』 公演1/券種2
  [1154/4237] 515706 ゆらゆらしちゃおうぜ♪ 公演1/券種1
  [1155/4237] 515782 “Motoyawata Acoustic Party” 公演1/券種1
  [1156/4237] 505927 ONE DAY ONE MAN ONE GUITER デビュー30周 公演1/券種1
  [1157/4237] 515994 YOU Fes 公演1/券種1
  [1158/4237] 515979 『N.U.のプライベートワンマン～Uchi-K-heN?～vol.2 公演1/券種1
  [1159/4237] 515977 MATINEE TRANSMISSION Vol. 11／昼、渋谷路 公演1/券種3
  [1160/4237] 515466 【9/28(Mon)】 After school vol.44 公演1/券種2
  [1161/4237] 515967 うたのありか2026 〜中川敬還暦/ニューエストモデル結成40周年〜 公演1/券種2
  [1162/4237] 515365 MILK 公演1/券種1
  [1163/4237] 515945 【The Secret Life of CCO】 公演1/券種1
  [1164/4237] 515805 【一般予約】2026.9.19(土/昼) 喫茶飄々-泡影- by ミ 公演1/券種2
  [1165/4237] 515519 「rocknomukougawa」 公演1/券種1
  [1166/4237] 515658 森田くみこワンマンライブ "メメント・森" 公演1/券種2
  [1167/4237] 515237 赤羽ReNY alpha pre.ライブハウスシンドローム vol. 公演1/券種1
  [1168/4237] 515338 (T)SK pre 「BIRTHDAY VIBES」 公演1/券種1
  [1169/4237] 515334 NISHIEIFUKU JAM pre. Ren Ishikawa  公演1/券種1
  [1170/4237] 515573 『My Rhyme』 公演1/券種2
  [1171/4237] 515126 大北哲央 Birthday One-Man Live 2026「思い 公演1/券種3
  [1172/4237] 515451 「クラオカ×タカユキ」 公演2/券種2
  [1173/4237] 515727 [LOUDER LOUDER]9/21 公演1/券種1
  [1174/4237] 515095 君と僕の怠惰的クソ世界破壊作戦 公演1/券種1
  [1175/4237] 513930 『Ugly Beauty』 公演1/券種1
  [1176/4237] 515671 勝詩×タマキング ～ can do now TOUR 高松編 公演1/券種1
  [1177/4237] 515346 churi birthday LIVE ｢with you a gi 公演1/券種1
  [1178/4237] 514884 11/20(金)「llumina from ArkRoyal pre 公演1/券種1
  [1179/4237] 515643 クロダセイイチDJ 公演1/券種1
  [1180/4237] 512246 Zuttoiru Music LIVE「ずっといる」vol.29 公演2/券種2
  [1181/4237] 515632 アコースティック気分の弾き語りサークル第41回 公演1/券種1
  [1182/4237] 515628 『My Apology』 公演1/券種2
  [1183/4237] 515314 真昼の決闘 公演1/券種1
  [1184/4237] 513153 ASA-CHANG エマーソン北村 3rd EP 「こぶし」リリース 公演1/券種2
  [1185/4237] 514792 Girl's UP!!! vol.419 公演1/券種1
  [1186/4237] 515607 mod & Aoi Yumi presents「Blue Encod 公演1/券種1
  [1187/4237] 515601 「す・え・よ・し」しゃーないなぁ～ツアー2026 公演1/券種1
  [1188/4237] 515599 「す・え・よ・し」しゃーないなぁ～ツアー2026 公演1/券種1
  [1189/4237] 515593 「す・え・よ・し」しゃーないなぁ～ツアー2026 公演1/券種1
  [1190/4237] 515560 【そこにあるFACT】vol.35 〜SQUIRE & ちー・たまや 公演1/券種1
  [1191/4237] 514356 Risky Melody REGULAR MINI ONE-MAN  公演1/券種1
  [1192/4237] 514011 Risky Melody REGULAR MINI ONE-MAN  公演1/券種1
  [1193/4237] 515544 【Lily取置き専用】「秋は夕暮れ🍂〜2026」 公演1/券種1
  [1194/4237] 513925 LADY HOLIC 公演1/券種1
  [1195/4237] 515533 『Dear my home town Vol.7』 公演1/券種7
  [1196/4237] 515028 AIPIPI in TOKYO 公演1/券種1
  [1197/4237] 515376 【AATA＆さわひろ子 北海道ツアー DAY1】AATA prese 公演1/券種1
  [1198/4237] 515483 「MOON PHASE」 公演1/券種1
  [1199/4237] 515465 マキノゲン × 山田稔明 ーそれでも旅の途中ー「ミト出張ジョイントラ 公演1/券種1
  [1200/4237] 514275 美千歌の抽斗 vol. 6 ― A Birthday with St 公演1/券種4
  [1201/4237] 515127 10/3(土) mode of nostalgia presents 公演1/券種1
  [1202/4237] 515446 MEME 顕現「名前を呼んだ夜」 公演1/券種2
  [1203/4237] 515029 【9/22(Tue)】 Teen age “Communicatio 公演1/券種1
  [1204/4237] 514572 「荒野を歩け」vol.2 公演1/券種1
  [1205/4237] 514408 『シナプスの法則Vol.7』11月17日(火)池袋手刀ドーム 公演1/券種1
  [1206/4237] 514967 両翼を天秤にかけて 〜京都編〜 公演1/券種1
  [1207/4237] 514482 SUMMER OF LOVE 2026 公演1/券種1
  [1208/4237] 515129 SUPER ROCK 2026 in 北海道 【DAY1・Super 公演1/券種1
  [1209/4237] 515238 JUNNY企画『地元でツルんでハモリま専科 #4』 公演1/券種1
  [1210/4237] 515132 SUPER ROCK 2026 in 北海道【DAY2・Super  公演1/券種1
  [1211/4237] 515288 ASTERIA ― 星を綴る物語 ― 公演1/券種1
  [1212/4237] 515273 『Sugar Water -Deluxe Edition-』 公演1/券種1
  [1213/4237] 515256 Psalmマンスリーワンマンライブ #164 公演1/券種2
  [1214/4237] 515236 大橋タカシ×YOSSY 2マンライブ 「going sailing  公演1/券種1
  [1215/4237] 514167 「LUMiPOP (ルミポップ) 1st ONEMAN LIVE」 公演1/券種1
  [1216/4237] 515159 [Bitter Ender]9/26 公演1/券種1
  [1217/4237] 515131 Romanesqueology # 2 (OXYMONON予約ページ 公演1/券種1
  [1218/4237] 513500 Let's Party day3 公演1/券種1
  [1219/4237] 514732 【11/10(Tue)】 古郡翔馬(ハングオーバー) / のうじょう 公演1/券種1
  [1220/4237] 514743 【10/4(Sun)】 BRIDGE 公演1/券種2
  [1221/4237] 514738 【10/3(Sat)】 BRIDGE 公演1/券種2
  [1222/4237] 514165 ЯeaL ONEMAN LIVE 『 Decide 』 公演1/券種1
  [1223/4237] 513816 DOLL PARTS ONE-MAN LIVE!! ''found  公演1/券種1
  [1224/4237] 514968 稲垣和輝バンド pre. 「cross over!!」 広島CAVE 公演1/券種1
  [1225/4237] 513829 DOLL PARTS ONE-MAN LIVE!! ''found  公演1/券種1
  [1226/4237] 515019 FULLNOISE ONEMAN LIVE 公演1/券種1
  [1227/4237] 514690 THE AFTER ALL'S×FOWS pre.『AFTERTON 公演1/券種1
  [1228/4237] 515041 新愉快な音楽仲間たちVOL.26 公演1/券種1
  [1229/4237] 513039 11/27(金)「あおはる！Presents 遊火Birthdayイ 公演1/券種1
  [1230/4237] 515026 『TheLOVE Ballad』リリース記念LIVE〜TheLOVE 公演1/券種1
  [1231/4237] 514936 【来場予約】9/24「わたしのはじめて」 公演1/券種1
  [1232/4237] 514946 【来場予約】9/25「Assemble」 公演1/券種1
  [1233/4237] 514997 大橋タカシ×平松契帥（秋休） 2マンtour 「顔晴れ！明日に架ける 公演1/券種1
  [1234/4237] 514404 HOPE 公演1/券種2
  [1235/4237] 514949 「 おにいちゃんズ〜ゲスト：片山遼〜 」 公演1/券種1
  [1236/4237] 514149 MARIAGE ~ﾏﾘｱｰｼﾞｭ~ Vol.1 公演1/券種1
  [1237/4237] 514943 「 おにいちゃんズ〜ゲスト：uuuuuuuU〜 」 公演1/券種1
  [1238/4237] 514744 “Route Fourteen Happy 41st anniver 公演1/券種1
  [1239/4237] 514963 金沢 Music Bar JELOUSGUY 公演1/券種1
  [1240/4237] 514939 [flippy floppy]9/27 公演1/券種1
  [1241/4237] 514779 Dreamin’ presents 濱夢~ハマドリ~＃2 公演1/券種2
  [1242/4237] 514924 夜によりそう弾き語り vol.9 公演1/券種1
  [1243/4237] 514911 「九月の律動 ~1991~」＆「秋分放談 2026」 公演2/券種2
  [1244/4237] 514625 NoGoD 単独大布教-TOUR2026-「EXPERIMENTAL 公演1/券種1
  [1245/4237] 514624 NoGoD 単独大布教-TOUR2026-「EXPERIMENTAL 公演1/券種1
  [1246/4237] 514623 NoGoD 単独大布教-TOUR2026-「EXPERIMENTAL 公演1/券種1
  [1247/4237] 514621 NoGoD 単独大布教-TOUR2026-「EXPERIMENTAL 公演1/券種1
  [1248/4237] 514613 NoGoD 単独大布教-TOUR2026-「EXPERIMENTAL 公演1/券種1
  [1249/4237] 514550 一凛3rdワンマンライブ OPERATION : DEEP COVE 公演1/券種1
  [1250/4237] 514253 ウタノチカラ。Vol.12 公演1/券種1
  [1251/4237] 512353 SHAKE UP!!#005 公演1/券種1
  [1252/4237] 514888 秋の夜長の3マンLIVE〜 miku × 比香衣理 × 岩本かつひこ 公演1/券種1
  [1253/4237] 514368 「Ash Berry一日復活&Kensaku Kishida Bir 公演1/券種3
  [1254/4237] 509916 横浜ReNY beta presents 星降る夜に-SILVER  公演1/券種1
  [1255/4237] 514468 10/4(日) NEiN presents【Lärmers Orch 公演1/券種1
  [1256/4237] 514850 MA-A-NA Master Booking Live「弦奏革命 - 公演1/券種1
  [1257/4237] 513064 MUSIC LINK Vol.25 in NAGOYA 公演1/券種2
  [1258/4237] 513063 MUSIC LINK Vol.25 in OSAKA 公演1/券種2
  [1259/4237] 514806 【VEGA】あの頃の自分に伝えたかった 〜単独ライブ〜 公演2/券種3
  [1260/4237] 514804 gravel's end presents「新世界 其の十ニ」 公演1/券種1
  [1261/4237] 513630 慈光 全国ツアー2026 できればもっと傍にきて FINAL 「フル 公演1/券種1
  [1262/4237] 513636 UNCHAINED 2026 HEADLINE SHOW Sweet 公演1/券種1
  [1263/4237] 513634 UNCHAINED 2026 HEADLINE SHOW Sweet 公演1/券種1
  [1264/4237] 513929 アコースティック2マンライブ 「ユウスケと秀吉」 公演1/券種1
  [1265/4237] 514064 ねっちとタロオのトーライ！東京編 公演1/券種1
  [1266/4237] 514749 杏月アカリ 1st BAND ONEMAN LIVE 公演1/券種2
  [1267/4237] 512847 港街叙情詩 第326章 公演1/券種1
  [1268/4237] 513926 BIG GRAVE(CANADA) / SALLT JAPAN TO 公演1/券種1
  [1269/4237] 514508 OSAMU SASAKI BIRTHDAY LIVE 2026 “5 公演1/券種1
  [1270/4237] 513933 明るいおじさんin名古屋〜そういえばハロウィンだねSP〜 公演1/券種1
  [1271/4237] 513609 ザ・ルーディー「狂人病」リリース企画 公演1/券種1
  [1272/4237] 514246 学生天国 見放題大阪2026 REVENGE MATCH 公演1/券種2
  [1273/4237] 514683 橋詰昌慧 3rdワンマンライブ 公演1/券種3
  [1274/4237] 513797 LUNADYNAMO × 月面探査の夜-小望月- 公演1/券種1
  [1275/4237] 513670 VAR'MILION 5th Anniversary × club  公演1/券種1
  [1276/4237] 508954 11/8(日)Risky Melody『THE WORLD』Rele 公演1/券種1
  [1277/4237] 508936 11/7(土)Risky Melody『THE WORLD』Rele 公演1/券種1
  [1278/4237] 514050 『「音」の収穫祭』 公演1/券種1
  [1279/4237] 514122 温coffeeライブ営業 公演1/券種1
  [1280/4237] 514391 SΛKΛNΛ “defrost 002” - Digital Rel 公演1/券種1
  [1281/4237] 513361 百々和宏と69ers TOUR2026 ”ATSUKAN BOYS” 公演1/券種1
  [1282/4237] 513358 百々和宏と69ers TOUR2026 ”ATSUKAN BOYS” 公演1/券種1
  [1283/4237] 513356 百々和宏と69ers TOUR2026 ”ATSUKAN BOYS” 公演1/券種1
  [1284/4237] 513355 百々和宏と69ers TOUR2026 ”ATSUKAN BOYS” 公演1/券種1
  [1285/4237] 513353 百々和宏と69ers TOUR2026 ”ATSUKAN BOYS” 公演1/券種1
  [1286/4237] 513349 百々和宏と69ers TOUR2026 ”ATSUKAN BOYS” 公演1/券種1
  [1287/4237] 513347 百々和宏と69ers TOUR2026 ”ATSUKAN BOYS” 公演1/券種1
  [1288/4237] 482878 Un feminine pre. "Coda" 公演1/券種1
  [1289/4237] 509512 MIKU SASAO meets グレート義太夫 公演1/券種1
  [1290/4237] 514537 【来場予約】10/7「鶴田晋一ワンマンライブ〜9イズ鶴ちゃん〜」 公演1/券種1
  [1291/4237] 514516 楽園へようこそ 公演1/券種1
  [1292/4237] 514502 Yurry with 池田拓真 公演1/券種1
  [1293/4237] 513837 【来場予約】11/6「佐伯幸士朗ワンマンライブ〜嘘みたいなレコ発〜」 公演1/券種1
  [1294/4237] 514006 【9/24(Thu)】Homesick Humming『光は何処から 公演1/券種1
  [1295/4237] 511240 『マリの日 2026』 公演1/券種1
  [1296/4237] 514049 HAKUAI × FOWS pre.『Fearless Night  公演1/券種2
  [1297/4237] 510013 SPC 29th Anniversary event 『 踊る宴に福 公演1/券種1
  [1298/4237] 513571 DISACODE 百鬼夜行2026〜お菓子をくれなきゃxxxしちゃう 公演1/券種3
  [1299/4237] 514455 辻香織ライブ at フォーク酒場 でんつくばんつく 公演1/券種1
  [1300/4237] 514277 Sisters night 公演1/券種1
  [1301/4237] 510619 「古市コータローwithウエノコウジ ツアー2026 “Togeth 公演1/券種1
  [1302/4237] 514259 ～13th moon twilight～【theKiiL専用予約ペー 公演1/券種1
  [1303/4237] 508907 古市コータローwithウエノコウジ ツアー2026 “Togethe 公演1/券種1
  [1304/4237] 513803 MACH PUNCH 公演1/券種1
  [1305/4237] 514145 tico moon結成25周年記念アルバムリリース スペシャルライブ 公演1/券種1
  [1306/4237] 511951 Little Boys - " Wubba Lubba Dub Du 公演1/券種1
  [1307/4237] 513699 PUNISH NEW&BAD TOUR 2026 公演1/券種1
  [1308/4237] 514315 creeps 「GIRLFRIEND, NEW WAVE, WEEK 公演1/券種1
  [1309/4237] 514288 Special Session Live 笹川美和 × タイナカ彩智 公演1/券種1
  [1310/4237] 514287 Special Session Live 笹川美和 × タイナカ彩智 公演1/券種1
  [1311/4237] 512521 『浅井誉司60th大感謝祭』 公演1/券種1
  [1312/4237] 514293 沢田聖子～ええ加減のお年頃ツアー ＜高松公演＞ 公演1/券種1
  [1313/4237] 513912 【9/18(Fri)】 はぴぐら / 優雅(Rest Land) / 公演1/券種2
  [1314/4237] 510783 EKKYOU BLAST【CAT ATE HOTDOGS 1st F 公演1/券種1
  [1315/4237] 513918 【堂山わんこ大戦争】vol.2 -イヌガヨ vs BANGBOO-  公演1/券種1
  [1316/4237] 513177 Eisaku Matsuda Monthly ONEMAN LIVE 公演1/券種1
  [1317/4237] 514173 明浩presents『星が降るねむれない夜に。』 公演1/券種1
  [1318/4237] 513310 Absolute area 2man Live2026「ふたりのり」 公演1/券種1
  [1319/4237] 514161 ひなたの秘密基地 公演1/券種1
  [1320/4237] 514126 tomoshibi home 公演1/券種1
  [1321/4237] 513648 Telepathy&BANGBOO pre.【PANDA MAGNU 公演1/券種1
  [1322/4237] 511775 Gloria Vol.34 公演1/券種1
  [1323/4237] 514187 MACH PUNCH 公演1/券種1
  [1324/4237] 513920 「ありありのあり」vol.1 公演1/券種1
  [1325/4237] 512698 3ém Bal Masqué Après la fête du tr 公演1/券種1
  [1326/4237] 512696 『YMO～ヤマダ・ミュゼット・オーケストラ～vol.3』 公演1/券種1
  [1327/4237] 513902 BAR濱書房〜木曜日は歌声サロン〜924SP 公演1/券種2
  [1328/4237] 514133 【円盤少女取置き予約専用】おもちゃばこをひっくりかえせ！.Vol.2 公演1/券種1
  [1329/4237] 514097 Sunshine☀️Ignite❤️‍🔥LIVE✨ 公演1/券種2
  [1330/4237] 514106 KEN Birthday Special 「D†Cry vs D-S 公演1/券種1
  [1331/4237] 514091 ※事前物販購入専用ページ※ 公演1/券種1
  [1332/4237] 514083 秋休25周年ワンマンライブTOUR FINAL A席一般販売 公演1/券種1
  [1333/4237] 514081 音紡 - ototumugi - 旋律が紡ぐ絆の物語 公演1/券種1
  [1334/4237] 513338 Mahalo Xmas 2026 Two-man Show 公演1/券種1
  [1335/4237] 514072 音紡 - ototumugi - 旋律が紡ぐ絆の物語 公演1/券種1
  [1336/4237] 514056 『Sunday Candy』 公演1/券種2
  [1337/4237] 514054 横浜旭41ANNIVERSARY東久留米LIVE&LIFE「≒40」 公演1/券種1
  [1338/4237] 514043 つるうちはな × 西村晋弥presents「にしはなこ vol.2」 公演1/券種1
  [1339/4237] 514021 ママの休日。 公演1/券種1
  [1340/4237] 514019 『エージ＆タク』 高田エージ＋聞間拓 Special ライブ 公演1/券種1
  [1341/4237] 514009 ☠️ぼっち公演 「ストフリ🩵アゲイン💜」 公演1/券種1
  [1342/4237] 511996 別冊港街叙情詩 ～金木犀からの手紙～ 公演1/券種1
  [1343/4237] 513987 SIDE QUEST 公演1/券種1
  [1344/4237] 513719 "Let Me Slide [again] × DAYDREAM N 公演1/券種1
  [1345/4237] 513702 "Let Me Slide [again] × DAYDREAM N 公演1/券種1
  [1346/4237] 513244 SACT! age-20th monthly ―Harvest Mo 公演1/券種1
  [1347/4237] 513961 神園さやか Presents「リクエストワンマンライブ」 公演1/券種1
  [1348/4237] 513959 アミ杏心（amiami）「ザ・バンド ショー Vol.1」（取置き） 公演1/券種1
  [1349/4237] 513938 神園さやか Presents「Triangle」 公演1/券種1
  [1350/4237] 512442 The Whoops 「FILM!!!」リリース10周年記念アルバム 公演1/券種1
  [1351/4237] 513059 DESERT 「石巻BLUE RESISTANCE 14th Ann 公演1/券種2
  [1352/4237] 513924 『Bad News』 公演1/券種1
  [1353/4237] 513919 【来場チケット】暴発コメット！（愛媛） 公演1/券種1
  [1354/4237] 513907 【この場所で聴きたい！スペシャル】New Indian Deathl 公演1/券種1
  [1355/4237] 513753 SING STREET 公演1/券種1
  [1356/4237] 513877 エレクトリックリボン pre. Pau/兎馬フィグ生誕「Third  公演1/券種1
  [1357/4237] 513875 無花果とシリウス vol.3 公演1/券種2
  [1358/4237] 513864 11/1(日) BRUNET BULL 結成25周年記念『BBX25 公演1/券種1
  [1359/4237] 513757 石田ショーキチ My favorite September in N 公演1/券種2
  [1360/4237] 513771 鈴木友里絵 新曲プレミアワンマン「はじめて君に聴かせる日」〜東京公演 公演1/券種1
  [1361/4237] 506131 Life like a slow picture vol.35 公演1/券種1
  [1362/4237] 513775 鈴木友里絵 新曲プレミアワンマン「はじめて君に聴かせる日」〜大阪公演 公演1/券種1
  [1363/4237] 513799 mod presents "u:phorbia 10” 公演1/券種2
  [1364/4237] 513752 暴発コメット！ 公演1/券種1
  [1365/4237] 513751 いちたろう 生演奏会@FJ's 公演1/券種1
  [1366/4237] 513728 小林建樹 2026 AUTUMN LIVE「ポップスとわたし」 公演1/券種1
  [1367/4237] 513065 思考回路〜偽りの皿、鯨は嗤う。11/5(木) 公演1/券種1
  [1368/4237] 513397 【9/23(水祝)】Odd3Piece×阿部祐也 Presents  公演1/券種1
  [1369/4237] 513726 ROOTS FESTIVAL 2026 糸島 公演1/券種4
  [1370/4237] 499405 ANTENA oneman live "nästa årstid" 公演2/券種2
  [1371/4237] 512916 9/28『in the Hideaway バンド編!!』gee-ge 公演1/券種1
  [1372/4237] 510763 三毛とアネモネ pre. 「ONENESS」Acoustic編 公演1/券種2
  [1373/4237] 512178 Fly Me To The Moon vol.1 公演1/券種1
  [1374/4237] 513448 『EARLY HALLOWEEN BIRTHDAY PARTY 20 公演1/券種1
  [1375/4237] 513659 Music Liver Festival(MLF)🎃Vol.7 公演2/券種6
  [1376/4237] 513662 mod presents “FRACTURE VOICE” vol. 公演1/券種2
  [1377/4237] 513625 open the lid OneManLive 『Fuck your 公演1/券種1
  [1378/4237] 513658 いのちのうた 第19章 〜にぎやかな法事〜 公演1/券種1
  [1379/4237] 512848 PUNISH NEW＆BAD TOUR 2026 -名古屋編- 公演1/券種1
  [1380/4237] 512951 こんなもんじゃない〜秋の大収穫うた祭り〜 公演1/券種1
  [1381/4237] 512315 ヒッピハッピシェイク-ダイナマイト3マンSP- 公演1/券種1
  [1382/4237] 513615 聖加とゲストの月１サロンライブ Vol.61 aro（シンガーソング 公演1/券種1
  [1383/4237] 513563 KUZUHA & AICHI DUO★LIVE 〜アコースティック日 公演1/券種1
  [1384/4237] 513561 TSUBASA × 今井悠人 2 MAN LIVE 公演1/券種2
  [1385/4237] 512234 【昼の部】藤原いくろう ピアノライブ「ハートの休日2026〜秋麗会〜 公演1/券種1
  [1386/4237] 512236 【夜の部】藤原いくろう ピアノライブ「ハートの休日2026〜秋麗会〜 公演1/券種1
  [1387/4237] 508952 古市コータローwithウエノコウジ ツアー2026 “Togethe 公演1/券種1
  [1388/4237] 513452 神戸花隈 宇治川音楽祭2026 公演1/券種1
  [1389/4237] 513451 神戸三宮 PADOMA『FUJIN ROCK FESTIVAL ’2 公演1/券種1
  [1390/4237] 512378 梵-soyogi-pre. 2nd Mini Album「REBIR 公演1/券種1
  [1391/4237] 512935 9/29『in the Hideaway』gee-ge.16周年Sp 公演1/券種1
  [1392/4237] 513022 我々104 presents. 【 天使の日 vol.2 】 公演1/券種1
  [1393/4237] 512759 Waterplant Folk主催「関西非生活音楽」 公演1/券種1
  [1394/4237] 513416 11/28(土) BLOTTO ROCKERS presents 「 公演1/券種1
  [1395/4237] 513373 大江慎也 ソロ Shinya Oe Birthday Live "h 公演1/券種1
  [1396/4237] 513391 1週間の夢リリース＆乾杯ラジオ1周年記念ワンマンライブ『夢のあと』 公演1/券種1
  [1397/4237] 512927 MACH PUNCH 公演1/券種1
  [1398/4237] 513194 【来場予約】9/23（夜公演）「ロックンロールが鳴る方へ 京都編」 公演1/券種1
  [1399/4237] 512807 ＨARVEST GATE 公演1/券種1
  [1400/4237] 513188 【来場予約】9/23（昼公演）「ロックンロールが鳴る方へ 応援企画最 公演1/券種1
  [1401/4237] 513364 10/15(木) 「Honey Collection vol.87」 公演1/券種1
  [1402/4237] 512393 everglow tour 10/24 東京公演 公演1/券種1
  [1403/4237] 512396 everglow tour 11/14 岡山公演 公演1/券種1
  [1404/4237] 512400 everglow tour 11/28 大阪公演 公演1/券種1
  [1405/4237] 513217 まきちゃんぐバースデーワンマン 「だって、女に生まれたの。2026」 公演1/券種1
  [1406/4237] 513024 Remember!! Johnny Python-2026-【ジョニ 公演1/券種2
  [1407/4237] 512692 X IMAIKE / 破滅に向かって 〜10回目の夜〜 SPECIA 公演1/券種1
  [1408/4237] 512687 X IMAIKE / 破滅に向かって 〜45年目の夜〜 【2nd S 公演1/券種1
  [1409/4237] 512685 X IMAIKE / 破滅に向かって 〜破壊の夜〜 【1st Sho 公演1/券種1
  [1410/4237] 512664 X IMAIKE / 破滅に向かって 3DAYS VIP PASS（ 公演1/券種1
  [1411/4237] 513280 『プリズム・パレット』Vol.5 公演1/券種1
  [1412/4237] 513278 ハクイダイスケ企画 「自転の引力」Vol.18 公演1/券種1
  [1413/4237] 513238 Sweet home izumisano あずみけいこ凱旋公演ゲスト 公演1/券種2
  [1414/4237] 512701 吉祥寺WARP presents「homecoming」 公演1/券種2
  [1415/4237] 510767 歌磨記~うたみがき~三の段 公演1/券種1
  [1416/4237] 504360 Saeka Presents 10th Anniversary Li 公演2/券種2
  [1417/4237] 513225 IMOCD! × club asia 30th ANNIVERSAR 公演1/券種1
  [1418/4237] 512631 [super silent] 9/29 公演1/券種1
  [1419/4237] 510589 SACT! age-20th monthly ―Harvest Mo 公演1/券種1
  [1420/4237] 512603 『我夢者羅~一等星を目指して~』 公演1/券種1
  [1421/4237] 512338 爆発寸前NIGHT ver.C 公演1/券種2
  [1422/4237] 512928 ◆「スーパーしびれる日 -2026-」10/3(℃)_ 公演1/券種1
  [1423/4237] 513186 現役弁護士シンガーソングライター芸人 藤元達弥 第1回単独ライブ「あ 公演1/券種1
  [1424/4237] 510585 SACT! age-20th monthly ―Harvest Mo 公演1/券種1
  [1425/4237] 512864 上野音横丁 & 名古屋MUSIC FARM 交流イベント～Excha 公演1/券種1
  [1426/4237] 512431 [東京公演] 栢本ての 単独公演 「 季節はあわてて色めき立つ」 公演1/券種1
  [1427/4237] 512432 [大阪公演] 栢本ての 単独公演 「 季節はあわてて色めき立つ」 公演1/券種1
  [1428/4237] 513171 『夜は短し歌えよ乙女Vol.158』 公演1/券種1
  [1429/4237] 513159 堀優衣 LIVE TOUR 2026 -Polaris- 公演1/券種1
  [1430/4237] 512249 渋谷La.mamaの満塁ホームラン 公演1/券種1
  [1431/4237] 511219 川本真琴 30th Debut Anniversary Live ふ 公演1/券種1
  [1432/4237] 511264 「SPICE GENERATION」 公演1/券種1
  [1433/4237] 513098 生存曲線企画「生存戦略vol.3」 公演1/券種1
  [1434/4237] 513027 伝説のBar【LEGEND】 あちらのお客様から ～21杯目～ 公演1/券種1
  [1435/4237] 513023 なるとし×川原光貴 ツーマンライブ 「BEYOND THE OTON 公演1/券種1
  [1436/4237] 512763 浅田信一と真城めぐみ〜ハーヴェストムーンナイト 公演1/券種1
  [1437/4237] 513011 武田個人企画 『bide my time』 Umisaya "SEA 公演1/券種1
  [1438/4237] 512190 花＊花 Special Live 『Half way point T 公演1/券種2
  [1439/4237] 512217 花＊花 Special Live 『Half way point T 公演1/券種2
  [1440/4237] 512364 J’Z Presents 花＊花 Special Live 『Hal 公演1/券種1
  [1441/4237] 512216 花＊花 Special Live 『Half way point T 公演1/券種2
  [1442/4237] 512213 花＊花 Special Live 『Half way point T 公演1/券種2
  [1443/4237] 512209 花＊花 Special Live 『Half way point T 公演1/券種2
  [1444/4237] 512610 「divergent vol.5」 公演1/券種1
  [1445/4237] 510584 SACT! age-20th monthly ―Harvest Mo 公演1/券種1
  [1446/4237] 512997 futarinote Unplugged Live vol.25 @ 公演1/券種1
  [1447/4237] 512680 「日々棋常王の将棋茶屋」 公演1/券種2
  [1448/4237] 512686 サタデーアフタヌーンSHOW！？ vol.11 公演1/券種2
  [1449/4237] 512910 BEAT CONNECTION vol.4 公演1/券種1
  [1450/4237] 512906 “ROCKIN'STEADY” NORANGE 25th ANNIV 公演1/券種1
  [1451/4237] 512875 KUTSUROGI 公演1/券種1
  [1452/4237] 512833 【一般予約】神園さやか New Album『Antique』Rele 公演1/券種2
  [1453/4237] 512709 罠に堕ちた野郎どもvol.23 公演1/券種1
  [1454/4237] 512812 ソラトブフタリのヒトリ企画 「あの夏の続きvol.13」-2ヶ月遅れ 公演1/券種1
  [1455/4237] 510816 BeLL’s presents 「新企画！～シンヨコ・シンガーソング 公演1/券種1
  [1456/4237] 512683 漆黒の宴.其の伍 公演1/券種1
  [1457/4237] 512389 ブッダ マスク レプリカ13 公演1/券種1
  [1458/4237] 509809 [RED RUM vol.32]11/21 公演1/券種1
  [1459/4237] 512477 【10/22(Thu)】**魂の共鳴** vol.5 公演1/券種2
  [1460/4237] 512033 MYFUNERAL INC. pre. 【デカりぼん「ナンセンス」リ 公演1/券種1
  [1461/4237] 512719 とうや。1st ONE MAN LIVE「108」 公演1/券種1
  [1462/4237] 512446 “鋼鉄剛鉄 vol.3” 公演1/券種1
  [1463/4237] 512444 DREAMY 1st ANNIVERSARY LIVE 公演1/券種1
  [1464/4237] 512702 mod presents “Lunar Descent”vol.12 公演1/券種2
  [1465/4237] 509003 Birthday Live 2026 - Private Night 公演1/券種1
  [1466/4237] 512695 郡山混沌‼️-Koriyama #９is in CHAOS- 公演1/券種1
  [1467/4237] 508890 ツチ丸pre.ポップスターレジェンドのバースデー 公演1/券種2
  [1468/4237] 512336 club vijon×赤猿presents【お前のバナナはどこにある 公演1/券種1
  [1469/4237] 510553 彼方 公演1/券種1
  [1470/4237] 512596 新愉快な音楽仲間たち Vol.26 公演1/券種1
  [1471/4237] 512490 KUTSUROGI 公演1/券種1
  [1472/4237] 512492 Taro's Bar vol.61~鈴木太郎とお酒と音楽と~ 公演1/券種3
  [1473/4237] 512401 PRIDE LAND Vol.4 公演1/券種2
  [1474/4237] 512387 ゆづりぱ新曲書き下ろし企画「ぼくとあなたのものがたり」最終話「 」ワ 公演1/券種1
  [1475/4237] 512284 【ピアノコンサート 猪野進一 & INOYAMADA】 公演1/券種1
  [1476/4237] 511312 あれくん 弾き語り ONE-MAN TOUR ”Bloom" 202 公演6/券種6
  [1477/4237] 512357 お芝居＆お歌 「スナック真理 Vol.7」 公演1/券種1
  [1478/4237] 511270 "after sunset" 公演1/券種1
  [1479/4237] 512288 地底湖×シドロ喪ドロ ツーマンライブ『溺葬』 公演1/券種1
  [1480/4237] 505150 “上野混沌!!” 上野音横丁 is in CHAOS ハードロックバ 公演1/券種1
  [1481/4237] 506783 Hi-NOMADY Presents - DAIZE Night 6 公演1/券種1
  [1482/4237] 511923 うたた音 vol.9 公演1/券種1
  [1483/4237] 510262 10/8(木) 「NOV Birthday Special Sess 公演1/券種1
  [1484/4237] 512090 ハシグチカナデリヤ凱旋3days!!【愛しとんじゃけぇ】Day2 中 公演1/券種1
  [1485/4237] 510906 [2nd]生熊耕治 Acoustic Live 2026「リリー」 公演1/券種1
  [1486/4237] 510905 [1st]生熊耕治 Acoustic Live 2026「リリー」 公演1/券種1
  [1487/4237] 512182 BLOODY HAWK DOWN ワンマンライブ 公演1/券種1
  [1488/4237] 512173 mod presents「sparkling sound」vol.3 公演1/券種1
  [1489/4237] 511916 さらさら’ズの冒険LEVEL.4 公演1/券種1
  [1490/4237] 510754 Rock the DROP！Vol.36 公演1/券種1
  [1491/4237] 511024 ダブダブワンマン☆アフターパーティー！ 公演1/券種1
  [1492/4237] 511389 Feel Flows vol.4 公演1/券種1
  [1493/4237] 511819 ◆「はろりんぽ 2026 -part 1-」10/15(wood)* 公演1/券種1
  [1494/4237] 511816 つるまにあBAND PARTY 2026 公演1/券種1
  [1495/4237] 511814 Gomi Takashi 4th Tour 2026 The Fut 公演1/券種2
  [1496/4237] 511809 佐藤幸雄とわたしたち×テツコ 2マンライブ 公演1/券種1
  [1497/4237] 511808 愛のレギュラーライブ『おかえり。』 公演1/券種1
  [1498/4237] 511788 ヒメノアキラの『お礼参りの巻』ツアー 公演1/券種1
  [1499/4237] 508170 spangle 公演1/券種4
  [1500/4237] 508159 spangle 公演1/券種4
  [1501/4237] 510729 三か月連続 三萬(スリーマン）ライブ 東一局 三色同順 公演1/券種2
  [1502/4237] 511499 Planet K Presents. 「帰ってきた！吉祥寺ブラザーズ 公演1/券種1
  [1503/4237] 506119 ここがどこかになっていく 公演1/券種2
  [1504/4237] 511383 ank『あそび』リリース祝い 大パーティー 公演1/券種1
  [1505/4237] 511608 Cake vol.2 公演1/券種3
  [1506/4237] 511387 ゴリラ祭ーズ 3rd Album Release Tour 2026 公演1/券種2
  [1507/4237] 511699 【初めまして】Nobu BIRTHDAY BASH ONEMAN L 公演1/券種1
  [1508/4237] 511698 【スタンダード】Nobu BIRTHDAY BASH ONEMAN  公演1/券種1
  [1509/4237] 511690 【プレミア】Nobu BIRTHDAY BASH ONEMAN LI 公演1/券種1
  [1510/4237] 511085 葡萄畑MEETS仙波清彦〜Comes A Time それ行け青ちゃん 公演1/券種1
  [1511/4237] 511098 森翼 New challengers2026→PALOOZA ROU 公演1/券種1
  [1512/4237] 511553 BAR濱書房〜華金も歌声サロン〜918SP 公演1/券種2
  [1513/4237] 510467 Monthly KING @ PALOOZA 〜ROUND30〜 公演1/券種1
  [1514/4237] 511123 ヒッピハッピシェイク-ダイナマイト3マンSP- 公演1/券種1
  [1515/4237] 510588 SACT! age-20th monthly ―Harvest Mo 公演1/券種1
  [1516/4237] 511737 森元康介 弾き語りワンマンLIVE ～The Music Still 公演1/券種1
  [1517/4237] 511182 阿佐ヶ谷秘密会議 公演1/券種1
  [1518/4237] 511586 タイガー&ラビット〜40歳！お祭り騒ぎ〜 公演1/券種3
  [1519/4237] 511588 Go!Upstairs! vol.165 公演1/券種1
  [1520/4237] 511418 【9/30(Wed)】 はぴぐら /さかい(白昼夢) /齋藤蒼太(ハ 公演1/券種2
  [1521/4237] 511576 【庭瀬幸一郎ソロワンマンライブ】 9月もお疲れちゃん会 公演1/券種1
  [1522/4237] 509634 ウラニーノ結成25周年ツアー2026 福岡編 公演1/券種1
  [1523/4237] 511475 別刊STAYG in東京 公演1/券種1
  [1524/4237] 510012 〜誰が見たいねんフェス 2026 秋〜 ダレフェス 公演1/券種5
  [1525/4237] 509942 été presents “SHINPA-新派-” 公演1/券種2
  [1526/4237] 510715 浜端ヨウヘイLIVE TOUR 2026 "HERE AND THE 公演1/券種3
  [1527/4237] 504175 浜端ヨウヘイ×近藤康平 LIVE "Drawing" in京都 公演1/券種1
  [1528/4237] 510690 寺岡呼人×浜端ヨウヘイ「新時代リターンズ」in大阪 公演1/券種1
  [1529/4237] 510800 浜端ヨウヘイLIVE TOUR 2026 "HERE AND THE 公演1/券種3
  [1530/4237] 510722 浜端ヨウヘイLIVE TOUR 2026 "HERE AND THE 公演1/券種3
  [1531/4237] 510716 浜端ヨウヘイLIVE TOUR 2026 "HERE AND THE 公演1/券種3
  [1532/4237] 510713 浜端ヨウヘイLIVE TOUR 2026 "HERE AND THE 公演1/券種3
  [1533/4237] 510720 浜端ヨウヘイLIVE TOUR 2026 "HERE AND THE 公演1/券種3
  [1534/4237] 510696 寺岡呼人×浜端ヨウヘイ「新時代リターンズ」in神戸 公演1/券種1
  [1535/4237] 511369 ストロベリーソングオーケストラ単毒公演 『喪ル非ネ奇ネマ』 公演1/券種1
  [1536/4237] 511020 mooovement 公演1/券種1
  [1537/4237] 511488 Tsui presents『SINFONIA vol.1』〜hall 公演1/券種1
  [1538/4237] 511465 「ELLEGUNS 2026 septiembre ELLECTRI 公演1/券種1
  [1539/4237] 511380 木村充揮秋のソロツアー 公演1/券種1
  [1540/4237] 511300 ◆「連休の総て・・・」9/24(wood) 公演1/券種1
  [1541/4237] 511287 ◆「週末の予感・・・」9/25(黄金) 公演1/券種1
  [1542/4237] 510708 染谷俊×浜端ヨウヘイ 音処きしん19周年記念月間TWO-MAN LI 公演1/券種1
  [1543/4237] 511413 NOIZ NOIZ NOIZ presents “至上の愛” 公演1/券種1
  [1544/4237] 511360 デビュー20周年単独公演 ｢Birthmark - バースマーク｣ 公演1/券種2
  [1545/4237] 507669 Shawoo 結成2周年記念 1st ONEMAN LIVE 『咆哮 公演1/券種2
  [1546/4237] 510542 ハイサイトレインツアー2026 特急編「沖縄公演」 公演1/券種2
  [1547/4237] 511043 【10/18(日)】Odd3Piece 全国Tour 「Oddses 公演1/券種1
  [1548/4237] 510727 Odd3Piece全国Tour「Oddsession」〜東京編〜 「 公演2/券種2
  [1549/4237] 510491 ハイサイトレインツアー2026 特急編「大阪公演」 公演1/券種2
  [1550/4237] 511035 【10/17(土)昼】Odd3Piece 全国Tour 「Oddse 公演1/券種1
  [1551/4237] 511039 【10/17(土)夜】Odd3Piece 全国Tour 「Oddse 公演1/券種1
  [1552/4237] 511060 【11/23(月祝)】Odd3Piece 全国Tour 「Oddse 公演1/券種1
  [1553/4237] 511047 【11/1(日)昼】Odd3Piece 全国Tour 「Oddses 公演1/券種1
  [1554/4237] 511031 【10/4(土)】Odd3Piece 全国Tour 「Oddsess 公演1/券種1
  [1555/4237] 511053 【11/21(土)】Odd3Piece 全国Tour 「Oddses 公演1/券種1
  [1556/4237] 511056 【11/22(日)】Odd3Piece 全国Tour 「Oddses 公演1/券種1
  [1557/4237] 511018 【10/3(土)】Odd3Piece 全国Tour 「Oddsess 公演1/券種1
  [1558/4237] 511049 【11/1(日)夜】Odd3Piece 全国Tour 「Oddses 公演1/券種1
  [1559/4237] 510530 ハイサイトレインツアー2026 特急編「東京公演」 公演1/券種2
  [1560/4237] 511163 seiyaを仕方なく祝う日2026 Day2 公演1/券種1
  [1561/4237] 510204 ヨツドメノディ×iのかたち pre. ヨツドメノディ 2nd EP  公演1/券種2
  [1562/4237] 510207 ヨツドメノディ×iのかたち pre. ヨツドメノディ 2nd EP  公演1/券種2
  [1563/4237] 511162 seiyaを仕方なく祝う日2026 Day1 〜ボディーブローVol 公演1/券種1
  [1564/4237] 510251 ミライト オフ会 バーベキュー大会 公演1/券種1
  [1565/4237] 511332 10/2(金) 「Honey Collection vol.86」 公演1/券種1
  [1566/4237] 511242 マイナスジジョウ presents「欠けたままでも、先へ。」 公演1/券種2
  [1567/4237] 510525 10/27 愛奈×gee-ge. 「Ride On Light Jo 公演1/券種1
  [1568/4237] 509443 紫牡丹"Noir Alcove"#3 〜Friday 13th〜 公演1/券種2
  [1569/4237] 510257 kitayui,tanakazu,aoren presents -  公演1/券種1
  [1570/4237] 511306 テルチャソHBDGoQu!【鈴木千絵予約】 公演1/券種1
  [1571/4237] 510305 ゲスバンド企画『MAKELOVEお茶割り祭ファイナル』 公演1/券種1
  [1572/4237] 506887 青葉紘季Oneman Live The Last Day of 40 公演1/券種1
  [1573/4237] 511132 ◆「ハロウィーンへあと少し・・・」10/13(火星) 公演1/券種1
  [1574/4237] 511269 Yukka×GRANOLA 2man LIVE ぐらゆっか2026  公演1/券種1
  [1575/4237] 510029 【来場予約】11/25「ISATO&Daiki ワンマンライブ〜高瀬 公演1/券種1
  [1576/4237] 505184 CIRCUIT世界の砂場から'26 公演1/券種1
  [1577/4237] 511221 晴れ間 一周年記念月間「晴れ間前線」山田萌 / AATA / さわひ 公演1/券種1
  [1578/4237] 511209 『関西だヨ！まいっちんぐマッチング』@心斎橋BrightMoon：木 公演1/券種1
  [1579/4237] 500224 楽漢夜 RAKKANYA 公演1/券種1
  [1580/4237] 502110 Smile Music ☆SPECIAL LIVE☆ 公演1/券種1
  [1581/4237] 509011 フジタユウスケ 2026 年末単独公演 「タカマルツボミ」 公演1/券種1
  [1582/4237] 511179 Souls vol.2 公演1/券種1
  [1583/4237] 510856 Blues Rock Show Ⅱ @ 船橋 Musicbar Sa 公演1/券種1
  [1584/4237] 510840 Blues Rock Show Ⅱ @ 川崎 AJITO 公演1/券種1
  [1585/4237] 510786 Blues Rock Show Ⅱ @ 代々木アルティカセブン 公演1/券種1
  [1586/4237] 509251 【仙台】「無常旋律～REBOOT～」 公演1/券種1
  [1587/4237] 511048 藤田悠也 弾き語りワンマンライブ 「ノーカット」in王子 公演1/券種1
  [1588/4237] 511109 加藤ヒデキ ワンマンライブ「そうにはみえない宝物 Vol.2」 公演1/券種1
  [1589/4237] 488675 大和の夜、滲んでほどける 公演1/券種1
  [1590/4237] 511091 Rosario Ark presents 不夜城 vol.64 -  公演1/券種1
  [1591/4237] 510965 04,05.Fes 2026 公演1/券種1
  [1592/4237] 510711 コーヒーハウス・モナレコーズ 公演1/券種2
  [1593/4237] 510067 HaKA fes 公演1/券種2
  [1594/4237] 510702 Girl's UP!!! vol.418 公演1/券種1
  [1595/4237] 509389 えゔりしんぐ、いん、いっつ、らいと、ぷれいす。 公演1/券種1
  [1596/4237] 511059 吉祥寺大移動2026 公演1/券種2
  [1597/4237] 511037 神楽坂天窓 presents 〜12年ぶりだから……〜 公演1/券種1
  [1598/4237] 510984 Koji Hayashi Sings season5 公演1/券種1
  [1599/4237] 510685 SONIC PRESENTS TEEN'S CIRCUIT 公演1/券種1
  [1600/4237] 510411 ヒッピハッピシェイク-ダイナマイト3マンSP- 公演1/券種1
  [1601/4237] 510529 ◆「9月はセクシー -part 3-」9/18(GOLD-SAINT 公演1/券種1
  [1602/4237] 510688 Windows of the mind vol.55 公演1/券種1
  [1603/4237] 510991 漆黒の宴.其の肆 公演1/券種1
  [1604/4237] 511012 M.E.C. 2nd Album Rlease Tour "夜汽車は 公演1/券種1
  [1605/4237] 510889 ドラマー佐藤有紗がめっちゃ目立ちたい日～ドラムの秋、有紗の秋！！ ～ 公演1/券種1
  [1606/4237] 508994 『NATSUMI Hard Beats Autumn Tour 20 公演1/券種1
  [1607/4237] 510897 カウンターアタック企画 ゆめに夢中 公演1/券種1
  [1608/4237] 508962 Live House&Artist応援企画 9th DY CUBE編 公演1/券種1
  [1609/4237] 510785 『へいじつのよるをたのしむツーマン vol.5』 公演1/券種1
  [1610/4237] 510775 mod presents “Chaos is Me”vol.10 公演1/券種2
  [1611/4237] 510151 CALL ME BY YOUR NAME 公演1/券種1
  [1612/4237] 510753 mod presents “Serene” vol.19 公演1/券種2
  [1613/4237] 510712 SONORAMABOX 公演1/券種1
  [1614/4237] 510636 【Yumerika＊専用予約】Starwave Records pr 公演1/券種1
  [1615/4237] 510635 【Yumerika＊専用予約】SHOTGUN30 Presents『 公演1/券種1
  [1616/4237] 510600 『リセパランド〜勇者たちと紡ぐ物語〜』 公演1/券種3
  [1617/4237] 509381 大澤誉志幸 SASURAI TOUR 2026 『Birthday  公演1/券種1
  [1618/4237] 509704 10/7 BAYSIS PRESENTS 公演1/券種1
  [1619/4237] 510577 Un-AGI 4 公演1/券種1
  [1620/4237] 510592 DJ DNJ ONE MAN DJ LIVE "愛があれば大丈夫" 公演1/券種1
  [1621/4237] 510555 Loupx garoux presents「Half a perso 公演1/券種2
  [1622/4237] 509464 Moon-Report #16 公演1/券種1
  [1623/4237] 509995 シンガーソングライター 山口岩男 37th Anniversary〜 公演1/券種1
  [1624/4237] 509453 結成25周年記念興行 「ザ･キャプテンズVSウラニーノ-【初期編】ア 公演1/券種1
  [1625/4237] 509865 Matigas 2026 公演1/券種2
  [1626/4237] 510500 AMUTAKU presents「見る事は信じる事」 公演1/券種1
  [1627/4237] 510477 “近藤智洋・弾き語りワンマン” 公演1/券種1
  [1628/4237] 510421 『 Guitar Lovers 』 公演1/券種1
  [1629/4237] 510218 『モナレコードに集合！ #61』 公演1/券種1
  [1630/4237] 510225 ML.HAMASHOBO 9th ANNIVERSARY 2MAN  公演1/券種2
  [1631/4237] 509987 NISHIEIFUKU JAM pre.「 KAZE-NO-KO 」 公演1/券種1
  [1632/4237] 510430 Obscene Ritual Vol.46 公演1/券種1
  [1633/4237] 510283 秋休25周年ワンマンライブTOUR -滋賀県- 公演1/券種1
  [1634/4237] 510332 KENGO × 岡林みよん コラボLIVE 公演2/券種2
  [1635/4237] 510326 KENGO × TSUBASA 2MAN LIVE in 高知 公演1/券種1
  [1636/4237] 508778 “ゴガツハズカム20261019” 「東京は地上に星がある。」Vol 公演1/券種1
  [1637/4237] 508304 まーしー生誕記念！初のソロワンマンライブ！ Meet with Yo 公演1/券種4
  [1638/4237] 506919 Yosac OWL × BANGBOO pre. 「October  公演1/券種1
  [1639/4237] 510248 『INTERSECT』 公演1/券種1
  [1640/4237] 509622 “HISAYOSHI [ROSENFELD他] & NOV[VOLC 公演1/券種1
  [1641/4237] 509849 Planet K 3rd Anniversary 〜2MAN SER 公演1/券種1
  [1642/4237] 510202 大橋タカシ初の岐阜ワンマン！ "nice to meet U" 公演1/券種1
  [1643/4237] 510033 南部美人本蔵３周年 !!【SaToMansion acoustic  公演1/券種1
  [1644/4237] 510206 Veni TIGHT ROPE live 公演1/券種1
  [1645/4237] 505853 『中川敬60/ニューエストモデル40』ツアー＜東京・秋篇＞～ソウルフ 公演1/券種2
  [1646/4237] 510054 「Scorpio Rising #10」11/1 公演1/券種1
  [1647/4237] 510037 「夜の始まりに、音楽を」四季彼方×BGY in SENDAI -2部 公演1/券種1
  [1648/4237] 510035 「夜の始まりに、音楽を」四季彼方×BGY in SENDAI -1部 公演1/券種1
  [1649/4237] 509414 〜香雪蘭〜（フリージア） 公演1/券種2
  [1650/4237] 509617 QUEEN RABBIT 3rd ONE-MAN LIVE -RET 公演2/券種3
  [1651/4237] 509667 Planet K新店舗3周年記念 「3周年でゴザいました。」 公演1/券種1
  [1652/4237] 509790 club vijon 24th Anniversary【VIJON  公演1/券種1
  [1653/4237] 508998 モリコレ～カツコレを超えろ!!～ 公演1/券種1
  [1654/4237] 507706 Aina 1st ONE MAN "あるがまま" 公演1/券種3
  [1655/4237] 509337 オダギリミオリ presents「ウタドオリ」 公演1/券種1
  [1656/4237] 509388 KIBA 61th Birthday『THE SICK STAY O 公演1/券種1
  [1657/4237] 472527 寺フェス ニルヴァナロックハラミッタ 公演1/券種2
  [1658/4237] 509904 藤井風特集 風の歌で踊れ！！ 公演1/券種1
  [1659/4237] 508930 9/19(土)夜 New Album『THE WORLD』Relea 公演1/券種2
  [1660/4237] 508502 カッパマイナスmini album「DEAR FLICKERS」re 公演1/券種1
  [1661/4237] 509864 2026.9.20(日)弾語りワンマン【梅田18時開演】 公演1/券種1
  [1662/4237] 509828 FAN MEETING 名古屋編 公演1/券種1
  [1663/4237] 505559 モリナオフミ43歳バースデー弾き語りワンマンライブ『Family』 公演1/券種1
  [1664/4237] 505550 モリナオフミ43歳バースデー企画『 43なんて実質0』 公演1/券種1
  [1665/4237] 505552 フラチナリズムワンマンライブ-モリナオフミ43歳誕生日スペシャル-『 公演1/券種1
  [1666/4237] 509776 My Song For Your Song Vol.3 公演1/券種1
  [1667/4237] 509603 10/17(土) Crescendo 40th Anniversar 公演1/券種1
  [1668/4237] 509342 9/18(金)「GRINNIE 1st LIVE TOUR "Att 公演1/券種1
  [1669/4237] 509645 etu企画「足跡は消えない」 公演1/券種2
  [1670/4237] 509160 HIGH FVE! 2026 -Day2- 公演1/券種2
  [1671/4237] 509158 HIGH FVE! 2026 -Day1- 公演1/券種2
  [1672/4237] 509741 秋休25周年ワンマンライブTOUR FINAL 二次抽選予約 公演1/券種3
  [1673/4237] 509731 木暮”shake”武彦 『ヴィーナスの夜2026』 公演1/券種1
  [1674/4237] 509584 10/24 純美音×gee-ge.pre.「breath」 公演1/券種1
  [1675/4237] 509644 いいから黙って愛してくれよ⑩ 公演1/券種1
  [1676/4237] 509709 「食欲の秋、そう原田が本気、それドンタカは大好き❤️」 公演1/券種1
  [1677/4237] 509708 「スポーツ根性秋まっしぐら」 公演1/券種1
  [1678/4237] 509705 【Lily取置き専用】《女子会男子》 公演1/券種1
  [1679/4237] 509276 和＆和リクエストワンマンライブ「JUKEBOX 東京編」 公演1/券種1
  [1680/4237] 509273 和＆和リクエストワンマンライブ「JUKEBOX 大阪編」 公演1/券種1
  [1681/4237] 508272 麗艶奏美 公演1/券種1
  [1682/4237] 508845 旬の言の葉 -冬の音- 公演1/券種3
  [1683/4237] 509641 いいから黙って愛してくれよ⑪ 公演1/券種1
  [1684/4237] 508654 『淳朗バースデー&レコ発ワンマン2026』 公演1/券種1
  [1685/4237] 509662 『Bet On Me Battle 7』 公演1/券種1
  [1686/4237] 509371 10/12(月祝) BRIDEAR LIVE 2026『Revena 公演1/券種1
  [1687/4237] 507619 HARUKA SPECIAL SUPER SESSION 公演1/券種1
  [1688/4237] 509636 SCLATCH 30th ANNIVERSARY TOUR 2026 公演1/券種2
  [1689/4237] 507322 勇往邁進 公演1/券種1
  [1690/4237] 508456 中村慎吾 ONE MAN LIVE「RE:AL」 公演1/券種1
  [1691/4237] 509421 アコースティック気分のツーマンライブ〜其の一〜 公演1/券種1
  [1692/4237] 500319 sassya- EPリリース記念単独公演『爆音現実』 公演1/券種1
  [1693/4237] 509511 1-3-10 〜1Mic 3Voice 10Song〜 公演1/券種1
  [1694/4237] 509236 umino New Single "No Pretend" Rele 公演1/券種1
  [1695/4237] 505378 ANSWER FOR LIFE - 20th ANNIVERSARY 公演1/券種1
  [1696/4237] 509217 OTONOUMIFES 2026 公演1/券種2
  [1697/4237] 508718 『足跡』 公演1/券種1
  [1698/4237] 508678 RéG presents."歌声が届くまで" 公演1/券種2
  [1699/4237] 505217 温響 12 公演1/券種1
  [1700/4237] 507553 ホッコロライブ!!vol.6 公演1/券種1
  [1701/4237] 509463 「のんびり昼下がり〜私の想いを添えて〜」 公演1/券種1
  [1702/4237] 509442 mod presents「metaphor」3 公演1/券種1
  [1703/4237] 509391 BeLL's Presents 【燦々SUN!さわやか三組】 公演1/券種1
  [1704/4237] 509403 QUADROPHENIA PRESENTS Vol.106 「古市コ 公演1/券種1
  [1705/4237] 509206 カリスマ伝説LIVE『Plus ultra!!2nd』 公演1/券種1
  [1706/4237] 509395 栄TIGHT ROPE「TO circle」 公演1/券種1
  [1707/4237] 508651 ムーンライダーズ at 別府ブルーバード劇場 上映会＋トーク 公演1/券種1
  [1708/4237] 505051 「人間讃歌 第三回目」 公演1/券種1
  [1709/4237] 506586 JESTIVAL 8th Anniversary 公演1/券種3
  [1710/4237] 508853 asana raincoat&BANGBOO pre.【asano' 公演1/券種1
  [1711/4237] 508112 全国ホームタウン化計画2026 公演1/券種1
  [1712/4237] 509352 『最後のピース』 公演1/券種1
  [1713/4237] 504008 Beautiful is Life 19 公演1/券種1
  [1714/4237] 509140 『Internal Library // Anatomia』 7th 公演1/券種1
  [1715/4237] 509314 Blues Rock Show Ⅱ @ 広島 LIVE cafe J 公演1/券種1
  [1716/4237] 509311 Blues Rock Show Ⅱ @ 尾道 OYE COMO VA 公演1/券種1
  [1717/4237] 509308 Blues Rock Show Ⅱ @ 大津 tane 公演1/券種1
  [1718/4237] 509183 11/28(土)📍北参道grayscale 相澤香純。× 山本佳祐  公演2/券種2
  [1719/4237] 507111 MAYKI YAMAZAKI ONEMANLIVE ”ADVENTU 公演1/券種3
  [1720/4237] 509181 DRUNK DOMINATION Vol.3 公演1/券種1
  [1721/4237] 509171 竹田侑海×モルタルレコード presents 『ボリビーラナイト ♯ 公演1/券種1
  [1722/4237] 508463 【10/1(Thu)】 ZipOut / ザ ドーベルマンション / 公演1/券種2
  [1723/4237] 505897 TNB歌謡祭-奇跡のクリスマス追加公演- 公演1/券種1
  [1724/4237] 509141 📍下北沢Laguna <かすさちとお寝坊うさぎのお月見会> 公演1/券種2
  [1725/4237] 509134 「高木芳基と新世界ホシヲ」〜大阪昭和町〜 公演1/券種1
  [1726/4237] 509040 NEW FAB4 公演1/券種1
  [1727/4237] 508714 山口諒也 Acoustic one man Live2026 『Co 公演1/券種1
  [1728/4237] 509103 SMACK AND PUNCH presents『Unlimited 公演1/券種2
  [1729/4237] 509031 Cocktail Label Presents - 再会 - 公演1/券種1
  [1730/4237] 509010 木暮"shake"武彦 Tour ヴィーナスの夜 2026 ＜高松公 公演1/券種1
  [1731/4237] 508981 diue 2nd EP Release Live 公演1/券種1
  [1732/4237] 508960 Live House&Artist応援企画 8th DY CUBE編 公演1/券種1
  [1733/4237] 508958 blue filament 公演1/券種1
  [1734/4237] 507062 【毎月単独公演】Limonada de Esperanza ~希望の 公演1/券種3
  [1735/4237] 507230 秋雨善戦2026 公演1/券種1
  [1736/4237] 508914 Relents pre. 「SUPERHORROR JAPAN TO 公演1/券種1
  [1737/4237] 507964 10/11(日) RED HEELS 2nd Anniversary 公演1/券種1
  [1738/4237] 508311 革命メロイック presents たえこ生誕2026〜ハッピーにゃん 公演1/券種1
  [1739/4237] 508313 革命メロイック presents たえこ生誕2026〜ハッピーにゃん 公演1/券種1
  [1740/4237] 496846 GIRLS ROCK REVOLUTION 2nd season 番 公演1/券種1
  [1741/4237] 497677 GIRLS ROCK REVOLUTION 2nd season 番 公演1/券種1
  [1742/4237] 508706 IMASHI presents "REASONLESS" 公演1/券種1
  [1743/4237] 508488 ウラニーノ結成25周年ツアー2026 横浜編 公演1/券種1
  [1744/4237] 508840 ダチ2026 公演1/券種1
  [1745/4237] 496628 10/24(土)New Album『THE WORLD』Releas 公演1/券種2
  [1746/4237] 508417 「曖昧中毒主催「レコ発だョ！全員集合！」11月12日(木) 公演1/券種1
  [1747/4237] 508726 GYOEN GYOEN GYOEN 公演1/券種1
  [1748/4237] 508704 KAY-I の音楽室 in 香川 公演1/券種1
  [1749/4237] 508197 HIROSHI SUGITA BIRTHDAY PARTY, 25t 公演1/券種1
  [1750/4237] 508396 9/27(日) 「Amiliyah presents "Wester 公演1/券種1
  [1751/4237] 508559 Blues Rock Show Ⅱ @ 伊勢 LIVE SPACE  公演1/券種1
  [1752/4237] 508587 Halloween Special「Queen of the Nig 公演1/券種1
  [1753/4237] 508383 CHICKS RIOT! 公演1/券種2
  [1754/4237] 508307 ドクターペッパーの夢 vol.24 公演1/券種1
  [1755/4237] 508548 【円盤少女取置き予約専用】円盤少女 木邑啓太 誕生日イベント 10バ 公演1/券種1
  [1756/4237] 505577 ANSWER FOR LIFE - 20th ANNIVERSARY 公演1/券種1
  [1757/4237] 506509 We Rock 公演1/券種1
  [1758/4237] 506496 Sweet Emotion 公演1/券種1
  [1759/4237] 506503 Ride the Lightning～Different Act T 公演1/券種1
  [1760/4237] 508514 Mish N Possible JAPAN TOUR 公演1/券種1
  [1761/4237] 508485 高樹夏輝 LIVE「第一話」 公演1/券種1
  [1762/4237] 506989 ▼「ジャパン死神サミット2026 ～10周年～」10月11日(日)_ 公演1/券種1
  [1763/4237] 508397 『N.U.のプライベートワンマン～Uchi-K-heN?～vol.2 公演1/券種1
  [1764/4237] 508371 AZEGAMI JAMBOREE 2026 公演1/券種2
  [1765/4237] 508129 【9/20(Sun)】 燕 / OffsideMinor / Ori 公演1/券種2
  [1766/4237] 507055 9/30『in the Hideaway』gee-ge.16周年Sp 公演1/券種1
  [1767/4237] 508364 mod presents "Hatch 35” 公演1/券種2
  [1768/4237] 508305 yog one man trip TOKYO 3 公演1/券種1
  [1769/4237] 508302 yog one man trip NAGOYA3 公演1/券種1
  [1770/4237] 508301 yog one man trip KOBE 公演1/券種1
  [1771/4237] 508299 yog one man trip AOMORI 2 公演1/券種1
  [1772/4237] 505286 池田 Me森s -メ・モリー・ズ- 公演1/券種1
  [1773/4237] 504080 『ぼっちまるくんVSクリトリック・リス〜今年もやるぞ！ぼちクリツーマ 公演1/券種1
  [1774/4237] 508103 INDOOR FISH #4 公演1/券種1
  [1775/4237] 507596 Khore ONEMAN SHOW "WAVES vol.4" 公演1/券種1
  [1776/4237] 508014 “ORANGE”Vol,5 公演1/券種1
  [1777/4237] 507693 MACH PUNCH 公演1/券種1
  [1778/4237] 508095 【ファンクラブ先行予約】「zabadak in JIROKICH」＠ 公演1/券種1
  [1779/4237] 508089 Welcome back presents SONGS 公演1/券種1
  [1780/4237] 508030 mod presents「Vertigo」vol.19 公演1/券種1
  [1781/4237] 508005 NEXUS 公演1/券種1
  [1782/4237] 506434 Z.M.F Presents「漆黒のシンフォニー セッション大会 」 公演1/券種2
  [1783/4237] 507761 【10/12(Mon)】Soul Union 3MAN 公演1/券種1
  [1784/4237] 501078 木下淳次郎 & Just Right 「あたらしい祝福の声が聞こえる 公演1/券種1
  [1785/4237] 506543 夜長に言葉ちゃん 公演1/券種1
  [1786/4237] 507829 青学ロマン 公演1/券種1
  [1787/4237] 507930 浪花クレオール with 松旭斎天蝶「昭和音曲手品ショー」高松公演 公演1/券種1
  [1788/4237] 506873 Girl's UP!!! vol.417〜アコースティックナイト〜 公演1/券種1
  [1789/4237] 506528 コンセント。＋企画 架空居酒屋「福酒家。」酔いどれトーク七杯目。-ハ 公演1/券種2
  [1790/4237] 507850 CHI TAMAYA ちー・たまや ONE MAN LIVE「REB 公演1/券種1
  [1791/4237] 507629 TOKYOBAY TATTOO FESTIVAL 公演1/券種2
  [1792/4237] 507654 SUPERBLOOD ONE MAN SERIES REIGN IN 公演1/券種1
  [1793/4237] 506552 カラビンカ現体制十周年記念ワンマン公演 「カルト・スター，満十歳」」 公演1/券種1
  [1794/4237] 507781 CHI TAMAYA PRESENTS「Sympathy Vol.5 公演1/券種1
  [1795/4237] 505492 そらのこ Acoustic One-man live 「ずっとそこに 公演1/券種3
  [1796/4237] 506964 9/22夜『in the Hideaway』gee-ge.16周年S 公演1/券種1
  [1797/4237] 507740 【来場予約】11/2 竹森マサユキ× ヒトリルーム 2man liv 公演1/券種1
  [1798/4237] 506820 「楽しい孤独」は憎らしい 公演1/券種1
  [1799/4237] 503331 Narciss Presents「ALTERED STATES」 公演1/券種1
  [1800/4237] 507076 【10/14(Wed)】 藺月みか / 花鏡紅璃 / 仮屋ナオト / 公演1/券種2
  [1801/4237] 507588 『Free! -Day&Night Special-』 公演1/券種2
  [1802/4237] 507166 ウラニーノ結成25周年ツアー2026 大阪編 公演1/券種1
  [1803/4237] 507495 【東京公演】つじりお弾き語りONEMANLive｢V｣ 公演1/券種2
  [1804/4237] 507490 【大阪公演】つじりお弾き語りONEMANLive｢V｣ 公演1/券種1
  [1805/4237] 507514 なかたにつよし 初単独公演 『𝑳𝒊𝒒𝒖𝒊𝒅 𝑪𝒉𝒆𝒓𝒊𝒔𝒉 𝑼𝒏𝒅𝒆 公演1/券種1
  [1806/4237] 506765 下山武徳的生誕祭 公演1/券種1
  [1807/4237] 506360 Vierror&BANGBOOpre.【Hollow Rave】 - 公演1/券種1
  [1808/4237] 507210 otonari presents 「路地裏にて~special 3m 公演1/券種1
  [1809/4237] 505833 『小田原遠足』supported by LIVE HOUSE 小田原 公演1/券種1
  [1810/4237] 507089 TOUR 2026 BOKURA HA TANOSHII !! TO 公演1/券種1
  [1811/4237] 507088 TOUR 2026 BOKURA HA TANOSHII !! TO 公演1/券種1
  [1812/4237] 507087 TOUR 2026 BOKURA HA TANOSHII !! NA 公演1/券種1
  [1813/4237] 507085 TOUR 2026 BOKURA HA TANOSHII !! NA 公演1/券種1
  [1814/4237] 507084 TOUR 2026 BOKURA HA TANOSHII !! OS 公演1/券種1
  [1815/4237] 506921 NOIMAGE presents. "下北物語" 公演1/券種1
  [1816/4237] 501087 温音-haruoto- #3 公演1/券種1
  [1817/4237] 506865 池袋SundayMusic vol.19 公演1/券種1
  [1818/4237] 507175 Of the Shadow JAPAN TOUR 公演1/券種1
  [1819/4237] 507098 「コヤナギシンジワンマンLIVE」@関内・音楽酒場SARASVATH 公演1/券種1
  [1820/4237] 507106 米川英之独奏会 公演1/券種1
  [1821/4237] 505131 Hello,Strangers! 名古屋 公演1/券種1
  [1822/4237] 505130 Hello,Strangers! 大阪 公演1/券種1
  [1823/4237] 505133 Hello,Strangers! 東京 公演1/券種1
  [1824/4237] 505132 Hello,Strangers! 福岡 公演1/券種1
  [1825/4237] 500232 Osaka Militia Guard Vol.5 公演1/券種1
  [1826/4237] 506623 ”Vinyl 45 Revolutions” KiNGONS and 公演1/券種1
  [1827/4237] 506627 【来場予約】2026/10/20「佐久間丈幸 -ALONE prim 公演1/券種1
  [1828/4237] 506666 白昼夢 公演1/券種1
  [1829/4237] 506593 雲の下音楽会 公演1/券種1
  [1830/4237] 506215 stLuck height 5th Anniversary LIVE 公演1/券種1
  [1831/4237] 500199 10/25(日) EPITAPH主催ライブ「Stand Up and 公演1/券種1
  [1832/4237] 504489 『素敵な仲間達 番外編』〜田井信明 生誕50年記念祭〜 公演1/券種1
  [1833/4237] 504847 思想に溺れた夜pre 『BAND ADDICT TOUR』in To 公演1/券種1
  [1834/4237] 505941 岩田 栄秀 誕生日前夜祭 公演1/券種1
  [1835/4237] 505896 Planet K 3rd Anniversary 〜3MAN SER 公演1/券種1
  [1836/4237] 502909 ガチンコ3MAN LIVE -3組で100名越えなきゃ即渡米?!- 公演1/券種1
  [1837/4237] 504914 EKKYOU BLAST【レイラ 1st FullAlbum 「いま 公演1/券種1
  [1838/4237] 506149 OKAPY Tour 2026“My Answer” in松本 公演1/券種1
  [1839/4237] 506126 紫野Band One Man Live 描唄-エカキウタ 公演1/券種1
  [1840/4237] 502829 OKAPY Tour 2026“My Answer” in福岡 公演1/券種1
  [1841/4237] 506029 アダチケンゴリクエストワンマン2026ハロウィン 公演1/券種1
  [1842/4237] 502896 可惜夜に希う 公演1/券種1
  [1843/4237] 499839 P2RISE 1st One-Man Live "RISING" 公演2/券種4
  [1844/4237] 505582 『CHH FAMILY全員集合で決起集会や！！』 公演1/券種1
  [1845/4237] 501753 Life like a slow picture vol.34 公演1/券種1
  [1846/4237] 505564 「イノと秋葉」 公演1/券種1
  [1847/4237] 505952 中島晴香 Birthday Event 公演1/券種1
  [1848/4237] 505905 チンピラオネエワンマンライブ@名古屋ローリングマン 公演1/券種1
  [1849/4237] 505650 【9/23(Wed)】2026,being together tou 公演1/券種3
  [1850/4237] 505049 尾形回帰 主催「修業僧ぴろぴろが東京に来るので段取りしてみた!!」 公演1/券種1
  [1851/4237] 505539 純麗 presents「Ambition」 公演1/券種1
  [1852/4237] 505908 N.U. With Love to Yokohama mint ha 公演1/券種1
  [1853/4237] 505736 須澤紀信Pre.「キシン伝心vol.11」~夜の部~ 公演1/券種1
  [1854/4237] 505735 須澤紀信Pre.「キシン伝心vol.11」~昼の部~ 公演1/券種1
  [1855/4237] 502730 WEEP presents "Intersecting Singul 公演1/券種2
  [1856/4237] 505909 SERRA武者修行ワンマンライブ「最強のはずの歌姫がポンコツな件につ 公演1/券種3
  [1857/4237] 500592 エレキレストラン 146 公演1/券種1
  [1858/4237] 505874 N.U.color With Love to Yokohama mi 公演1/券種1
  [1859/4237] 505843 SAMHAIN SUPERNOVA 公演1/券種1
  [1860/4237] 505873 ヨウヘイプードル2026 公演1/券種2
  [1861/4237] 505818 ＜公演延期＞【村上啓介 LIVE】 『あなたが元気はで笑っていたらそ 公演1/券種1
  [1862/4237] 505115 LIMELIGHT ― あの日のポスターはライムライト ― 荻野まど 公演1/券種1
  [1863/4237] 505690 りん 3rd ONE MAN LIVE " ハロー、青春！ " 公演1/券種3
  [1864/4237] 502645 Dreamin’ presents 濱夢~ハマドリ~＃1 公演1/券種2
  [1865/4237] 505663 『めんそーれ紅布』 公演1/券種1
  [1866/4237] 504964 Star★Platinum 13 公演1/券種1
  [1867/4237] 505488 MU GA MICHILL tour 2026 “Special D 公演1/券種3
  [1868/4237] 505429 yuna One Man Live ECHOES 公演1/券種2
  [1869/4237] 505336 【SEKI ROCK LIVE 2026】THE⭐︎歌謡ROCKER 公演1/券種5
  [1870/4237] 504759 めんそーれ紅布 公演1/券種1
  [1871/4237] 502755 shinjukuSAMURAI pre.「Neon Bloom〜SA 公演1/券種1
  [1872/4237] 504868 デリヤとタクヤの名もなきミスチルナイトvol.3 公演1/券種1
  [1873/4237] 504995 KURO Acoustic ONEMAN LIVE 「Mellifl 公演1/券種1
  [1874/4237] 504992 KURO Acoustic ONEMAN LIVE 「Mellifl 公演1/券種1
  [1875/4237] 505265 東京女子和楽器ユニット胡蝶 2nd Live 公演1/券種2
  [1876/4237] 505219 大野瞬『First Light』【神戸ワンマンライブ】 公演1/券種1
  [1877/4237] 505228 Psalm 21th Anniversary Tour「 A Qui 公演1/券種1
  [1878/4237] 505221 mod presents “Chaos is Me” vol.9 公演1/券種2
  [1879/4237] 505140 吉男が哲央と僚太に頼んだvol.4 公演1/券種1
  [1880/4237] 505062 Psalmマンスリーワンマンライブ #163 公演1/券種2
  [1881/4237] 501739 湘南芋焼酎 pre. 「イモーション」 vol.7 公演1/券種1
  [1882/4237] 505032 KATSUMI Live 2026 「Back to ONE」in  公演1/券種4
  [1883/4237] 504682 『はじめての独壇場』 公演1/券種1
  [1884/4237] 502577 食欲の秋なので今年もライブやります【9月27日】一般販売（先着） 公演1/券種1
  [1885/4237] 502576 食欲の秋なので今年もライブやります【9月26日】一般販売（先着） 公演2/券種4
  [1886/4237] 504904 Shaka-Mits Planets vol.3[東京] 公演1/券種2
  [1887/4237] 498128 アグレッシヴにピースを 公演1/券種1
  [1888/4237] 504604 ミッドナイトシープ1st e.p「東京下北沢から」Release t 公演1/券種1
  [1889/4237] 504331 I r i s ? pre. Concept Live 『？目録 - 公演1/券種1
  [1890/4237] 504667 『THE SONGWRITER'S LOUNGE (ソングライターズ 公演1/券種1
  [1891/4237] 504649 高須賀満×みよししんじ 「風のうた、街の音〜生音の呼吸、二つの情景～ 公演1/券種1
  [1892/4237] 503951 ULTIMATE ROCK THIS CLUB 公演1/券種1
  [1893/4237] 504260 10/24(土) あおはる！3周年記念主催「Sweet Dreams 公演1/券種1
  [1894/4237] 504597 ミッドナイトシープ 1st e.p.「東京下北沢から」Release 公演1/券種1
  [1895/4237] 502077 ◎「 手刀ラヂオです・・・。 」10月2日（金）一般券発売 公演1/券種1
  [1896/4237] 502074 ◎「 手刀ラヂオです・・・。 」10月2日（金）先行抽選 公演1/券種1
  [1897/4237] 503810 Planet K Presents. 「2MAN LIVE」 公演1/券種1
  [1898/4237] 504349 ◆「国民の日ファンクラブ -2026-」9/22(火星/国民) 公演1/券種1
  [1899/4237] 504487 十一月の鯨 公演1/券種1
  [1900/4237] 499098 Megumi Yanagi 1st Album"7days" Rel 公演1/券種2
  [1901/4237] 504438 東松山エスポアール SODA SPOON?ワンマン 公演1/券種1
  [1902/4237] 502775 ルートフォーティーン41周年記念 デキシード・ザ・エモンズ×ダイナマ 公演1/券種1
  [1903/4237] 504169 浜端ヨウヘイLIVE TOUR 2026 "HERE AND THE 公演1/券種3
  [1904/4237] 504162 浜端ヨウヘイLIVE TOUR 2026 "HERE AND THE 公演1/券種3
  [1905/4237] 504165 浜端ヨウヘイLIVE TOUR 2026 "HERE AND THE 公演1/券種3
  [1906/4237] 504167 浜端ヨウヘイLIVE TOUR 2026 "HERE AND THE 公演1/券種3
  [1907/4237] 504160 浜端ヨウヘイLIVE TOUR 2026 "HERE AND THE 公演1/券種3
  [1908/4237] 504082 【9/29(Tue)】りさボルト&Hys /青栁智義 /naoyuk 公演1/券種2
  [1909/4237] 500056 Planet K Presents. 「ねんいち-2MAN-」 公演1/券種1
  [1910/4237] 504100 投げ銭ONE MAN TOKYO 公演1/券種1
  [1911/4237] 504273 Jack Rabbit Slim's -SMD WEEK SPECI 公演1/券種1
  [1912/4237] 504287 池田聡 40thアルバム発売記念ツアー ぶらりツアー盛岡 公演1/券種1
  [1913/4237] 504281 Love in City 2026 吉祥寺曼荼羅 / tempo a 公演1/券種1
  [1914/4237] 503833 コネコレ集会2026 その7 公演1/券種1
  [1915/4237] 502948 INTERSECTION 公演1/券種1
  [1916/4237] 502758 WONDER THREE at NARCISS Autumn Liv 公演1/券種1
  [1917/4237] 502418 11/7(土) deva:ed presents「Road to 1 公演1/券種1
  [1918/4237] 503647 SHIBUYA COMPLEX #19 -Day1- 公演1/券種1
  [1919/4237] 503658 SHIBUYA COMPLEX #19 -Day2- 公演1/券種1
  [1920/4237] 503993 月極 令和8年11月分 We have subscribed to  公演1/券種1
  [1921/4237] 503988 月極 令和8年9月分 We have subscribed to a 公演1/券種1
  [1922/4237] 503991 月極 令和8年10月分 We have subscribed to  公演1/券種1
  [1923/4237] 503038 山本恭司 弾き語り・弾きまくりギター三昧 土肥公演 公演1/券種2
  [1924/4237] 503731 gravel's end presents「新世界 其の十一」 公演1/券種1
  [1925/4237] 503729 大クセフェス〜TRICK or TRACK MAKER〜 公演1/券種1
  [1926/4237] 503372 MARBLEMARKET PRESENTS「SOUND MASTUR 公演1/券種1
  [1927/4237] 503631 藤井風特集 風の歌で踊れ！！ 公演1/券種1
  [1928/4237] 503627 よしみんプロジェクト(よしプロ) OKAYAMA JUICE 公演1/券種1
  [1929/4237] 503621 山田兎～Setouchi Acoustic Junction 公演1/券種1
  [1930/4237] 503315 カツオヘッド30周年＆えみちん50歳誕生記念ライブ---9/20(日 公演1/券種1
  [1931/4237] 503548 みほりょうすけ ワンマンライブ ＜高松公演＞ 公演1/券種1
  [1932/4237] 498834 音夜胡蝶〜夢幻の宴〜 公演1/券種1
  [1933/4237] 503415 夏空ツアー2026｜日田 公演1/券種1
  [1934/4237] 503225 【SHIBUYA】二人目のジャイアン NEW ALBUM「THIS  公演1/券種2
  [1935/4237] 502819 【広島公演1st】森 翼 弾き語りワンマンツアー「その傷はアート」 公演1/券種1
  [1936/4237] 502815 【神戸公演】森 翼 特別公演「その傷跡はアート」 公演1/券種1
  [1937/4237] 502818 【広島公演2nd】森 翼 弾き語りワンマンツアー「その傷はアート」 公演1/券種1
  [1938/4237] 502813 【大阪公演1st】森 翼 弾き語りワンマンツアー「その傷はアート」 公演1/券種1
  [1939/4237] 502814 【大阪公演2nd】森 翼 弾き語りワンマンツアー「その傷はアート」 公演1/券種1
  [1940/4237] 502462 『みう爆裂誕生祭』 公演1/券種1
  [1941/4237] 502583 【10/5（Fri）】 Sound Stream sakura 【ヨ 公演1/券種2
  [1942/4237] 498927 Nope Range 1st ONE MAN LIVE「What i 公演1/券種2
  [1943/4237] 503280 佐川真由主催ライブ MA YU PA ！！！【鈴木千絵予約】 公演1/券種1
  [1944/4237] 502640 woopie groupie 「GOLDEN RECORD 10周年 公演1/券種2
  [1945/4237] 501776 【来場予約】11/1「Groovy Blooming」 公演1/券種1
  [1946/4237] 501925 ohagi presents. 「ohagi friends vol 公演1/券種3
  [1947/4237] 498352 ADAM at pre.「INST-ALL Vol.23」 公演1/券種1
  [1948/4237] 502734 mono's Ark phonia -Acoustic LIVE-  公演1/券種1
  [1949/4237] 503171 "CHO VERY GOOD!" 公演1/券種1
  [1950/4237] 498845 音夜胡蝶〜夢幻の宴〜 公演1/券種1
  [1951/4237] 503107 岩崎桃子『ぴかぴか 』なリリースツアー 公演1/券種1
  [1952/4237] 502827 OKAPY Tour 2026“My Answer” in北海道 公演1/券種1
  [1953/4237] 502826 OKAPY Tour 2026“My Answer” in大阪 公演1/券種1
  [1954/4237] 497717 THE& STARTOURS〜Earth〜 鹿児島出水LIVE＆BA 公演1/券種1
  [1955/4237] 502991 小松由佳 3rd ONEMAN LIVE ~ FIRST LIGHT 公演1/券種1
  [1956/4237] 502990 つるまにあTraveling Party (サーキットフェス) 公演1/券種1
  [1957/4237] 502937 秋休25周年ワンマンライブTOUR FINAL 一次抽選予約 公演1/券種4
  [1958/4237] 501124 『M.J.Q tour 2026』 公演1/券種1
  [1959/4237] 502420 LIVE is Beyond Doubt! 公演1/券種2
  [1960/4237] 502859 西で東で！！ゾロメバースデーワンマンショウ！！！ 公演1/券種1
  [1961/4237] 502783 ハマノヒロチカ ツアー2026「Road to 50」高松編 公演1/券種1
  [1962/4237] 502253 【10/2(Fri)】 高沢渓太 / 遠藤理子 / オオウチコウヘイ 公演1/券種2
  [1963/4237] 501168 yuna presents Nova : Fuse 公演1/券種1
  [1964/4237] 502218 愛探眼影ユキナ生誕祭“SHEROES” 公演1/券種1
  [1965/4237] 495704 中村慎吾 Birthday One Man Live「いい夢(116 公演1/券種1
  [1966/4237] 502259 低音太鼓祭 第肆奏 公演2/券種4
  [1967/4237] 502292 『音楽的自由奔放祭Vol.27』 公演1/券種1
  [1968/4237] 502296 『天照黎明 晩夏の音会』 公演2/券種2
  [1969/4237] 502375 Yozan Kaminaga Experiment vol.1 “か 公演2/券種3
  [1970/4237] 502293 川原光貴ソロライブ『Hikikatari』vol.18 公演1/券種2
  [1971/4237] 490772 ガールズ★ビꕊアンビシャス ～ボーイズも頑張って～ 公演1/券種1
  [1972/4237] 498754 ~佐藤正治 Birthday Live 2026~ MASSA±ZA 公演1/券種1
  [1973/4237] 500980 Rosario Ark presents 不夜城vol.63-TIG 公演1/券種1
  [1974/4237] 502186 9/23(水祝) 朱い月を見上げる黒猫が見る夢 presents 公演1/券種1
  [1975/4237] 502158 AERUSONIC2026 公演1/券種1
  [1976/4237] 500779 市川セカイデビュー20th pre. 「SEKAI and Frie 公演1/券種1
  [1977/4237] 501498 田中ミズホ ワンマンライブ『With you』 公演1/券種1
  [1978/4237] 502015 「Get into the groove」リリースツアーファイナルワ 公演1/券種1
  [1979/4237] 502012 「Get into the groove」リリースワンマンライブ～北 公演1/券種1
  [1980/4237] 502009 「Get into the groove」リリースワンマンライブ～東 公演1/券種1
  [1981/4237] 502010 「Get into the groove」リリースワンマンライブ～大 公演1/券種1
  [1982/4237] 501942 Silver Wings One Man Live 2026-An  公演1/券種1
  [1983/4237] 501898 カメレオワンマンツアー2026 〜カメビアンナイト 〜 リリーストー 公演1/券種2
  [1984/4237] 501907 eight a little vol.8 公演1/券種1
  [1985/4237] 501896 カメレオワンマンツアー2025 〜カメビアンナイト〜 打ち上げトーク 公演1/券種2
  [1986/4237] 501246 【9/27(Sun)】最強の音も逹！THE 平間会 “夏の陣” 公演1/券種1
  [1987/4237] 500172 アシガルユース主催 東心斎橋ライブサーキット 「グランドライン202 公演1/券種1
  [1988/4237] 500252 Shoei Acoustic One man Live Tour 2 公演1/券種1
  [1989/4237] 500244 Shoei Acoustic One man Live Tour 2 公演1/券種1
  [1990/4237] 501655 物語の3マンライブ 公演1/券種1
  [1991/4237] 501646 ヨイマチヅキ vol.1 公演1/券種1
  [1992/4237] 500010 ウラニーノ結成25年特別企画「山岸賢介弾き語り単独公演 in 東京」 公演1/券種1
  [1993/4237] 500805 「す・え・よ・し」しゃーないなぁ～ツアー2026 公演1/券種1
  [1994/4237] 501302 『Play 音(オン)!!』 公演1/券種1
  [1995/4237] 501296 天照主催4MAN 『天空闘技場其の九』 公演1/券種1
  [1996/4237] 501192 「青とオレンジと黄vol.2」〜愛知県名古屋市〜 公演1/券種1
  [1997/4237] 501156 「青とオレンジと黄vol.1」〜静岡沼津編〜 公演1/券種1
  [1998/4237] 500380 『LAUGH&LOVE&PUNK -ワンナイツより愛を込めて-』 公演1/券種1
  [1999/4237] 499898 ROCK'N'ROLL HARBOR Vol.54 TAKEBAN  公演1/券種1
  [2000/4237] 501079 Krash and Burn vol.1 公演1/券種1
  [2001/4237] 500944 TheLOVEツアー2026『TheLOVE Balld』笠岡１部  公演1/券種1
  [2002/4237] 500941 TheLOVEツアー2026『TheLOVE Balld』笠岡2部バ 公演1/券種1
  [2003/4237] 500832 【EHIME】二人目のジャイアン NEW ALBUM「THIS IS 公演1/券種2
  [2004/4237] 500831 【JOETSU】二人目のジャイアン NEW ALBUM「THIS I 公演1/券種2
  [2005/4237] 500834 【FUKUOKA】二人目のジャイアン NEW ALBUM「THIS  公演1/券種2
  [2006/4237] 500830 【NAGAOKA】二人目のジャイアン NEW ALBUM「THIS  公演1/券種2
  [2007/4237] 500815 スキップカウズのうしたろう～お腰につけた肉団子～ 公演1/券種3
  [2008/4237] 500792 岸本絵梨香 歌びより Vol.1 ～秋、恋のあと～ 公演1/券種1
  [2009/4237] 498522 しゅんこ生誕祭女形FINAL？ 「～老化によりきつくなってきたやろ？ 公演1/券種1
  [2010/4237] 500620 ゴリ山田カバ男12周年ワンマンライブ 「GORI GORI FANT 公演1/券種1
  [2011/4237] 500480 Cheeze Birthday Oneman Live 【友だち10 公演1/券種2
  [2012/4237] 498154 「Moon Track vol.28」 公演1/券種1
  [2013/4237] 494085 CASCADE Autumn Tour2026 「アキシオンヌ」-  公演1/券種1
  [2014/4237] 493494 異形の幻惑 公演1/券種1
  [2015/4237] 500234 「NONPY BIRTHDAY LIVE 2026」 公演1/券種1
  [2016/4237] 499790 11/8(日)「恐るべき電気の騎士達 / Silver Wings  公演1/券種1
  [2017/4237] 499616 THE NEATBEATS The Beat Revival Tou 公演1/券種1
  [2018/4237] 500308 アミ杏心（amiami）「ザ・パフォーマート・ライブ Vol.38」 公演1/券種1
  [2019/4237] 500286 Just For You ～音楽が繋ぐ夜～ 公演1/券種1
  [2020/4237] 499742 ▼池袋与太郎哀歌 11/7(土) 公演1/券種1
  [2021/4237] 499741 ▼池袋与太郎哀歌 10/10(土) 公演1/券種1
  [2022/4237] 499847 【9/26(Sat)】福原達也 復活&birthdayイベント 公演1/券種1
  [2023/4237] 500064 Planet K新店舗3周年記念 「SUTEBO×Planet K」 公演1/券種1
  [2024/4237] 499987 10/18(日) 「VRAIN Presents 亜空間企画 202 公演1/券種1
  [2025/4237] 497757 Land Cell. HOMETOWN ONEMAN LIVE「ただ 公演1/券種2
  [2026/4237] 498175 KENSHIN KIMURA ONE MAN SHOW -DIALO 公演1/券種1
  [2027/4237] 498330 あみマリア BIRTHDAY ONE MAN LIVE. ¡ Viv 公演1/券種2
  [2028/4237] 498864 WOMEN'S POWER Vol.79 ～大阪編～ 公演1/券種1
  [2029/4237] 500024 「The 鯨骨 MUNIMUNI Spooky Theater -2 公演1/券種1
  [2030/4237] 498825 PEACE CAMP 2026 公演1/券種3
  [2031/4237] 496756 ノロッストリオ 水溶性のわたし達 release tour 公演1/券種1
  [2032/4237] 496829 『SPIRIT ON A PAGE』北九州公演 公演1/券種1
  [2033/4237] 500093 11/21(土) BLASDEAD presents「Beyond  公演1/券種1
  [2034/4237] 498324 吉野ユウヤ＋あべさとえ『僕ら、森の中』 公演1/券種1
  [2035/4237] 496698 『SPIRIT ON A PAGE』福岡 UTERO 公演 公演1/券種1
  [2036/4237] 496692 『SPIRIT ON A PAGE』 仙台 IRISH PUB T. 公演1/券種1
  [2037/4237] 496686 『SPIRIT ON A PAGE』 札幌 Rebel Music  公演1/券種1
  [2038/4237] 496693 『SPIRIT ON A PAGE』 千歳 LIBERTARIA 公 公演1/券種1
  [2039/4237] 496688 『SPIRIT ON A PAGE』⻑野 BAR THREE 公演 公演1/券種1
  [2040/4237] 496851 『SPIRIT ON A PAGE』浜松 Sport & Music 公演1/券種1
  [2041/4237] 496847 『SPIRIT ON A PAGE』名古屋 金山ブラジルコーヒー 公 公演1/券種1
  [2042/4237] 496695 『SPIRIT ON A PAGE』⼤阪 cafe Room+ 公演 公演1/券種1
  [2043/4237] 496680 『SPIRIT ON A PAGE』香川・高松 燦庫~SANKO~公 公演1/券種1
  [2044/4237] 496673 『SPIRIT ON A PAGE』広島 ヲルガン座公演 公演1/券種1
  [2045/4237] 499995 mod presents「Alpha-Beta」vol.32 公演1/券種2
  [2046/4237] 499963 YSリーグSpecial Live「エーサーシーサー」 公演2/券種4
  [2047/4237] 499942 KAY-I の音楽室"特別編" in 東京 2026 公演1/券種1
  [2048/4237] 499525 つしまみれグレイテストワールドツアー日本公演 「華まみれ」2026 公演1/券種1
  [2049/4237] 494860 トナリノサティ 1st album「お砂糖と羅針盤」レコ発ワンマンラ 公演1/券種1
  [2050/4237] 499425 Once-in-a-lifetime 公演1/券種1
  [2051/4237] 496331 板橋ファイト！SODA SPOON?自主企画『KAN-PAI』5杯目 公演1/券種1
  [2052/4237] 489419 ヤミカクシ 初の単独公演「ヤミネコノウタゲ」 公演1/券種1
  [2053/4237] 499295 ONE MAN LIVE-2026-「EXPERIMENTAL ST 公演1/券種1
  [2054/4237] 499599 朗々と 公演1/券種2
  [2055/4237] 499532 平岡優也 Album Release LIVE『Byrth』 公演1/券種1
  [2056/4237] 499569 駿河台浴衣祭六夜【鈴木千絵予約】 公演1/券種1
  [2057/4237] 496563 四日市市民大作戦2026 公演1/券種1
  [2058/4237] 496471 WORLD LAUGH HALL ONEMAN LIVE「IGNIT 公演1/券種4
  [2059/4237] 499365 ナカノアツシの47都道府県ツアー ONE DAY愛媛編 公演1/券種1
  [2060/4237] 499362 ナカノアツシの47都道府県ツアー ONE DAY 徳島編 公演1/券種1
  [2061/4237] 499366 ナカノアツシの47都道府県ツアー ONE DAY高知編 公演1/券種1
  [2062/4237] 499304 PIGEON EXPO / TMNETWORK COVER LIVE 公演1/券種1
  [2063/4237] 499332 【ミセス！？バター＆シュガー ライブ その5 】〜三茶で秋の文化祭! 公演1/券種1
  [2064/4237] 499242 いたづら ONEMAN LIVE 『Prism in canvas』 公演1/券種2
  [2065/4237] 499269 【NAGOYA】二人目のジャイアン NEW ALBUM「THIS I 公演1/券種2
  [2066/4237] 499267 【MATSUMOTO】二人目のジャイアン NEW ALBUM「THI 公演1/券種2
  [2067/4237] 499265 【YAMANASHI】二人目のジャイアン NEW ALBUM「THI 公演1/券種2
  [2068/4237] 499246 【大野瞬枠】徳島HOTROD 公演1/券種1
  [2069/4237] 499217 “Feeling and Disappearing" 公演1/券種1
  [2070/4237] 498523 JAM presents「BEDROOM TALKS 」 公演1/券種2
  [2071/4237] 499218 アダチケンゴ50曲ワンマンライブ2026〜someno kyoto  公演1/券種1
  [2072/4237] 495235 Tani Yuuki Special Live in 飛鳥祭 202 公演1/券種1
  [2073/4237] 498999 斉藤慶×ハイメリークレシェンド×川原光貴 スリーマンライブ 「僕らが 公演1/券種1
  [2074/4237] 498886 SANZAN 1st album "生活の名残" RELEASE T 公演1/券種2
  [2075/4237] 496728 【来場予約】10/11「ミドリカワ書房2DAYS企画 〜二枚目コンビ 公演1/券種1
  [2076/4237] 497390 【来場予約】10/12「ミドリカワ書房2DAYS企画 ミドリカワ書房 公演1/券種1
  [2077/4237] 498622 【来場予約】9/20「ソメノムラヤマ2026」 公演1/券種1
  [2078/4237] 498672 【来場予約】11/28「続々・うさぎ追いし鴨川〜水中、それは苦しいワ 公演1/券種3
  [2079/4237] 498624 【来場予約】10/25「PONGEE緊急ガチンコミーティング〜お客さ 公演1/券種1
  [2080/4237] 495869 吉祥寺PLANET K 『プラKいいとこ一度はおいでvol.4』 公演1/券種1
  [2081/4237] 497257 コルネッツ結成40年ライブ 公演1/券種1
  [2082/4237] 498355 PREMIUM HARD ROCK NIGHT VOL.2 -DOU 公演1/券種1
  [2083/4237] 498612 優理「Get into the groove」リリースツアー「Sou 公演1/券種1
  [2084/4237] 498432 マジカル・オブラディル・パーティー 公演1/券種1
  [2085/4237] 498006 優花 バースデーワンマンライブ「In Bloom」 公演1/券種4
  [2086/4237] 498506 ゲスバンド企画『MAKELOVEツーマンvol.1』 公演1/券種1
  [2087/4237] 498393 NOBU THE BIRTHDAY 2026 公演1/券種1
  [2088/4237] 496933 NeoN × Sol-fa 公演1/券種1
  [2089/4237] 498366 山田亮一×ゆれるあみ『ふたりエッヂ』福岡公演 公演1/券種1
  [2090/4237] 498273 Feel The Maton LIVE!!2026 公演1/券種1
  [2091/4237] 497995 Birthday ONE-MAN LIVE「Mission」 公演1/券種1
  [2092/4237] 494155 Violin Cover Live KEKO"GIGS" Ⅹ -JU 公演1/券種1
  [2093/4237] 497658 ハセベん家ロックフェスティバル 公演1/券種1
  [2094/4237] 496424 一旦、ツアーで。2026 in 渋谷 公演1/券種1
  [2095/4237] 497284 六合 Presents 「此岸夜奏 -SHIGAN YASO- Vo 公演1/券種1
  [2096/4237] 495296 霧愛バースデーワンマンライブ『何者』 公演1/券種1
  [2097/4237] 495906 クロガリウム Oneman Live 2026「Crystallin 公演1/券種1
  [2098/4237] 497346 GFM presents「Over The Moon」 公演1/券種1
  [2099/4237] 497316 「 Select Box 」小玉しのぶ東名阪リクエスト弾き語りツアー 公演1/券種1
  [2100/4237] 497311 「 Select Box 」小玉しのぶ東名阪リクエスト弾き語りツアー 公演1/券種1
  [2101/4237] 497318 「 Select Box 」小玉しのぶ東名阪リクエスト弾き語りツアー 公演1/券種1
  [2102/4237] 496020 Akkey 50th Anniversary 公演1/券種1
  [2103/4237] 490306 SUPER!! SUCK ME!! 公演1/券種1
  [2104/4237] 497154 LeNa Birthday One-Man Live 2027 「L 公演2/券種2
  [2105/4237] 497032 ベルホーロ新作発売単独公演「ゴーストノート」 公演1/券種2
  [2106/4237] 495331 今度は飲まない??SiziUとすすきのでMake you happy 公演1/券種1
  [2107/4237] 495286 ecodrum presents フラチナリズム&KEN EBISA 公演1/券種1
  [2108/4237] 495285 ecodrum presents フラチナリズム&KEN EBISA 公演1/券種1
  [2109/4237] 493692 ILL JOE/EXISTENCE WITHOUT CAUSE /  公演1/券種1
  [2110/4237] 488755 ナカザタロウ＆青と黄色のピエロがいく！みちのく珍道中〜多賀城編 公演1/券種1
  [2111/4237] 488761 ナカザタロウ＆青と黄色のピエロがいく！みちのく珍道中〜北上編 公演1/券種1
  [2112/4237] 496934 『WOMEN'S POWER』 Vol.79～東京編 二日目～ 公演1/券種1
  [2113/4237] 496932 『WOMEN'S POWER』 Vol.79～東京編 一日目～ 公演1/券種1
  [2114/4237] 496862 愛探眼影 ONE-MAN LIVE “APOSTATE” 公演1/券種1
  [2115/4237] 496855 ★チケ発6月13日(土)22:00〜★📢【丸顔姉妹 セカンドライブ】 公演1/券種1
  [2116/4237] 496828 けーずや。 12th anniversary from CUS FE 公演1/券種1
  [2117/4237] 496549 革命メロイック presents ミラクルレボリューションワンマン 公演1/券種1
  [2118/4237] 495809 泡海月企画『憧憬』 公演1/券種1
  [2119/4237] 494640 MIKU SASAO MEETS 近藤康平(Live Drawing 公演1/券種1
  [2120/4237] 496519 いちにちワルイコ２ 公演1/券種2
  [2121/4237] 496099 音友 「真ん中 THE BIRTHDAY 2026 サトシ&seiy 公演1/券種1
  [2122/4237] 496492 【来場予約】10/24 SAT 夜公演「someno 9周年を和＆和 公演1/券種1
  [2123/4237] 492326 ソラヒ 2nd ONE MAN LIVE 『新しい街、そこから見た景 公演1/券種1
  [2124/4237] 492327 ※稲村太佑(アルカラ)×髙木誠司 2man Live 『月待てば潮も 公演1/券種1
  [2125/4237] 490910 9/19(土) SAMURAI METAL 酒戦祭 レコ発 TWO- 公演1/券種1
  [2126/4237] 495138 ハシグチカナデリヤ 12th anniversaryワンマンLIVE 公演1/券種1
  [2127/4237] 496221 河野圭佑トリオワンマンライブ 公演1/券種1
  [2128/4237] 496160 DIE solo 秋のアンビエントPiano@大阪 Common B 公演1/券種1
  [2129/4237] 496158 DIE solo 秋のアンビエントPiano@大阪 Common B 公演1/券種1
  [2130/4237] 496154 DIE solo 秋のアンビエントPiano@南青山 ZIMAGIN 公演1/券種1
  [2131/4237] 496161 DIE solo 秋のアンビエントPiano@京都 SOEN 公演1/券種1
  [2132/4237] 496165 DIE solo 秋のアンビエントPiano@名古屋 Crystal 公演1/券種1
  [2133/4237] 495937 『Music bar 陽だまり』 公演1/券種1
  [2134/4237] 495463 【北海道day1編】waka 2nd Album Release T 公演1/券種1
  [2135/4237] 495469 【ファイナル東京編】waka 2nd Album Release T 公演1/券種1
  [2136/4237] 495465 【北海道day2編】waka 2nd Album Release T 公演1/券種1
  [2137/4237] 494500 プライドの高い深夜のコンビニアルバイト”surprise one-m 公演1/券種1
  [2138/4237] 494497 プライドの高い深夜のコンビニアルバイト”surprise one-m 公演1/券種1
  [2139/4237] 494491 プライドの高い深夜のコンビニアルバイト”surprise one-m 公演1/券種2
  [2140/4237] 492790 GOING UNDER GROUND「3匹がいく 2026 秋」新潟 公演1/券種1
  [2141/4237] 492791 GOING UNDER GROUND「3匹がいく 2026 秋」高崎 公演1/券種1
  [2142/4237] 492793 GOING UNDER GROUND「3匹がいく 2026 秋」熊谷 公演1/券種1
  [2143/4237] 492795 GOING UNDER GROUND「3匹がいく 2026 秋」横浜 公演1/券種1
  [2144/4237] 495515 Ramblamp 2nd EP『各駅をさかのぼる』 Release  公演1/券種1
  [2145/4237] 495404 町あかり被害者の会 vol.39【ワンマンライブ】 公演1/券種1
  [2146/4237] 495349 Ramblamp 2nd EP『各駅をさかのぼる』 Release  公演1/券種1
  [2147/4237] 492731 GOING UNDER GROUND「3匹がいく 2026 秋」名古 公演1/券種1
  [2148/4237] 494663 DY CUBE presents 「 Bloom 」 公演1/券種1
  [2149/4237] 495161 Rake Room 2026 大阪公演 - 16周年もどうぞよろしく 公演1/券種1
  [2150/4237] 495158 Rake Room 2026 仙台公演 - 16周年もどうぞよろしく 公演1/券種1
  [2151/4237] 495155 Rake Room 2026 東京公演 - 16周年もどうぞよろしく 公演1/券種1
  [2152/4237] 493526 渡部まいこ15thAnniversary Live「Long lif 公演1/券種1
  [2153/4237] 495004 Rio Special Live 「STORY」【ORANGE HO 公演1/券種1
  [2154/4237] 494828 Hawk Path 公演1/券種1
  [2155/4237] 494967 TheLOVEツアー2026『TheLOVE Balld』東京 公演1/券種1
  [2156/4237] 494943 TheLOVEツアー2026『TheLOVE Balld』福岡 公演1/券種1
  [2157/4237] 494397 びーべ / Bi-be ~Birthday One-man Live 公演1/券種1
  [2158/4237] 487021 【来場予約】11/29「Carpe Diem #2」 公演1/券種1
  [2159/4237] 494420 one-man live tour 〜風になるまで〜 Chapter 公演1/券種1
  [2160/4237] 494413 one-man live tour 〜風になるまで〜 Chapter 公演1/券種1
  [2161/4237] 486081 「俺たちがHEROです。」アフターパーティー 公演1/券種1
  [2162/4237] 486090 「俺たちがHEROです。」アフターパーティー 公演1/券種1
  [2163/4237] 486091 「俺たちがHEROです。」アフターパーティー 公演1/券種1
  [2164/4237] 486093 「俺たちがHEROです。」アフターパーティー 公演1/券種1
  [2165/4237] 486087 「俺たちがHEROです。」アフターパーティー 公演1/券種1
  [2166/4237] 486088 「俺たちがHEROです。」アフターパーティー 公演1/券種1
  [2167/4237] 486092 「俺たちがHEROです。」アフターパーティー 公演1/券種1
  [2168/4237] 486089 「俺たちがHEROです。」アフターパーティー 公演1/券種1
  [2169/4237] 494523 Magnolia Cacophony pre.「FIRST MIXT 公演1/券種2
  [2170/4237] 494403 ADAM at pre.「INST-ALL THE HR/HM」 公演1/券種1
  [2171/4237] 494644 私の恋物語 公演1/券種1
  [2172/4237] 490641 ゲンスブールナイト札幌2026 公演1/券種1
  [2173/4237] 494495 【一般予約】ZABADAK 第25回私の罪は参千年 ＠ 岐阜県郡上八 公演1/券種1
  [2174/4237] 494486 【ファンクラブ先行予約】ZABADAK 第26回私の罪は参千年 ＠  公演1/券種1
  [2175/4237] 491434 ゆいにしお10th Anniversary tour「ALONE B 公演1/券種1
  [2176/4237] 484155 エレキレストラン 144 公演1/券種1
  [2177/4237] 494232 Leaps and Bounds pre. 『The Challen 公演1/券種1
  [2178/4237] 494234 Leaps and Bounds pre. 『The Challen 公演1/券種1
  [2179/4237] 493124 松島ティル生誕50周年記念公演 【地下室のメロディー】10月8日(木 公演1/券種1
  [2180/4237] 494310 9/26(土) 「LUNA PARK 5th Anniversary 公演1/券種1
  [2181/4237] 494262 碧井 陽一ONE MAN LIVE「Guild」 公演1/券種1
  [2182/4237] 494158 木馬会「喉仏」〜三鷹奉納〜《出演：斉藤木馬・対談：小径章》 公演1/券種1
  [2183/4237] 493370 うわばきロケット×FOWS pre.『 群青イデオロギー』 公演1/券種2
  [2184/4237] 493718 【ファンクラブ先行予約】「zabadak in TOKUZO 202 公演1/券種1
  [2185/4237] 490710 ▼[DESTRUCT SYSTEM LAST GIG] 10.24( 公演1/券種1
  [2186/4237] 493429 隆貴vsいたづら！〜勝負の野外音楽堂〜 公演1/券種3
  [2187/4237] 492892 NeoBallad田川単独公演「月ノ坑 -Harvest Moon- 公演1/券種1
  [2188/4237] 492775 one-man live tour "風になるまで" chapter 公演1/券種1
  [2189/4237] 492780 ワンマンライブツアー 風になるまで Chapter"8" 〜三重編〜 公演1/券種1
  [2190/4237] 492776 one-man live tour "風になるまで" chapter 公演1/券種1
  [2191/4237] 492505 『プラケーいいとこ一度はおいでvol.5』 公演1/券種1
  [2192/4237] 492611 Blues Rock Show Ⅱ @ 和歌山 OLDTIME 公演1/券種1
  [2193/4237] 492251 The Sleeping Boosters（伊藤大輔 × 竹中俊二） 公演1/券種1
  [2194/4237] 492172 ギラ・ジルカ ＆ 中島徹 ＜高松公演＞ 公演1/券種1
  [2195/4237] 490663 Nash Dior 公演1/券種1
  [2196/4237] 492058 RICEBALL LIVE in BUDOKAN (AOMORI) 公演1/券種10
  [2197/4237] 487908 浪花どさんこROCKFES 2026 公演1/券種1
  [2198/4237] 490831 DURAN "Vornak Tour: DURAN x Boris" 公演1/券種1
  [2199/4237] 490483 10/10(土) 29+dimensioN. 1st ONE MAN 公演2/券種2
  [2200/4237] 490652 ～つばめが飛ぶ青い空は 秋のイントロ～ PINEAPPLE 3rd  公演1/券種1
  [2201/4237] 485672 ろっくとぱんくONE MAN LIVE 公演1/券種1
  [2202/4237] 486414 RUNNERS-Hi presents "UCHRONIA" REL 公演1/券種1
  [2203/4237] 489569 The LOVE ツアー2026『The LOVE Ballad』大 公演1/券種1
  [2204/4237] 490475 TROPICAL BOUQET part.2 公演1/券種1
  [2205/4237] 490330 【Yumerika＊専用予約】『飲暴論-聞こえますか?未来の君。僕は 公演1/券種1
  [2206/4237] 490249 Chantom ONE MAN SHOW 公演1/券種1
  [2207/4237] 490032 THIS VERY DAY ONE MAN SHOW「BREAKTH 公演1/券種1
  [2208/4237] 489905 『Music Clipper〜マドベノユウベ〜』 公演1/券種1
  [2209/4237] 489549 渡和久x 伊勢賢治 x 小川徹 『わたりにふね vol.3』 公演1/券種1
  [2210/4237] 489413 ◆追加予約！[Futoshi takagi 20th anniver 公演1/券種1
  [2211/4237] 489272 「これを青春と呼ばずして、なんと呼ぶ」 公演1/券種1
  [2212/4237] 489224 北原 雅彦 黄 啓傑 デュオ 公演1/券種1
  [2213/4237] 487293 CHAMPAN CALL THE 3rd ONEMAN 公演1/券種2
  [2214/4237] 489076 臼井ミトン／弾き語りワンマンライブ 公演1/券種1
  [2215/4237] 487560 水沼遼太 2nd one-man Live『僕らの固結び』 公演1/券種1
  [2216/4237] 488518 市川セカイBANDワンマンライブ!! 「Beautiful Worl 公演1/券種1
  [2217/4237] 488753 垣原圭希単独公演 『 はじまりのうた 』 公演1/券種1
  [2218/4237] 488191 市川セカイデビュー20th ワンマンLIVE in KOCHI 「L 公演1/券種1
  [2219/4237] 487944 だてぃが 2nd ONEMAN LIVE「Re:Live」 公演1/券種2
  [2220/4237] 487471 12/12【オンリーオンナイト ONE MAN LIVE「夜のせいだ 公演1/券種1
  [2221/4237] 485671 ASA ONE MAN LIVE 「Shadow」 公演1/券種1
  [2222/4237] 482165 会 TOMOVSKY 祝・3度目のハタチ トモフとカワベのツーマンシ 公演1/券種1
  [2223/4237] 487442 きのこ帝国トリビュート企画 “A Night for きのこ帝国”  公演1/券種1
  [2224/4237] 484390 わさびフェスティバル EXTRA in 蒲田ニューエイト 公演1/券種1
  [2225/4237] 478853 NIIGATA METAL CITY vol.3 公演1/券種1
  [2226/4237] 486986 『REVSONICS ONE MAN'26』 公演1/券種1
  [2227/4237] 486337 『The Wild Brothers 〜have you seen  公演1/券種1
  [2228/4237] 486147 門西恋主催ライブ「一無位真人花開蝶自来」【鈴木千絵予約】 公演1/券種1
  [2229/4237] 485998 【来場予約】10/27 「山木康世 Live Library ２０２ 公演1/券種1
  [2230/4237] 485830 青少年の為の常人狂育-其ノ五 公演1/券種1
  [2231/4237] 477894 三上隼 活動15周年記念 単独公演 「この街に生まれて 〜2026〜 公演1/券種2
  [2232/4237] 481152 山本恭司弾き語り弾きまくりギター三昧2026高松公演 公演1/券種1
  [2233/4237] 485015 彩七 2nd ONEMAN LIVE “彩奏心” 公演1/券種2
  [2234/4237] 484259 Colorful Niigata Tour FINAL～500人で彩 公演1/券種1
  [2235/4237] 484591 音虎とErii ONE MAN LIVE【Rise again】 公演1/券種2
  [2236/4237] 481924 9/20(日) MAHATMA 25th Anniversary L 公演1/券種1
  [2237/4237] 483033 [Futoshi takagi 20th anniversary o 公演1/券種1
  [2238/4237] 479341 星愛弾き語り東名阪ワンマンツアー 『その先の景色が見たい』 東京編 公演1/券種1
  [2239/4237] 479545 星愛弾き語り東名阪ワンマンツアー 『その先の景色が見たい』 名古屋編 公演1/券種1
  [2240/4237] 479546 星愛弾き語り東名阪ワンマンツアー 『その先の景色が見たい』 大阪編 公演1/券種1
  [2241/4237] 481193 9/21(月) 可能性フェスvol:2 公演1/券種1
  [2242/4237] 480245 見たい聴きたい踊りたい！銀幕一座の千客万来ワンマンツアー 追加公演  公演1/券種1
  [2243/4237] 481672 「M.J.Q」ONE MAN LIVE 公演1/券種1
  [2244/4237] 479960 ▼Lament. ONEMAN LIVE『The Bloom Aft 公演1/券種1
  [2245/4237] 479485 空中世界 30th BIRTHDAY ONE MAN LIVE 20 公演1/券種2
  [2246/4237] 480192 SUM GYOEP SAL CARNIVAL 2026 公演1/券種1
  [2247/4237] 479217 詩の簒奪者たち、秋を知らず。 公演1/券種1
  [2248/4237] 477820 【無効・旧販売ページ】青少年の為の常人狂育-其ノ五 公演1/券種1
  [2249/4237] 479930 【相良浩司ソロ】大阪庄内「Yaichi Fes!」 公演1/券種1
  [2250/4237] 479927 【相良浩司ソロ】池袋FIELD『水曜らいぶ』 公演1/券種1
  [2251/4237] 479903 birds melt sky The 20th ANNIVERSAR 公演1/券種1
  [2252/4237] 479817 SAYAKA YAMAGUCHI BIRTHDAY ONE MAN  公演2/券種4
  [2253/4237] 479748 宙を走る六等星 1st ALBUM『ここから』Release Tou 公演1/券種2
  [2254/4237] 479684 PundaRock2026 公演1/券種4
  [2255/4237] 443312 やすらぎSTAYG 11月号 公演1/券種1
  [2256/4237] 443310 やすらぎSTAYG 10月号 公演1/券種1
  [2257/4237] 443309 やすらぎSTAYG 9月号 公演1/券種1
  [2258/4237] 478378 ハクイダイスケ5周年企画 「未来のアトリエ」 公演1/券種1
  [2259/4237] 478376 ハクイダイスケ5周年企画 「自転の証明、誓いの引力」 公演1/券種1
  [2260/4237] 476309 TELLECHO presents 2MAN LIVE「傍」 公演1/券種1
  [2261/4237] 477620 あずみょうすけ in 広島 公演1/券種1
  [2262/4237] 476845 鳥居単独公演「革命前夜」 公演1/券種3
  [2263/4237] 475995 茶封筒2ndワンマンライブ「茶華間Ⅱ - ﾁｬｶｶｰﾝﾂｰ -」 公演1/券種1
  [2264/4237] 476335 魚田二月 ×WALTZMORE 2MAN LIVE ～UOTANIT 公演1/券種1
  [2265/4237] 476561 Nocturne Veil 公演1/券種1
  [2266/4237] 476121 yesAND ワンマンライブ「ともに鳴けば」 公演1/券種1
  [2267/4237] 475844 Mickey ONE MAN LIVE【break through】 公演1/券種3
  [2268/4237] 473976 CORONA sessions ワンマンライブ2026 「15周年全 公演1/券種1
  [2269/4237] 473810 夜鳴き-ALTER EGO:CODE- 公演1/券種3
  [2270/4237] 472729 【一般】入日茜LIVE『夕焼けシネマ~elements~』scene 公演1/券種1
  [2271/4237] 472728 【一般】入日茜LIVE『夕焼けシネマ~elements~』scene 公演1/券種1
  [2272/4237] 472727 【一般】入日茜LIVE『夕焼けシネマ~elements~』scene 公演1/券種1
  [2273/4237] 472550 ⭐︎myumyu史上初⭐︎Birthday歌宴会 公演1/券種1
  [2274/4237] 471765 藤本あかりワンマンライブ「HIMUNEMU ~水曜夜のカーニバル~」 公演1/券種2
  [2275/4237] 471646 一美生誕祭 「日出ル遊ビ場」 公演1/券種1
  [2276/4237] 471419 Nocturnal -The Final- 公演1/券種2
  [2277/4237] 467505 龍星1st Album『転生』発売記念LIVE 公演1/券種1
  [2278/4237] 466248 「全曲新曲ツーマンLIVE‼︎」 -初出し10曲勝負‼︎-vol.2 公演1/券種1
  [2279/4237] 465754 『なにかやるツアーFINAL単独公演』 公演1/券種1
  [2280/4237] 463809 HISAYO INAMORI MINI ONE-MAN LIVE 〜 公演1/券種1
  [2281/4237] 463811 HISAYO INAMORI MINI ONE-MAN LIVE 〜 公演1/券種1
  [2282/4237] 462929 Black Sacrifice Vol. 033 公演1/券種2
  [2283/4237] 463352 20×20 Collaboration vol.20『with 加藤 公演1/券種1
  [2284/4237] 462940 ｾｶﾝﾄﾞﾜﾝﾏﾝﾗｲﾌﾞ『高円寺のスーパースター・ちゃびりぼん - 公演1/券種1
  [2285/4237] 461845 ISHIGURE 1st ワンマンLIVE 「ぐれの日」 公演1/券種1
  [2286/4237] 459994 Ultra Rich (VIPチケット専用) 公演1/券種1
  [2287/4237] 454190 LIVE2C 2026 -笑顔の約束- 公演1/券種1
  [2288/4237] 455497 CD／グッズ販売 公演1/券種1
  [2289/4237] 454672 Ultra Rich 公演1/券種1
  [2290/4237] 448319 【来場前売】10/24 「関 義哉 デビュー17周年LIVE」 公演1/券種1
  [2291/4237] 448463 evolving from N/A × ICEMATE 2MAN S 公演1/券種1
  [2292/4237] 452200 声と結びの花2026 公演1/券種1
  [2293/4237] 445993 LAY ABOUT WORLD presents. 2026 Mon 公演1/券種1
  [2294/4237] 445991 LAY ABOUT WORLD presents. 2026 Mon 公演1/券種1
  [2295/4237] 445992 LAY ABOUT WORLD presents. 2026 Mon 公演1/券種1
  [2296/4237] 443198 月刊STAYG 11月号 2026 公演1/券種2
  [2297/4237] 443197 月刊STAYG 10月号 2026 公演1/券種2
  [2298/4237] 523542 MCあんにゅライブ-manipulator クロダセイイチ 公演1/券種1
  [2299/4237] 521275 ウタトレ ～弾き語りマッチョへの道～ 公演1/券種2
  [2300/4237] 520404 【通し券】PARADISE - Special - 公演1/券種1
  [2301/4237] 518144 【昼の部】PARADISE - Special - 公演1/券種1
  [2302/4237] 516180 DRUNKARD｜Special Guest Live YELLAS 公演1/券種2
  [2303/4237] 521463 KOKURA HALLOWEEN PARTY 〜仮装上等〜 公演1/券種4
  [2304/4237] 521425 Smoke Squad 公演1/券種1
  [2305/4237] 519444 INDAHOOD 公演1/券種2
  [2306/4237] 520900 SPiRA × OVERFLOW 公演1/券種1
  [2307/4237] 520715 "Shining Hometown"vol.4 公演1/券種1
  [2308/4237] 519674 FEMALE UP ~yummma presents~ 公演1/券種2
  [2309/4237] 519078 IN THE HOOD vol.2.0 公演1/券種1
  [2310/4237] 517040 合トレ〜弾き語りマッチョへの道〜 公演1/券種1
  [2311/4237] 516455 Off the Air vol.2 公演1/券種1
  [2312/4237] 516250 DANCE&SING GENERATION vol.2 公演1/券種2
  [2313/4237] 514890 THE COME UP 公演1/券種1
  [2314/4237] 512890 CREAM presents《The World Club Tour 公演1/券種1
  [2315/4237] 512001 ビズラボpresents 「FUWAKO FWK FES 2026」 公演1/券種1
  [2316/4237] 508622 TARO SOUL × KEN THE 390 × DEJI スリー 公演1/券種1
  [2317/4237] 507247 燈火vol.1 公演1/券種1
  [2318/4237] 505768 【神戸】夏の終わりの慈しみツアー～美味しいものも食べたいな～ 公演1/券種2
  [2319/4237] 502135 MEEYAN NIGHT 公演1/券種1
  [2320/4237] 523113 月光詩会 - Songs under the Moonlight - 公演1/券種1
  [2321/4237] 522799 JAM presents「BEDROOM TALKS 」 公演1/券種1
  [2322/4237] 521235 Mod for it ! 2026 公演1/券種1
  [2323/4237] 519088 voice&voice vol.26 公演1/券種1
  [2324/4237] 516653 JAM presents「BEDROOM TALKS × UHU 」 公演1/券種1
  [2325/4237] 516241 大谷 大名古屋 大祭り 大二部 DJ PARTY 藤井風特集 "風の 公演1/券種1
  [2326/4237] 515905 KenKen,Shoka,Senri Show 公演1/券種1
  [2327/4237] 506634 舜将 ONE-MAN LIVE 2026 "THE HOPE" 公演1/券種1
  [2328/4237] 508263 獏 oneman live - FIRST BITE - 公演1/券種1
  [2329/4237] 473648 鈴木太郎バースデーライブ 公演1/券種6
  [2330/4237] 299327 The Memphis Bell グッズショップ 公演1/券種1
  [2331/4237] 521561 音芝会 三味線教室 無料体験 公演1/券種1
  [2332/4237] 521570 音芝会 三味線教室 無料体験 公演1/券種1
  [2333/4237] 520166 『鳶木遣 ＋ 二代目 高橋竹山 ＋ 笹久保伸』 公演1/券種3
  [2334/4237] 503753 藤本芝裕独演会 其の二十四 公演1/券種1
  [2335/4237] 488015 KISAKI生誕半世紀最終夜感謝祭 「壊想に導かれた奇跡の果てにある 公演1/券種1
  [2336/4237] 523749 音楽情事vol.13 ミノルフォン／こうじかもす／森本ロンサム ＠人 公演1/券種1
  [2337/4237] 523721 松田ただし／money on mustache／たまみ ＠人形町サロ 公演1/券種1
  [2338/4237] 522961 Dawn Of The Black Hearts Ⅸ 公演1/券種2
  [2339/4237] 522928 LIVE 風と漣 ＠人形町サロンゴカフェ ※チケット代金は会場払い 公演1/券種1
  [2340/4237] 522607 D_Drive Live 特別編 -Drums Drive- 公演1/券種1
  [2341/4237] 521739 続・退廃音楽北陸紀行 3日目 (金沢編 2日目) 公演1/券種1
  [2342/4237] 521736 続・退廃音楽北陸紀行 2日目 (金沢編 初日) 公演1/券種1
  [2343/4237] 521742 続・退廃音楽北陸紀行 1日目 (富山編) 公演1/券種1
  [2344/4237] 521292 5CECCU2026 公演2/券種8
  [2345/4237] 521020 ギャランティーク和恵LIVE『MY歌謡アーカイブス in 十話音』V 公演1/券種2
  [2346/4237] 520489 LIVE 「たま という船でつながった 夜」 ＠人形町サロンゴカフェ 公演1/券種1
  [2347/4237] 520401 Sol Oosel + Alejandro Elizondo JAP 公演1/券種1
  [2348/4237] 518345 複合企画展 「縫合」vol.2 - 視覚、聴覚、味覚。 公演1/券種1
  [2349/4237] 518343 複合企画展 「縫合」vol.2 - 視覚、聴覚、味覚。 公演1/券種1
  [2350/4237] 506516 CAPITALIST CASUALTIES SPIDER MIKE  公演1/券種1
  [2351/4237] 519244 エナミハナ。／清花 Wワンマンライブ ＠人形町サロンゴカフェ ※チケ 公演1/券種1
  [2352/4237] 519207 LIVE 「4人はアイドル」 ＠人形町サロンゴカフェ ※チケット代金 公演1/券種1
  [2353/4237] 519203 LIVE ＠人形町サロンゴカフェ ※チケット代金は会場払い 公演1/券種1
  [2354/4237] 518837 湊陽奈 sings Broadway ひとつの身体から、いくつもの人 公演1/券種2
  [2355/4237] 518571 LIVE テツモトミキ／蠣崎未来 ＠人形町サロンゴカフェ ※チケット 公演1/券種1
  [2356/4237] 518563 Wワンマンライブ 佳納子／シア ＠人形町サロンゴカフェ ※チケット代 公演1/券種1
  [2357/4237] 518346 山葵バースデーイベントin虚無僧バー1日店長 公演4/券種4
  [2358/4237] 518051 あはひ公演 秋韻～竹之御所流精進料理と「あはひ」の歌舞（うたまい）～ 公演2/券種2
  [2359/4237] 517566 【映像配信】テアトル・オン・デマンド第1回公演『季節のあとで』シネマ 公演1/券種2
  [2360/4237] 515682 LUNADYNAMO vol.7 公演1/券種1
  [2361/4237] 511471 テアトル・オン・デマンド第1回公演『季節のあとで』 公演6/券種12
  [2362/4237] 515786 ブッキングライブ「音カフェ人形町」 ＠人形町サロンゴカフェ ※観覧無 公演1/券種1
  [2363/4237] 515506 LIVE Harvest Moonを待ちながら ＠人形町サロンゴカフ 公演1/券種1
  [2364/4237] 515268 てつ100%@CCO Vol.11《てつ100%40周年 ニューアル 公演1/券種1
  [2365/4237] 514787 ヨビゴエ ～三つの呼び声～ Vol.2 ＠人形町サロンゴカフェ ※チ 公演1/券種1
  [2366/4237] 514518 【内山大造 花笠音頭ワークショップ】 公演1/券種2
  [2367/4237] 513297 青春ドロップ1stAnniversary 青春歌謡コンサート 公演1/券種1
  [2368/4237] 511400 Everything might wrap up today 公演1/券種1
  [2369/4237] 511421 DORY One-Man Live -HOME-＠人形町サロンゴカフ 公演1/券種1
  [2370/4237] 510209 LIVE 藤井康一／吾妻光良／照本史 ＠人形町サロンゴカフェ ※チケ 公演1/券種1
  [2371/4237] 501941 山田パンダ LIVE 公演1/券種1
  [2372/4237] 509170 TAKADAMA BASE10周年記念LIVE 公演1/券種1
  [2373/4237] 507866 D_Drive Live 特別編 -Drums Drive- 公演1/券種1
  [2374/4237] 507797 小暮はなＣＤ発売記念ライブ『Luz～ヒカリノバラード』 in 大阪 公演1/券種1
  [2375/4237] 503339 TSUPPARI FES 2026東京 公演1/券種1
  [2376/4237] 499161 物語の3マンライブ 公演1/券種1
  [2377/4237] 500595 加藤格leaf room豪徳寺定例ワンマンライブ2026－3回目－ 公演1/券種1
  [2378/4237] 499071 斉藤慶×ハイメリークレシェンド×川原光貴 スリーマンライブ 「僕らが 公演1/券種1
  [2379/4237] 496218 BROCANTE presents『Face You』 公演1/券種1
  [2380/4237] 495347 Redo x RENAME 2MAN ［code : Alter］ 公演1/券種2
  [2381/4237] 489722 Crimson Ritual 〜Nightmare Hallowee 公演1/券種2
  [2382/4237] 523224 KOUKI PIANO Birthday Piano Recital 公演1/券種1
  [2383/4237] 523222 KOUKI PIANO Birthday Piano Recital 公演1/券種1
  [2384/4237] 523220 KOUKI PIANO Birthday Piano Recital 公演1/券種1
  [2385/4237] 521304 British Psychedelic and Hard !! ～ブ 公演1/券種1
  [2386/4237] 520619 The Decline(オーストラリア) Japan Tour 20 公演1/券種1
  [2387/4237] 520479 The Decline(オーストラリア) Japan Tour 20 公演1/券種1
  [2388/4237] 518471 ヤマセレVol.5 公演1/券種1
  [2389/4237] 516928 The Decline(オーストラリア) Japan Tour 20 公演1/券種1
  [2390/4237] 516890 【4月23日.24日開催】GENE×ベティ×DYNAMITS 【🌺沖 公演2/券種3
  [2391/4237] 515996 Dark and Gothic Event "Darkness Ph 公演1/券種1
  [2392/4237] 515758 ROHO KIKOKU KIKAKU 公演1/券種1
  [2393/4237] 513331 The Decline(オーストラリア) Japan Tour 20 公演1/券種1
  [2394/4237] 511231 YUZUKI 3rd ANNIVERSARY LIVE 「大会議室」 公演1/券種2
  [2395/4237] 512029 宮尾すすむと日本の社長結成40周年＆還暦突入記念ライブ 「決算報告！ 公演1/券種1
  [2396/4237] 513005 BlackMax BURN NIGHT2026 公演1/券種1
  [2397/4237] 505061 LEGEND OF ROCK〜For Guns N' Roses , 公演1/券種1
  [2398/4237] 509131 【NATSUMI Hard Beats Autumn Tour 20 公演1/券種1
  [2399/4237] 504611 畏みFEST Tokyo2 公演1/券種3
  [2400/4237] 504609 畏みFEST Tokyo 公演1/券種3
  [2401/4237] 504607 畏みTOUR Osaka 公演1/券種2
  [2402/4237] 500794 OZMA & Marshall blog presents【💥💥激突 公演1/券種1
  [2403/4237] 487481 トムさんジェリさん（Simon & Garfunkel カバーLiv 公演1/券種1
  [2404/4237] 516958 STAY GOLD 公演1/券種2
  [2405/4237] 514947 急遽決定‼️Jin Hashimoto🪩｢ひとりアース｣🪩弾き語りミ 公演1/券種1
  [2406/4237] 521655 松永裕平クァルテートライブ 公演1/券種1
  [2407/4237] 516340 200PLUS in TOKYO 公演1/券種2
  [2408/4237] 515894 TOMMY GUERRERO NEW ALBUM RELEASE “ 公演1/券種1
  [2409/4237] 509029 難曲探検隊 ver.1.1 公演1/券種2
  [2410/4237] 496251 PlayRock!! / 鬼怒無月(G,Vo) 佐藤研二(B,Vo) 公演1/券種1
  [2411/4237] 523478 コントラバス協奏曲しかない音楽会 公演1/券種2
  [2412/4237] 520685 BelleEquipeミニコンサート2026 公演2/券種2
  [2413/4237] 521763 FRESHアカペラvol.19 公演1/券種1
  [2414/4237] 519852 ヒルデガルトの音楽 ― O Jerusalem 天の都 ― 公演1/券種2
  [2415/4237] 513083 【固定席完売】声楽＆ピアノ ＠大阪梅田 公演1/券種5
  [2416/4237] 507762 半田少年少女合唱団第47回定期演奏会 公演1/券種1
  [2417/4237] 492394 第2回しらかわホール合唱祭 公演1/券種1
  [2418/4237] 502381 OCCURSUS コンサート 公演1/券種1
  [2419/4237] 500279 大人になれよ 公演2/券種4
  [2420/4237] 499791 合唱団エトワーユ第42回定期演奏会 公演1/券種2
  [2421/4237] 487956 ヴォーカルアンサンブル《EST》第33回コンサート 公演1/券種3
  [2422/4237] 493504 【夜公演】声の軌跡 〜歌譜喜・八重桜・emulsion ラストコンサ 公演1/券種2
  [2423/4237] 493503 【昼公演】声の軌跡 〜歌譜喜・八重桜・emulsion ラストコンサ 公演1/券種2
  [2424/4237] 489913 混声合唱団コール・フォルトゥーナ第５回演奏会～天使の知らせが、歓喜の 公演1/券種1
  [2425/4237] 467118 【学生招待】AcappelLabo Concert Vol.6 〜e 公演1/券種1
  [2426/4237] 464502 AcappelLabo Concert Vol.6 〜engrave 公演1/券種2
  [2427/4237] 522933 新人声優の気になるエンタメニュース 公開ラジオイベント 公演1/券種0
  [2428/4237] 521562 赤ちょうちん 出張編！ 公演1/券種1
  [2429/4237] 517528 ジョソラジ 5周年企画 第一弾 『お菓子なオフ会 in 金沢プライド 公演1/券種1
  [2430/4237] 519119 「GAMO4fes.2026」 supported by ネクスタ株 公演1/券種1
  [2431/4237] 517820 Hang out camp vol.3 公演2/券種3
  [2432/4237] 518270 「まりフェス Vol.1」 公演1/券種2
  [2433/4237] 516503 不可思議少女少年ノ祭（9/23) 公演1/券種2
  [2434/4237] 516494 不可思議少女少年ノ祭（9/22) 公演1/券種2
  [2435/4237] 513317 SUNLIT POET Vol.2 公演1/券種1
  [2436/4237] 511929 X-jam the Party! 2026秋 公演6/券種13
  [2437/4237] 500005 YUKOバンド+村推しアーティストSpecial LIVE! 公演1/券種1
  [2438/4237] 500011 札幌初開催！「西寄ひがしトークライブ〜日常は楽しい〜」 公演1/券種1
  [2439/4237] 500707 ディグプレ 公演2/券種3
  [2440/4237] 476542 ブイ×カケ フェス 事前予約駐車場 公演1/券種1
  [2441/4237] 474934 ☆VTuber様限定！ご本人様のグッズ委託販売&配布ブース 公演1/券種1
  [2442/4237] 474931 第3回 ブイ×カケフェス VTuberグッズ即売会 公演1/券種1
  [2443/4237] 474924 第三回 ブイ×カケ フェス Vtuberコスプレ&撮影参加エントリー 公演1/券種2
  [2444/4237] 474921 痛車二輪エントリーフォーム＠第三回ブイ×カケフェス 公演1/券種1
  [2445/4237] 474906 痛車(四輪)エントリーフォーム＠第三回ブイ×カケフェス 公演1/券種1
  [2446/4237] 523599 歌物語り 2026 〜ぼくのこと〜 新潟編 公演1/券種1
  [2447/4237] 522625 🪭KURUMIKI 5th Anniversary Live🪭 公演1/券種1
  [2448/4237] 522678 CHOOSE FUN 013🧀専用 公演1/券種1
  [2449/4237] 521181 ミュージカル「誰かの処方箋」2026 (11月15日夜公演・カモミー 公演1/券種3
  [2450/4237] 521180 ミュージカル「誰かの処方箋」2026 (11月15日昼公演・ラベンダ 公演1/券種3
  [2451/4237] 521178 ミュージカル「誰かの処方箋」2026 (11月14日夜公演・ラベンダ 公演1/券種3
  [2452/4237] 521177 ミュージカル「誰かの処方箋」2026 (11月14日昼公演・カモミー 公演1/券種3
  [2453/4237] 521174 ミュージカル「誰かの処方箋」2026 (11月13日夜公演・カモミー 公演1/券種3
  [2454/4237] 521172 ミュージカル「誰かの処方箋」2026 (11月13日昼公演・ラベンダ 公演1/券種3
  [2455/4237] 521171 ミュージカル「誰かの処方箋」2026 (11月12日夜公演・ラベンダ 公演1/券種3
  [2456/4237] 518644 ミュージカル「誰かの処方箋」2026 (11月12日昼公演・カモミー 公演1/券種3
  [2457/4237] 521370 CASSETTE NIGHT/カセットナイト 公演1/券種1
  [2458/4237] 520605 UENO HALL presents 長真由美リサイタル ※TIGE 公演1/券種1
  [2459/4237] 521990 Beyond The Screen vol.2 公演1/券種2
  [2460/4237] 521877 唄芸実験室 公演1/券種1
  [2461/4237] 521879 東新宿 真昼の月夜の太陽 「描いた未来」 公演1/券種1
  [2462/4237] 521876 御茶ノ水パルトネールpresent's 「コリウス」 公演1/券種1
  [2463/4237] 518425 UENO HALL presents 中元咲希ピアノリサイタル ※T 公演1/券種1
  [2464/4237] 520830 While you can vol.1 公演1/券種1
  [2465/4237] 521659 mana.2nd single release live "This 公演1/券種1
  [2466/4237] 521319 Contrast’s of stage~1st Anniversar 公演1/券種0
  [2467/4237] 520514 Marianne Maans ＋ Tatsushi Toritani 公演1/券種1
  [2468/4237] 514014 柴田ののか主催公演『音楽を続けてたら』 公演1/券種1
  [2469/4237] 520591 KANATA 2026 スペシャルイベント KURI Live 公演1/券種2
  [2470/4237] 520707 Duo O's 名曲クラシックコンサート vol.5 公演1/券種1
  [2471/4237] 518489 カノーンフェス2026 in 東京・デビュー30周年興行 公演1/券種1
  [2472/4237] 520257 盛岡フォークライブ 公演1/券種2
  [2473/4237] 520169 『寺尾紗穂 音楽会』 公演1/券種2
  [2474/4237] 520167 『七尾旅人 音楽会』 公演1/券種2
  [2475/4237] 519859 🌈ゆめぴあの🦄4thコンサート 公演1/券種1
  [2476/4237] 518196 ヤシカ車体 presents らきもえ 5th Anniversar 公演1/券種1
  [2477/4237] 519787 INFINITYvol.5 公演1/券種1
  [2478/4237] 519578 お店でフォーク〜シルバーウィーク編〜 公演1/券種2
  [2479/4237] 510787 ぽーん 公演1/券種4
  [2480/4237] 499280 ETCHING×PIANO 公演1/券種1
  [2481/4237] 518231 ギャランティーク和恵 LIVE in SOMETIME『昼の歌謡曲』 公演1/券種1
  [2482/4237] 517867 『 CHOOSE FUN 013 』 公演1/券種1
  [2483/4237] 518106 新屋賀子＆菅野真理子（ひかりの粒 vol.17コラボライブ）《宇宙（ 公演1/券種2
  [2484/4237] 517890 待合広場 公演4/券種8
  [2485/4237] 517125 「あやの＆こまこCafe Vol.4」 公演1/券種2
  [2486/4237] 514988 Nocturne Tour 2026 - GIFT -【東京ファイナ 公演1/券種1
  [2487/4237] 514984 Nocturne Tour 2026 - GIFT -【福岡公演】 公演1/券種1
  [2488/4237] 514986 Nocturne Tour 2026 - GIFT -【宮城公演】 公演1/券種1
  [2489/4237] 514575 Nocturne Tour 2026 - GIFT -【大阪公演】 公演1/券種1
  [2490/4237] 517072 松藤量平 live 東京studio With 9月 公演1/券種1
  [2491/4237] 507941 1つになろうぜ！ 公演1/券種1
  [2492/4237] 516718 Kinugawa Okatsu Lab 「僕らの冒険 Special 公演1/券種1
  [2493/4237] 516656 金管アンサンブルBliss 第７回定期演奏会 公演1/券種1
  [2494/4237] 516566 『電気シャンソンワンマンショー』 公演1/券種1
  [2495/4237] 506297 ヒビキpiano プレミアムリサイタルVol.5 ※TIGET番号順 公演2/券種2
  [2496/4237] 515329 「LOVE BOX PARTY Vol.2」 公演1/券種1
  [2497/4237] 512149 Hajime Takahashi guitar solo LIVE  公演1/券種1
  [2498/4237] 515070 RE:Sounding a Silent Classic vol.2 公演1/券種1
  [2499/4237] 515068 RE:Sounding a Silent Classic vol.2 公演1/券種1
  [2500/4237] 515072 RE:Sounding a Silent Classic vol.2 公演1/券種1
  [2501/4237] 512128 東方道中粋乱祭 第1章-下剋上の裏技- 公演1/券種1
  [2502/4237] 515065 RE:Sounding a Silent Classic vol.2 公演1/券種1
  [2503/4237] 515062 RE:Sounding a Silent Classic vol.2 公演1/券種1
  [2504/4237] 511663 UENO HALL presents 矢部晃広ピアノリサイタル ※T 公演1/券種1
  [2505/4237] 515287 "プレパラート"コンサート2027 公演1/券種1
  [2506/4237] 514736 【札幌公演】釣川有紗ピアノリサイタル2026 公演1/券種2
  [2507/4237] 514929 第10回釣川有紗マンスリーサロンコンサート 公演1/券種3
  [2508/4237] 514533 没後400年記念『ジョン・ダウランド: 音による肖像』坂本龍右リュー 公演1/券種2
  [2509/4237] 514722 第12回釣川有紗マンスリーサロンコンサート 公演1/券種3
  [2510/4237] 513362 『BEST of Throw Line』Tour 配信通しチケット 公演1/券種1
  [2511/4237] 513814 #ノクターン 【東京】ツアー目前ライブ!!（09.26） 公演1/券種1
  [2512/4237] 513759 the hack gunz-結成1周年記念自主企画- 公演1/券種1
  [2513/4237] 513505 第11回釣川有紗マンスリーサロンコンサート 公演1/券種3
  [2514/4237] 513516 🧀予約用『 CHOOSE FUN 012 』 公演1/券種1
  [2515/4237] 513304 『 CHOOSE FUN 012 』 公演1/券種1
  [2516/4237] 513399 弦の響鳴vol.4 公演1/券種1
  [2517/4237] 513178 山口進のワンマンライブ「50歳」 公演1/券種1
  [2518/4237] 512784 Re; 公演1/券種1
  [2519/4237] 511230 UENO HALL presents 大村咲織ピアノリサイタル ※T 公演1/券種1
  [2520/4237] 512189 カレーとビールとトロンボーンと砂塚恵 ~9月の激動お疲れ会~ 公演1/券種1
  [2521/4237] 512183 カレーとビールとトロンボーンと日比野慎也 公演1/券種1
  [2522/4237] 512056 市川大樹ワンマンライブ「さよなら東京」 公演1/券種2
  [2523/4237] 510935 UENO HALL presents 中島結生ピアノリサイタル ※T 公演1/券種1
  [2524/4237] 511654 REQUEST LIVE 公演1/券種1
  [2525/4237] 511914 『 CHOOSE FUN BC01 』 公演1/券種1
  [2526/4237] 511783 『CHOOSE FUN BC01』 🧀予約用 公演1/券種1
  [2527/4237] 509873 UENO HALL presents まにこリサイタル ※TIGET 公演1/券種1
  [2528/4237] 511735 KURUMIKI × HIMIKO『唐衣ト綺装』 公演1/券種1
  [2529/4237] 510966 いちにちのはじまりvol.1～Light,Wind and Madn 公演1/券種2
  [2530/4237] 511368 榎本玲奈ピアノリサイタル2026 〜 Maniac! Vol.3 〜 公演1/券種4
  [2531/4237] 511410 歌物語り 2026 〜ぼくのこと〜 東京編2日目 公演1/券種1
  [2532/4237] 511353 歌物語り 2026 〜ぼくのこと〜 東京編1日目 公演1/券種1
  [2533/4237] 511411 歌物語り 2026 〜ぼくのこと〜 東京編2日目 公演1/券種1
  [2534/4237] 505644 Schwarz Stein presents『The Enhance 公演1/券種1
  [2535/4237] 510892 PIANO TRIO CONCERT 〜 Ravel & Yashi 公演1/券種4
  [2536/4237] 510359 札幌市民歌劇祭＆EIGHTEEN LIVE 2026 公演1/券種1
  [2537/4237] 510246 沖縄津堅島殺人事件 公演1/券種1
  [2538/4237] 510123 WANPAKU FES 公演1/券種1
  [2539/4237] 509409 【名古屋公演】釣川有紗ピアノリサイタル2026 公演1/券種2
  [2540/4237] 506987 『 かずは誕2026 』~The happiest day of o 公演2/券種3
  [2541/4237] 507433 UENO HALL presents みやけんUeno de Rec 公演1/券種1
  [2542/4237] 508359 RIHLA-NeoDarActive vol.III 公演1/券種2
  [2543/4237] 508558 日々かりめろ 10thアルバムリリースツアー『10000回のありがと 公演1/券種1
  [2544/4237] 508392 Aco-Nico Sound Evolution 公演1/券種2
  [2545/4237] 490515 囁きかける追想の狭間〔映像と音楽の融合〕トリマリアキ project 公演1/券種1
  [2546/4237] 508326 囁きかける追想の狭間〔映像と音楽の融合〕 トリマリアキproject 公演1/券種1
  [2547/4237] 508282 ジョン・ダウランド没後400年記念公演 From silent ni 公演1/券種2
  [2548/4237] 508280 ジョン・ダウランド没後400年記念公演 From silent ni 公演1/券種2
  [2549/4237] 508038 「イタリア・バロック 光と闇の物語 18世紀」 公演1/券種4
  [2550/4237] 508037 「イタリア・バロック 光と闇の物語 17世紀」 公演1/券種4
  [2551/4237] 508034 「イタリア・バロック 光と闇の物語 17世紀、18世紀」2回通し券 公演1/券種1
  [2552/4237] 507600 第9回釣川有紗マンスリーサロンコンサート 公演1/券種3
  [2553/4237] 506703 魂の弾語 公演1/券種1
  [2554/4237] 506193 木藤良 朝子×菊地 可奈子 サクソフォン・デュオ コンサート 公演1/券種1
  [2555/4237] 505778 Bonjour！音楽で巡るフランスの旅〜五感で旅する特別な1日〜 v 公演1/券種2
  [2556/4237] 505573 『BEST of Throw Line』Tour -東京編- 公演1/券種2
  [2557/4237] 505570 『BEST of Throw Line』Tour -名古屋編- 公演1/券種1
  [2558/4237] 499853 ShoJun×SUYA Duo Live ～秋深き隣は何をする人ぞ～ 公演1/券種1
  [2559/4237] 502652 六花（Licca）＆瞑想欅pre.「cool ! vol.2」 (L 公演1/券種2
  [2560/4237] 504278 YAiNO YAiNO -SMD WEEK SPECIAL₋ 公演1/券種1
  [2561/4237] 504277 “bloody bloody tuesday～S.M.D week～ 公演1/券種1
  [2562/4237] 504268 SASARA MOSARA -SMD WEEK SPECIAL₋ 公演1/券種1
  [2563/4237] 504270 “bloody bloody sunday～S.M.D week～  公演1/券種1
  [2564/4237] 504116 BREAK 公演1/券種2
  [2565/4237] 495976 午後のひとときアグピア スペシャル コンサート 公演1/券種1
  [2566/4237] 499959 UENO HALL presents 田母神夕南ピアノリサイタル ※ 公演1/券種1
  [2567/4237] 500270 ゆでこ「集合地点」 公演1/券種1
  [2568/4237] 502504 2026.10.17(土) 晴れたら空に豆まいて | あみマリア B 公演1/券種2
  [2569/4237] 499679 UENO HALL presents 野上真梨子ピアノリサイタル ※ 公演1/券種1
  [2570/4237] 500490 佐竹洸紀 1stワンマンライブ 公演1/券種1
  [2571/4237] 498528 クロメスリーマン企画 ［ 東京白昼夢 ］ 公演1/券種1
  [2572/4237] 500195 ei. & MoeKo presents 「乾杯～とりあえずグラス鳴 公演1/券種1
  [2573/4237] 496135 生誕400年記念コンサート「ルイ・クープランの諸相」～北とぴあ国際音 公演1/券種4
  [2574/4237] 498426 愛の旋律〜Vol.3〜 公演1/券種1
  [2575/4237] 495984 蜂谷葉子&大岡真紀子 ピアノデュオの魅力vol.20 公演1/券種1
  [2576/4237] 494507 UENO HALL presents 衣斐桜秋ピアノリサイタル ※T 公演1/券種1
  [2577/4237] 495625 シモムラナナワンマンライブ『Diary』 公演1/券種1
  [2578/4237] 491288 三面恐-THANKS CONCERT- 公演1/券種1
  [2579/4237] 489207 UENO HALL presents 中村夏美ピアノリサイタル ※T 公演1/券種1
  [2580/4237] 487276 平井み帆の本気！講座シリーズ特別企画 コンサート「チェロの誕生！」＆ 公演1/券種4
  [2581/4237] 482894 新潟ハロウィンフェス 2026 公演1/券種12
  [2582/4237] 479238 ジョン・ダウランド没後400年記念公演 From silent ni 公演1/券種2
  [2583/4237] 470623 大野凛 ピアノリサイタル 公演1/券種2
  [2584/4237] 523002 おもしろ3 公演1/券種1
  [2585/4237] 522097 とある街コンからの脱出 公演3/券種3
  [2586/4237] 521628 SHOWROOM記念『不幸少女は今日を語る』 公演4/券種8
  [2587/4237] 519824 謎はびこる因習村からの脱出 公演4/券種4
  [2588/4237] 519827 謎はびこる因習村からの脱出 公演3/券種3
  [2589/4237] 519547 【AsoVIVA JOKer/ルームタイプ】ナゾトキルームから脱出せ 公演1/券種1
  [2590/4237] 519548 【AsoVIVA JOKer/ルームタイプ】ナゾトキルームから脱出せ 公演1/券種1
  [2591/4237] 517712 【AsoVIVA JOKer/ルームタイプ】ナゾトキルームから脱出せ 公演4/券種4
  [2592/4237] 517711 【AsoVIVA JOKer/ルームタイプ】ナゾトキルームから脱出せ 公演4/券種4
  [2593/4237] 515589 【10月15日】謎解き脱出ゲーム『ろうそくんと百物語の大妖怪』 公演2/券種2
  [2594/4237] 517709 【AsoVIVA JOKer/ルームタイプ】ナゾトキルームから脱出せ 公演4/券種4
  [2595/4237] 517708 【AsoVIVA JOKer/ルームタイプ】ナゾトキルームから脱出せ 公演4/券種4
  [2596/4237] 516085 【再演】歯車館の遠き思い出 公演1/券種2
  [2597/4237] 516098 【再演】空の面影、夏の日の蒼 公演1/券種2
  [2598/4237] 516096 【再演】空の面影、夏の日の蒼 公演1/券種2
  [2599/4237] 515869 【再演】歯車館の遠き思い出 公演1/券種2
  [2600/4237] 515464 SHOWROOM記念『プラネタリウム・スターダスター送れなかった夏休 公演4/券種8
  [2601/4237] 514985 ｘのｙ不思議（ｘ≠０、ｙ＞０） 公演8/券種8
  [2602/4237] 514595 【芸人たちによるたほいやバトル】た・ほ・い・や☆ら・い・ぶ！ 公演1/券種2
  [2603/4237] 499170 リアルRPGイベント「ドリームクエスト」in佐賀県武雄温泉街 公演1/券種6
  [2604/4237] 521022 ROCKETS LIVE in GOTANDA vol.4 公演1/券種1
  [2605/4237] 524016 10/12(月祝)トークライブ「卒業できないふたり」 公演1/券種1
  [2606/4237] 523835 もうひとつのOpenSesame －文化による第３の開国ー 公演1/券種0
  [2607/4237] 523564 Channel恐怖presents 異界の怪談６ 公演1/券種2
  [2608/4237] 523733 第2回肴町ほろ酔い祭り 招福酉の市 2026 公演1/券種1
  [2609/4237] 522578 ティアパレ秋の味覚フェア― 美味しい秋、みぃつけた。― 公演1/券種1
  [2610/4237] 521398 【祝】ガチで濃いヤツ OPENイベント！ 公演1/券種1
  [2611/4237] 519493 スナックけ 公演3/券種3
  [2612/4237] 518273 Le Ciel Blanc "Halloween" Tea Part 公演1/券種1
  [2613/4237] 517451 ９/２１🎂伊織生誕祭in東京 公演2/券種2
  [2614/4237] 516788 舞台袖！芸人無料食堂9月号 公演1/券種1
  [2615/4237] 515737 天火×SAKE JAPAN 日本酒飲み比べ会feat.やん 公演1/券種1
  [2616/4237] 515253 第55回 紅愛寿司 公演1/券種1
  [2617/4237] 515054 行くぜ 宝船温泉(ゆいざらす付き) 公演1/券種1
  [2618/4237] 496899 EIKUN SAKE STAND -蔵で乾杯- 公演1/券種1
  [2619/4237] 499188 Kitty's Midwinter Reverie and Gree 公演1/券種1
  [2620/4237] 524091 【見逃し配信】苫小牧ふたば幼稚園 らっこ・こあら・ぱんだ・りす組運動 公演1/券種1
  [2621/4237] 523953 HARADA 公演1/券種1
  [2622/4237] 521047 【10月18日(日) 】トリック・オア・トリート・ラリー｜#ありハロ 公演10/券種10
  [2623/4237] 521045 【10月17日(土) 】トリック・オア・トリート・ラリー｜#ありハロ 公演10/券種10
  [2624/4237] 521035 【10月12日(月祝) 】トリック・オア・トリート・ラリー｜#ありハ 公演10/券種10
  [2625/4237] 521032 【10月11日(日) 】トリック・オア・トリート・ラリー｜#ありハロ 公演10/券種10
  [2626/4237] 520982 【10月10日(土) 】トリック・オア・トリート・ラリー｜#ありハロ 公演10/券種10
  [2627/4237] 523739 第7回 一輪花 堺花火まつり 公演1/券種1
  [2628/4237] 523474 わんわんウオーク in 福島２０２６ 公演1/券種17
  [2629/4237] 521936 てだこランタンナイト2026 in 浦添城跡 公演1/券種0
  [2630/4237] 519981 ２０２６あいづ新米ウオーク 公演1/券種8
  [2631/4237] 515252 【9月23日(水祝)】ハイハイレース参加チケット｜Thanksママフ 公演5/券種5
  [2632/4237] 515245 【9月22日(火)】ハイハイレース参加チケット｜Thanksママフォ 公演5/券種5
  [2633/4237] 518988 Christmas Concert-3つの音色で紡ぐクリスマス- 公演1/券種2
  [2634/4237] 518014 BrightEnglish ハロウィンパーティ 2026 公演1/券種1
  [2635/4237] 517775 【１０月】月イチ納屋橋笑劇場 第一部、第二部通し券 公演1/券種3
  [2636/4237] 516216 演芸集団FEC旗揚げ33周年記念公演〜フリーエンジョイチャンピオン〜 公演1/券種3
  [2637/4237] 512663 9月FECお笑い劇場 公演1/券種2
  [2638/4237] 509106 みうら観光大使・ たんぽぽ川村エミコプロデュース 「White Ha 公演1/券種2
  [2639/4237] 510150 Bright Art House Autumn Workshops  公演1/券種1
  [2640/4237] 510146 Bright Art House Autumn Workshops  公演1/券種1
  [2641/4237] 506245 オブスタクルボックスチャレンジ Autumn 2026 in 中目黒 公演3/券種3
  [2642/4237] 520631 第53回『江ノ島コスプレ祭 花火スペシャル FINAL』 公演1/券種5
  [2643/4237] 518822 第8回ひまわり麻雀大会【菅原千瑛プロ】 公演1/券種1
  [2644/4237] 515093 Anison Pole Night Vol.2 公演1/券種1
  [2645/4237] 508284 第52回『江ノ島コスプレ祭』 公演1/券種6
  [2646/4237] 502545 うちの子お披露目会〜キャラコミクリエイトマーケット〜サークル参加申込 公演1/券種1
  [2647/4237] 523821 てよんてよん祭り〜はじめての残暑〜 公演1/券種1
  [2648/4237] 522471 Cinderella Session 🤍特別な撮影会 公演8/券種8
  [2649/4237] 520348 SHISHA CIRCUIT / TEST LAP 公演2/券種4
  [2650/4237] 517132 hakusan vintage market DAY2 公演1/券種1
  [2651/4237] 514402 筋トレオフ会&焼肉オフ会 公演1/券種1
  [2652/4237] 514000 Cinderella Session 🤍特別な撮影会 公演9/券種9
  [2653/4237] 509984 hakusan vintage market 公演1/券種1
  [2654/4237] 518910 ✧˚₊‧RENARD × Cherrypick Costume Ex 公演4/券種4
  [2655/4237] 523810 れなてん着物撮影会 公演6/券種6
  [2656/4237] 523640 MOSにチョップしたらタイムスリップした 公演2/券種2
  [2657/4237] 523579 黒咲りの定期オフ会 公演1/券種1
  [2658/4237] 523562 10/8(木)17:00 無料ライブ パワーオブフリー(Ｓ) vol 公演1/券種1
  [2659/4237] 523558 10/4(日)19:00 無料ライブ パワーオブフリー(Ｓ) vol 公演1/券種1
  [2660/4237] 523368 すぺしゃるロケ撮 vol.2 公演2/券種2
  [2661/4237] 522224 演劇集団GreenScales ２０２６ 冬 珈琲クローバー 公演1/券種1
  [2662/4237] 522223 演劇集団GreenScales ２０２６ 冬 珈琲クローバー 公演1/券種1
  [2663/4237] 522219 演劇集団GreenScales ２０２６ 冬 珈琲クローバー 公演1/券種1
  [2664/4237] 522218 演劇集団GreenScales ２０２６ 冬 珈琲クローバー 公演1/券種1
  [2665/4237] 523098 ハロウィンスタジオシェア企画 公演5/券種10
  [2666/4237] 523200 しぃみゅーじあむ撮影会 【肉細工】専用予約ページ 公演1/券種7
  [2667/4237] 523188 しぃみゅーじあむ撮影会 【淡乃麻。】専用予約ページ 公演1/券種4
  [2668/4237] 523186 しぃみゅーじあむ撮影会 【せあら】専用予約ページ 公演1/券種7
  [2669/4237] 523184 しぃみゅーじあむ撮影会 【あこ】専用予約ページ 公演1/券種7
  [2670/4237] 523183 しぃみゅーじあむ撮影会 【東雲あず】専用予約ページ 公演1/券種7
  [2671/4237] 523182 しぃみゅーじあむ撮影会 【天乃そら 】専用予約ページ 公演1/券種8
  [2672/4237] 523180 しぃみゅーじあむ撮影会 【まろにー】専用予約ページ 公演1/券種7
  [2673/4237] 523178 しぃみゅーじあむ撮影会 【海乃クリオネ 】専用予約ページ 公演1/券種7
  [2674/4237] 523176 しぃみゅーじあむ撮影会 【ちゃんみろ】専用予約ページ 公演1/券種8
  [2675/4237] 523175 しぃみゅーじあむ撮影会 【ゲストモデル さやちゃん 】専用予約ページ 公演1/券種7
  [2676/4237] 523168 しぃみゅーじあむ撮影会 【ください。 】専用予約ページ 公演1/券種7
  [2677/4237] 523072 ミライビト vol.121 公演1/券種2
  [2678/4237] 523064 R-1グランプリ１回戦対策バトルＡ 公演1/券種1
  [2679/4237] 522967 ALL FUNNY 2 公演2/券種6
  [2680/4237] 522791 ひかなると楽しくお茶しませんか？ 公演2/券種2
  [2681/4237] 522703 ファンクラブ限定ディナー会 公演1/券種1
  [2682/4237] 516506 同日後夜祭withたれながし 公演1/券種1
  [2683/4237] 521357 9月26日(土)吹雪 浴衣撮影会🩷 公演2/券種3
  [2684/4237] 522067 はるみソロイベント 15 公演1/券種1
  [2685/4237] 521392 酒まつりジャパンautumn 公演1/券種1
  [2686/4237] 516848 テーブルトーク・リーディングナイトvol.1 公演1/券種3
  [2687/4237] 521964 はるみソロイベント 14 公演1/券種1
  [2688/4237] 519024 酒と怪と男と女7 公演1/券種1
  [2689/4237] 521872 McDog Works presents「伊勢神宮いこに。」 公演1/券種1
  [2690/4237] 521787 選抜男女対抗戦 vol.6 公演1/券種1
  [2691/4237] 521741 M-1グランプリ２回戦対策バトルＢ 公演1/券種1
  [2692/4237] 521733 ミライビト vol.120 公演1/券種2
  [2693/4237] 521587 イルミネーションコスプレイベント 公演1/券種2
  [2694/4237] 521580 織原レイ神楽ひらん合同撮影会 公演6/券種12
  [2695/4237] 521381 【GM：北沢慶】9/29 19-22時 『ソード・ワールド2.5 マ 公演1/券種1
  [2696/4237] 493537 第2回 日本テニスクラブリーグ（NTCL） 公演1/券種5
  [2697/4237] 521249 シャッター音を鳴らしても怒られないライブ vol.1 公演1/券種1
  [2698/4237] 521242 からんの部屋 HARD bOx 公演1/券種2
  [2699/4237] 520893 まったりみさんぽグルメvol.24 (in 多摩) 公演1/券種2
  [2700/4237] 521142 東堂海紗生誕BARイベント 公演1/券種4
  [2701/4237] 521213 ぜろよる花火 公演1/券種1
  [2702/4237] 515539 槙原唯のチェキ会&私物サイン会 公演1/券種1
  [2703/4237] 520727 Del Tesoro スタジオシェア企画 公演3/券種15
  [2704/4237] 520458 9月26日(土)『燦楽景 浴衣撮影会🌅』 公演2/券種3
  [2705/4237] 518080 新井乃愛ファンミーティング vol.1 公演1/券種1
  [2706/4237] 520356 まったりみさんぽグルメvol.25 公演2/券種2
  [2707/4237] 520251 花乃衣美優オンライン（9/18） 公演1/券種1
  [2708/4237] 520051 9/27(日)20:00 無料ライブ パワーオブフリー(Ｓ) vol 公演1/券種1
  [2709/4237] 520050 9/22(火祝)12:30 無料ライブ パワーオブフリー(Ｓ) vo 公演1/券種1
  [2710/4237] 520045 9/20(日)12:45 無料ライブ パワーオブフリー(Ｓ) vol 公演1/券種1
  [2711/4237] 519965 個別撮影会📷✨In浅草エリア👘 公演1/券種9
  [2712/4237] 519868 綺星うき生誕祭 公演2/券種2
  [2713/4237] 519631 9/20（日）「Lueur Photo Session-夜咲ルアお誕 公演5/券種5
  [2714/4237] 519152 まゆかとほろよい。vol.2 公演1/券種1
  [2715/4237] 519140 まゆかと撮影📷 公演5/券種5
  [2716/4237] 517909 【追加募集】第３弾「乱太郎とめぐるふしぎな世界」朗読会 公演2/券種2
  [2717/4237] 510288 コウタ10周年LIVE MANYMANYHAPPY～コウタのやりたい 公演1/券種0
  [2718/4237] 519266 おおいたハロウィンコスプレイベント 公演1/券種2
  [2719/4237] 517483 はっちゃけライブvol.9 公演1/券種1
  [2720/4237] 518848 ぺちかん手料理シャンパンオフ会！ 公演1/券種1
  [2721/4237] 514245 合同屋形船イベント⟡꙳ 公演1/券種1
  [2722/4237] 518268 【ガチンコナイト！スピンオフ企画】北千住坂ナイト！ 公演1/券種1
  [2723/4237] 518158 mow!🐮滅茶苦茶にして〜‼︎ 公演1/券種1
  [2724/4237] 517836 9/30(水)爆令～爆笑注意報発令 笑いの高波にご注意ください～ 公演1/券種1
  [2725/4237] 517430 宮島小百合 個人撮影会 Vo.4 公演8/券種8
  [2726/4237] 517498 ミライビト vol.119 公演1/券種2
  [2727/4237] 517489 2分15秒で強制暗転するネタバトル vol.7 公演1/券種1
  [2728/4237] 517416 10/4(日)秋葉原開催・真昼のポートレート交流会 公演1/券種1
  [2729/4237] 517253 エフスペ江戸川橋 スタジオシェア企画 公演5/券種15
  [2730/4237] 517013 朗読タイムレスストーリーシリーズ⑪ 梶井基次郎『檸檬』／芥川龍之介『 公演1/券種2
  [2731/4237] 516834 『セルフヘルプ・クッキング！』2026年９月２０日（日） 公演1/券種1
  [2732/4237] 516693 ハロウィンお茶会【Halloween Rose Nocturne ― 公演1/券種1
  [2733/4237] 515206 BFF Pool Photo Session 2026【9/27】 公演5/券種5
  [2734/4237] 490860 BFF Pool Photo Session 2026【9/26】 公演5/券種5
  [2735/4237] 516328 三光コスモス祭り コスプレイベント 公演1/券種2
  [2736/4237] 515968 ミライビト vol.118 公演1/券種2
  [2737/4237] 515036 School STAGE Mini vol.3 公演2/券種2
  [2738/4237] 515034 School STAGE Mini vol.3 公演2/券種2
  [2739/4237] 514637 M-1グランプリ２回戦対策バトルＡ 公演1/券種1
  [2740/4237] 514628 イチバンボシ vol.75 公演1/券種2
  [2741/4237] 514602 頑張れ！大喜利幼稚園！ 公演1/券種1
  [2742/4237] 512528 増田寿司 公演1/券種1
  [2743/4237] 513754 なつぱんだお誕生日ごはんオフ会 公演1/券種1
  [2744/4237] 512805 安定感企画番外編「メリゴ麻雀大会！50回目」 公演1/券種1
  [2745/4237] 505771 おうどんと愉快な仲間たちよる10月のつどい 公演1/券種2
  [2746/4237] 513424 ツキノワキャンプ 公演1/券種2
  [2747/4237] 513235 【各部】NANIWA SPLASH - DAY 1 - 公演4/券種4
  [2748/4237] 513201 【通し】NANIWA SPLASH 公演2/券種2
  [2749/4237] 513236 【各部】NANIWA SPLASH - DAY 2 - 公演4/券種4
  [2750/4237] 513070 和泉茉那独演会- 鏡 - 公演1/券種1
  [2751/4237] 507803 KYOTO AQUARIUM NIGHT 公演3/券種6
  [2752/4237] 512126 オンライン物販 リモチェキワイド（10/11） 公演1/券種1
  [2753/4237] 512124 オンライン物販 リモチェキ（10/11） 公演1/券種1
  [2754/4237] 510943 Gスタ★沖縄・撮影会（Ⅳ） 公演2/券種3
  [2755/4237] 511549 SPLASH SUMMER #すぷさま -Happy Yellow  公演2/券種3
  [2756/4237] 511545 SPLASH SUMMER #すぷさま -Happy Yellow  公演2/券種3
  [2757/4237] 511539 SPLASH SUMMER #すぷさま -Happy Yellow  公演2/券種3
  [2758/4237] 509859 スナックSHOHEI 公演4/券種4
  [2759/4237] 509534 おもてなしぃ〜SPECIAL Vol.5 公演1/券種1
  [2760/4237] 509531 おもてなしぃ〜Vol.5 公演1/券種1
  [2761/4237] 508533 SALSATION MC with SMT Grace in 北海道 公演1/券種1
  [2762/4237] 508775 桜まなみ×境浬奈 カラオケ交流イベント 公演1/券種1
  [2763/4237] 497919 第３弾「乱太郎とめぐるふしぎな世界」朗読会 公演2/券種2
  [2764/4237] 501007 カムチンカレーフェス(ミニ) 公演1/券種2
  [2765/4237] 505840 第2回 ちもっち撮影会 公演5/券種20
  [2766/4237] 504656 LIVE！キョートリアル～恋の花咲くときもある的チュートリアル～グッ 公演1/券種24
  [2767/4237] 499602 みたらしうにに生誕祭 32th Anniversary 公演3/券種3
  [2768/4237] 502291 『Bistro☆DAISHI4』 公演1/券種1
  [2769/4237] 495935 『Ristorante 陽だまり』 公演1/券種1
  [2770/4237] 484527 【10月29日】NDプラットフォーム プロデュース公演『煙が目にしみ 公演2/券種8
  [2771/4237] 482077 もののけフェス2026【チケット先行案内登録】 公演1/券種1
  [2772/4237] 524000 第2回ナカヤ×みーと肉汁 ツーマンライブ『もっともっと考えたくなる感 公演1/券種1
  [2773/4237] 524047 トッパ！！！#2 公演1/券種1
  [2774/4237] 523837 ストライク侍の一時帰阪 公演1/券種1
  [2775/4237] 523550 ケイダッシュゴールドライブ 公演1/券種1
  [2776/4237] 524021 しなやかな竹 公演1/券種1
  [2777/4237] 524013 シアターワークスvol.20 公演1/券種1
  [2778/4237] 523941 たいようさんさんライブ Vol.9 公演1/券種1
  [2779/4237] 523991 無敵の2人 公演1/券種1
  [2780/4237] 523980 シン・落語 公演1/券種3
  [2781/4237] 523969 仙台のオンラインお笑いライブ「タケニスズメTV生配信版39」 公演1/券種1
  [2782/4237] 523894 のどごし×ポップホップ ２マン漫才ライブ 公演1/券種1
  [2783/4237] 523929 中華兄弟以外全員女芸人 公演1/券種1
  [2784/4237] 523972 ヤングの飛んでる寄席 公演1/券種1
  [2785/4237] 523948 縁 公演1/券種1
  [2786/4237] 523940 バチバチ 公演1/券種1
  [2787/4237] 523937 漫才操業93/94 公演1/券種1
  [2788/4237] 523928 万博 公演1/券種1
  [2789/4237] 523310 2015→vol.23 公演1/券種1
  [2790/4237] 523874 GET READY FOR THE NEXT BATTLE 公演1/券種1
  [2791/4237] 523893 わがまま寄席〜ビリヤニ編〜 公演1/券種1
  [2792/4237] 523891 秋刀魚食べよ！ボンバーマンの新ネタライブ！ 公演1/券種1
  [2793/4237] 523867 ニシネ死ネ死ネ団 vol.205【2026 10/15(木)】 公演1/券種1
  [2794/4237] 523849 第17回古今亭今いちの一から二時間三題噺 公演1/券種1
  [2795/4237] 523832 帝国学園 公演1/券種1
  [2796/4237] 523844 漫才の二択《第一部》《第二部》 公演2/券種2
  [2797/4237] 523747 第22回笑い野女子大 公演1/券種1
  [2798/4237] 523813 たかのたかし単独ライブ高嶺の噺vol.1 公演1/券種2
  [2799/4237] 523787 10/3(土)ワンコイン30分お笑いライブ「シモキタキャラバン」 公演1/券種1
  [2800/4237] 523783 9/24 池袋ネタバトルライブ「トンプウ」 公演1/券種1
  [2801/4237] 523773 花吉の60分漫才 公演1/券種1
  [2802/4237] 523772 カジュアルトーク 公演1/券種1
  [2803/4237] 523771 サファイアvol.50 公演1/券種1
  [2804/4237] 523763 3PEACEカジュアル 公演1/券種1
  [2805/4237] 523762 お笑いブレイクトリガー vol.24 公演1/券種1
  [2806/4237] 523757 ラフステージOSAKA 公演1/券種1
  [2807/4237] 523756 WA!CODE! vol.2 公演1/券種1
  [2808/4237] 523753 ガールズバンド「gasag0s0...」解散ライブ“これまで～これか 公演1/券種1
  [2809/4237] 523598 優グレ者 公演1/券種1
  [2810/4237] 523746 お笑いバトル 京極Ⅵ Vol.6 公演1/券種4
  [2811/4237] 523713 デスゲーム会場寄席 公演1/券種1
  [2812/4237] 522855 笑顔の未来へ 公演1/券種1
  [2813/4237] 523706 ほっぺたぷるんぷるん2 公演1/券種1
  [2814/4237] 523668 大阪松竹ビギナー会 ～ネタとセミナー～ 公演1/券種1
  [2815/4237] 523681 ひこーき雲のネタ作り(仮)vol.60 公演1/券種1
  [2816/4237] 523077 ストレンジ・ラボ vol.2 公演1/券種1
  [2817/4237] 523676 マツモトクラブとヒロ・オクムラ 公演1/券種1
  [2818/4237] 523333 メガネロック大屋がR-1グランプリで優勝する為のライブ〜神奈月〜 公演1/券種1
  [2819/4237] 523660 『この先 笑いあり』 公演1/券種2
  [2820/4237] 523659 春組織×十九人×鉄筋くらぶ57×はるかぜとともに【リミナル】 公演1/券種1
  [2821/4237] 523655 ない概論 18 公演1/券種1
  [2822/4237] 523347 まっすぐフェスティバル 公演1/券種1
  [2823/4237] 523644 あずみ三本 公演1/券種1
  [2824/4237] 523646 NASUBI 公演1/券種1
  [2825/4237] 523527 THE ANDO第１回単独ライブ 公演1/券種1
  [2826/4237] 523614 IOK秋学外ライブ2026『秋子におまかせ！』vol.4 公演1/券種1
  [2827/4237] 523612 IOK秋学外ライブ2026『秋子におまかせ！』vol.3 公演1/券種1
  [2828/4237] 523611 IOK秋学外ライブ2026『秋子におまかせ！』vol.2 公演1/券種1
  [2829/4237] 523610 IOK秋学外ライブ2026『秋子におまかせ！』vol.1 公演1/券種1
  [2830/4237] 523606 ナショグルバトルライブ『グルメヤクザ』〜3皿目〜 公演1/券種1
  [2831/4237] 523602 カジュアルトーク 公演1/券種1
  [2832/4237] 523596 深海バナナ 〜最終回〜 公演1/券種1
  [2833/4237] 523583 番狂わせ2 公演1/券種1
  [2834/4237] 523169 永年勤続表彰 #5 公演1/券種1
  [2835/4237] 523167 勤続表彰#5 公演1/券種1
  [2836/4237] 523580 LUDO25期同期ライブ「まがりなりにも5」 公演1/券種1
  [2837/4237] 523578 【当日券】9/21(月祝)開催！ルシファー吉岡ネタライブ2026＠ユ 公演2/券種2
  [2838/4237] 523528 TITAN KIKAKU LIVE 公演1/券種1
  [2839/4237] 523128 タスライブ 公演1/券種1
  [2840/4237] 523538 自分の長所を10個ずつ言い合うライブ 公演1/券種2
  [2841/4237] 523537 60分即興コント 公演1/券種2
  [2842/4237] 523414 60分即興漫才 公演1/券種2
  [2843/4237] 523536 エレクトロ アルファ 公演1/券種1
  [2844/4237] 523408 静と動2 公演1/券種1
  [2845/4237] 523483 10/12(月祝)バティオスで#ワイガヤ《3部》 公演1/券種1
  [2846/4237] 523481 10/12(月祝)バティオスで#ワイガヤ《2部》 公演1/券種1
  [2847/4237] 523472 【19時開演】10/20(火)開催！「マセキ芸人アカデミーライブ」 公演1/券種1
  [2848/4237] 523480 10/12(月祝)バティオスで#ワイガヤ《1部》 公演1/券種1
  [2849/4237] 523151 マツモトクラブpresents《びーちぶのピン芸人 vol.1》 公演1/券種1
  [2850/4237] 523461 お笑いライブ💰RAGS TO RICHES.vol.936💰 公演1/券種1
  [2851/4237] 523460 お笑いライブ💰RAGS TO RICHES.vol.935💰 公演1/券種1
  [2852/4237] 523458 お笑いライブ💰RAGS TO RICHES.vol.933💰 公演1/券種1
  [2853/4237] 523459 お笑いライブ💰RAGS TO RICHES.vol.934💰 公演1/券種1
  [2854/4237] 523457 漫才と歌。vol.2 公演1/券種1
  [2855/4237] 523429 モコチャ 〜小競り合いオリンピック編〜 公演1/券種1
  [2856/4237] 523425 宮益 公演1/券種1
  [2857/4237] 523407 チーム友達 vol.25 公演1/券種2
  [2858/4237] 516765 BOOSTER vol.9 公演1/券種1
  [2859/4237] 516764 BOOSTER vol.8 公演1/券種1
  [2860/4237] 523387 大喜利予備校 公演1/券種1
  [2861/4237] 523381 大喜利コントライフ「シナギリオライターvol.13」 公演1/券種1
  [2862/4237] 518395 言葉豆楽 其の弐 公演1/券種1
  [2863/4237] 523376 10/10(土)V-1で#ワイガヤ《3部》 公演1/券種1
  [2864/4237] 523374 10/10(土)V-1で#ワイガヤ《2部》 公演1/券種1
  [2865/4237] 523162 コント製作所・9月29日(火) 公演1/券種1
  [2866/4237] 523372 10/10(土)V-1で#ワイガヤ《1部》 公演1/券種1
  [2867/4237] 523371 10/5(月)V-1で#ワイガヤ 公演1/券種1
  [2868/4237] 523366 10/7(水)【機密の放課後（ナイトフィーバー）〜さよならへの数ヶ月 公演1/券種1
  [2869/4237] 523359 【第2回】爆ぜモード 公演1/券種1
  [2870/4237] 522103 YOIYOSE 181 @中野の劇場サッチー 公演1/券種1
  [2871/4237] 522102 YOIYOSE 180 @中野の劇場サッチー 公演1/券種1
  [2872/4237] 522101 YOIYOSE 179 @中野の劇場サッチー 公演1/券種1
  [2873/4237] 522993 東笑亭ガーシー 落語巡業 公演1/券種3
  [2874/4237] 522983 東笑亭ガーシー 落語巡業 公演1/券種3
  [2875/4237] 523003 東笑亭ガーシー 落語巡業 公演1/券種3
  [2876/4237] 522999 東笑亭ガーシー 落語巡業 公演1/券種3
  [2877/4237] 523000 東笑亭ガーシー 落語巡業 公演1/券種3
  [2878/4237] 522998 東笑亭ガーシー 落語巡業 公演1/券種3
  [2879/4237] 522996 東笑亭ガーシー 落語巡業 公演1/券種3
  [2880/4237] 522992 東笑亭ガーシー 落語巡業 公演1/券種3
  [2881/4237] 522984 東笑亭ガーシー 落語巡業 公演1/券種3
  [2882/4237] 522348 東笑亭ガーシー 落語巡業 公演1/券種3
  [2883/4237] 522977 東笑亭ガーシー 落語巡業 公演1/券種3
  [2884/4237] 522100 YOIYOSE 178 @中野の劇場サッチー 公演1/券種1
  [2885/4237] 522099 YOIYOSE 177 @中野の劇場サッチー 公演1/券種1
  [2886/4237] 522098 YOIYOSE 176 @中野の劇場サッチー 公演1/券種1
  [2887/4237] 522096 YOIYOSE 175 @中野の劇場サッチー 公演1/券種1
  [2888/4237] 522095 YOIYOSE 174 @中野の劇場サッチー 公演1/券種1
  [2889/4237] 522082 YOIYOSE 173 @中野の劇場サッチー 公演1/券種1
  [2890/4237] 523291 TASOGARE YOSE 85 @中野の劇場サッチー 公演1/券種1
  [2891/4237] 523290 TASOGARE YOSE 84 @新宿バッシュ!! 公演1/券種1
  [2892/4237] 523323 ギャノンの久しぶりトークライブ（タイトル仮） 公演1/券種1
  [2893/4237] 523318 ギャノン新ネタライブ（タイトル仮） 公演1/券種1
  [2894/4237] 523074 HAKUCHU YOSE 21 @新宿ハイジアV-1 公演1/券種1
  [2895/4237] 523073 HAKUCHU YOSE 20 @中野の劇場サッチー 公演1/券種1
  [2896/4237] 514777 みんなのペチカvol.221 公演2/券種4
  [2897/4237] 522118 みんなのペチカvol.222 公演2/券種4
  [2898/4237] 522741 サンミュージック GETライブ2日目【G1・G2クラス】 公演1/券種1
  [2899/4237] 522738 サンミュージック プレGETシアターＡ 公演1/券種1
  [2900/4237] 522740 サンミュージック GETライブ1日目【G3クラス】 公演1/券種1
  [2901/4237] 522739 サンミュージック プレGETシアターＢ 公演1/券種1
  [2902/4237] 522956 第3回経商法定期ライブ｢改新｣Vol.1 公演1/券種1
  [2903/4237] 522995 第3回経商法定期ライブ｢改新｣Vol.3 公演1/券種1
  [2904/4237] 522986 第3回経商法定期ライブ｢改新｣Vol.2 公演1/券種1
  [2905/4237] 521489 カヌン新ネタライブ「いい家 vol.1」 公演1/券種1
  [2906/4237] 523126 Wonderwaveお笑いライブVol.80~大波・中波・小波~ 公演3/券種3
  [2907/4237] 523090 ピーターパンジュンコローム秩序〜祝い〜 公演1/券種1
  [2908/4237] 522730 備忘録 其の16 公演1/券種1
  [2909/4237] 523229 THE M 公演1/券種1
  [2910/4237] 523207 N 2, 3 minutes 公演1/券種1
  [2911/4237] 523206 N 2, 3 minutes 公演1/券種1
  [2912/4237] 523205 N 2, 3 minutes 公演1/券種1
  [2913/4237] 523174 【19時開演】10/19(月)開催！「マセキジュニアユースライブ」 公演1/券種1
  [2914/4237] 523157 リップグリップの歓談 公演1/券種1
  [2915/4237] 523149 放課後30 【株式会社J-SHIP主催】 公演1/券種1
  [2916/4237] 523040 寄席+LIVE Vol.79 公演1/券種1
  [2917/4237] 523092 サンプンライブ！！！ 公演1/券種1
  [2918/4237] 522840 伍穀豊穣 vol.19 公演1/券種1
  [2919/4237] 523119 Flamboyant6 公演1/券種2
  [2920/4237] 523118 小糸と松井は微話法師 vol.1 公演1/券種1
  [2921/4237] 523117 ドラマ・ロン・ロボ・バトルvol.5 公演1/券種1
  [2922/4237] 519905 しのちゃん寄席 vol.2 公演1/券種1
  [2923/4237] 523110 奥座敷カイル誕生祭「誕生日座敷祝われル」 公演1/券種1
  [2924/4237] 523105 トルイチ vol.15 公演1/券種1
  [2925/4237] 516763 BOOSTER vol.7 公演1/券種1
  [2926/4237] 523084 情熱 公演1/券種1
  [2927/4237] 523005 ぶび×10×2 公演1/券種1
  [2928/4237] 523083 木曜会Z 4年同期ライブ『19ボックス』 公演1/券種1
  [2929/4237] 523080 関西選抜 Vol.6 公演1/券種1
  [2930/4237] 523079 青秋ライブ 公演1/券種1
  [2931/4237] 523060 飛び立ちたい vol.19 公演1/券種1
  [2932/4237] 523066 ドリームメイト 公演1/券種1
  [2933/4237] 523075 浅草寄席芸人大集合スペシャルライブ5 公演1/券種1
  [2934/4237] 523067 コントのコンちゃんvol.1 公演1/券種1
  [2935/4237] 522884 お笑いライブ🍂バラクーダ 152🍂 公演1/券種1
  [2936/4237] 523047 ミラーーラミ 公演1/券種1
  [2937/4237] 516205 池袋漫才 公演1/券種1
  [2938/4237] 523038 11/1(日) としかわトーク有観客ライブ(としみつ生誕祭3部) 公演1/券種1
  [2939/4237] 523016 漫才大陸 公演1/券種1
  [2940/4237] 523032 11/1(日) 雰囲気イケメンの女口説きライブ(としみつ生誕祭2部) 公演1/券種1
  [2941/4237] 523029 11/1(日) マジとしみつ単独ライブ(としみつ生誕祭1部) 公演1/券種1
  [2942/4237] 523014 お笑いライブ💰RAGS TO RICHES.vol.931💰 公演1/券種1
  [2943/4237] 523013 お笑いライブ💰RAGS TO RICHES.vol.930💰 公演1/券種1
  [2944/4237] 523015 お笑いライブ💰RAGS TO RICHES.vol.932💰 公演1/券種1
  [2945/4237] 522985 マルティヌス 公演1/券種1
  [2946/4237] 522994 推しプロコム~ホリプロコム箱推し計画~ 公演1/券種1
  [2947/4237] 515960 しのちゃん第一回単独ライブ『シノシンカ！！』 公演1/券種1
  [2948/4237] 522854 つげカナイ越智トークライブ「HAPPY HOUR vol.7」 公演1/券種1
  [2949/4237] 522941 【京都開催】二足のわらじvol.268 公演1/券種1
  [2950/4237] 522940 【京都開催】二足のわらじvol.263 公演1/券種1
  [2951/4237] 520282 火力vol.2 公演1/券種1
  [2952/4237] 522913 九月 渋谷公演「変な虹を成す６」 公演1/券種1
  [2953/4237] 522299 どくさいスイッチ企画×ヒロ・オクムラ JAZZ 公演1/券種1
  [2954/4237] 522889 二足のわらじvol.270 公演1/券種1
  [2955/4237] 522881 二足のわらじvol.269 公演1/券種1
  [2956/4237] 522880 二足のわらじvol.267 公演1/券種1
  [2957/4237] 522878 二足のわらじvol.266 公演1/券種1
  [2958/4237] 522877 二足のわらじvol.265 公演1/券種1
  [2959/4237] 522876 二足のわらじvol.264 公演1/券種1
  [2960/4237] 522875 二足のわらじvol.261 公演1/券種1
  [2961/4237] 522873 二足のわらじvol.262 公演1/券種1
  [2962/4237] 522852 X文学 宮沢賢治『注文の多い料理店』編 公演1/券種1
  [2963/4237] 522831 びっふぃず 公演1/券種1
  [2964/4237] 522830 ミ・ァモール・クリニック 公演1/券種1
  [2965/4237] 522829 第5回マルチ笑法セミナー 公演1/券種1
  [2966/4237] 522792 エンディングリセマラライブ 公演1/券種1
  [2967/4237] 522786 リンドバーグvs4人のパラレル舛谷 公演1/券種1
  [2968/4237] 522790 三八迷宮案内 公演1/券種1
  [2969/4237] 521746 SPECIAL WALIVE 公演1/券種1
  [2970/4237] 522768 ネタライブ「あんら ~ツナマヨ編~」 公演1/券種1
  [2971/4237] 522416 太田プロ〜秋の陣〜 公演1/券種1
  [2972/4237] 515090 ギリ³範疇 公演1/券種1
  [2973/4237] 522736 お笑いライブ💰RAGS TO RICHES.vol.929💰 公演1/券種1
  [2974/4237] 522735 お笑いライブ💰RAGS TO RICHES.vol.928💰 公演1/券種1
  [2975/4237] 522733 お笑いライブ💰RAGS TO RICHES.vol.927💰 公演1/券種1
  [2976/4237] 522687 ロッカールーム vol.22 公演1/券種1
  [2977/4237] 522677 虹の黄昏のお腹いっぱい夢いっぱいライブ 公演1/券種1
  [2978/4237] 522675 チームマジ愉快の大喜利ライブ vol.1 公演1/券種1
  [2979/4237] 522662 アッパレライブ207 公演1/券種2
  [2980/4237] 522648 【19時開演】10/7(水)開催！マセキ芸能社定例ライブ「アンスリウ 公演1/券種1
  [2981/4237] 522614 同期同期させてよ♡vol.8 公演1/券種1
  [2982/4237] 522637 窓ルドアウトvol.4 公演2/券種3
  [2983/4237] 522631 公開山パーティ 公演1/券種1
  [2984/4237] 522624 まSUらO ⑤ 公演1/券種1
  [2985/4237] 520656 アイドルマスター大好き芸人ライブ「なんどでも笑わそう」 公演1/券種1
  [2986/4237] 522604 マジカル・ミラクル〜お客様20名下回ったら消滅するライブ〜 公演1/券種1
  [2987/4237] 522616 CCC第12回単独ライブ｢バク｣ 公演1/券種1
  [2988/4237] 522594 9月定期ライブ「このたん2回目の秋」vol.2 公演1/券種1
  [2989/4237] 522593 9月定期ライブ「このたん2回目の秋」vol.1 公演1/券種1
  [2990/4237] 521405 第六回！高音和室界隈 公演1/券種1
  [2991/4237] 522596 プラネット vol.1 公演1/券種1
  [2992/4237] 522459 ラブリーポーションきゅあきゅあハッピートークライブ 公演1/券種1
  [2993/4237] 522297 おばあさんに有利すぎる大会（A席） 公演1/券種1
  [2994/4237] 521984 【10/11 day2】コント集団ナナペーハー第51回公演「これって 公演1/券種1
  [2995/4237] 521980 【10/10 day1】コント集団ナナペーハー第51回公演「これって 公演1/券種1
  [2996/4237] 522296 おばあさんに有利すぎる大会（S席特典あり） 公演1/券種1
  [2997/4237] 522589 NARUTO疾風伝 公演1/券種1
  [2998/4237] 522586 カナメストーン全国ライブ「粉吹いてんのかよ」名古屋公演 公演1/券種1
  [2999/4237] 522579 プロ野球のモノマネとかトークを野球がない日にしよう！vol.2 公演1/券種1
  [3000/4237] 522515 ぺるせぽね単独ライブ「Q」 公演1/券種1
  [3001/4237] 520801 学生・社会人合同コントパーティー 〜合同コンパ〜九次会 公演1/券種1
  [3002/4237] 522533 スーパービリヤニ寄席 公演1/券種1
  [3003/4237] 522566 よせよせ寄席vol.84 公演1/券種1
  [3004/4237] 522564 よせよせ寄席vol.83 公演1/券種1
  [3005/4237] 522562 よせよせ寄席vol.82 公演1/券種1
  [3006/4237] 515635 満20 公演1/券種1
  [3007/4237] 522561 最強寄席 vol.14 公演1/券種1
  [3008/4237] 522560 ミューネクスト！２ vol.38 公演1/券種1
  [3009/4237] 522558 ミューネクスト！２ vol.37 公演1/券種1
  [3010/4237] 522557 ミューネクスト！２ vol.36 公演1/券種1
  [3011/4237] 522541 エチゼンクラゲ 公演1/券種1
  [3012/4237] 522514 マセキ短歌会 8 公演1/券種1
  [3013/4237] 522446 ムーンライトお嬢様新ネタライブ〜ご意見番〜 公演1/券種1
  [3014/4237] 522445 ムーンライトお嬢様新ネタライブ〜ガールズバンド〜 公演1/券種1
  [3015/4237] 522493 相関図ライブ〜アホガード編〜 公演1/券種1
  [3016/4237] 522483 寄席なべ 公演2/券種4
  [3017/4237] 522453 9/19(土)エントリー制ライブ「キャラゴン」 公演1/券種1
  [3018/4237] 522452 センチネル×フランツ ツーマンライブ『SPORTS 4』 公演1/券種1
  [3019/4237] 522434 第４回 咲噺亭（さくはなてい） 公演1/券種1
  [3020/4237] 522424 #女子ガヤ 公演1/券種1
  [3021/4237] 522423 【第16回】副音声倶楽部 公演1/券種1
  [3022/4237] 522354 はこジャム的 偏愛コント採集 公演1/券種1
  [3023/4237] 522073 らくだは激怒した 公演1/券種1
  [3024/4237] 522413 『ホタルイカーニバル 2026 ～10月～』 会場＆配信チケット 公演1/券種2
  [3025/4237] 522346 第1回 FRONTIER 公演1/券種1
  [3026/4237] 522387 超獣漫才戯画 公演1/券種1
  [3027/4237] 522396 ちんすこうカーニバル Vol.8 公演1/券種1
  [3028/4237] 522341 バーゲン博覧会vol.3 公演1/券種1
  [3029/4237] 522374 9/29(火)【ゆらももかターン制修行ツーマンライブ〜円卓〜 デング 公演1/券種1
  [3030/4237] 522339 安西オサムひとり公演『YAKISOBA』〜③愛のソース味〜 公演1/券種4
  [3031/4237] 522337 安西オサムひとり公演『YAKISOBA』〜②浪漫の塩味〜 公演1/券種4
  [3032/4237] 522257 唇大組織大石 公演1/券種1
  [3033/4237] 521800 安西オサムひとり公演『YAKISOBA』〜①現実のしょうゆ味〜 公演1/券種4
  [3034/4237] 522205 お笑いを基礎からやってみるライブ 90分平場編 前編 公演1/券種1
  [3035/4237] 521886 「おしえて！グリーンムーン~第十話 ゲームマスターもじゃ~」 公演1/券種1
  [3036/4237] 522351 ごたいめんvol.33 公演1/券種1
  [3037/4237] 522349 PYRAMIDS（ピラミッズ）スペシャル 公演1/券種1
  [3038/4237] 518810 事務所対抗 NEXT芸人 ホリプロコム×吉本興業 公演1/券種1
  [3039/4237] 520212 浅草花劇場 お笑い特別企画 「浅草の、秋の夜⻑は、お笑いで。Vol. 公演2/券種6
  [3040/4237] 520272 10/1(木) なぞの芸能小劇場3 公演1/券種1
  [3041/4237] 520273 10/2(金) なぞの芸能小劇場3 公演1/券種1
  [3042/4237] 520274 10/5(月) なぞの芸能小劇場3 公演1/券種1
  [3043/4237] 522270 Mの意志 公演1/券種1
  [3044/4237] 522289 舐めてんじゃないよ、ウチは強いんだからね！ 公演1/券種1
  [3045/4237] 522278 必殺技レベル4 公演1/券種1
  [3046/4237] 522235 ワライブ vol.297 若手芸人ネタバトルライブ！ 公演1/券種1
  [3047/4237] 522234 ワライブ vol.296 若手芸人ネタバトルライブ！ 公演1/券種1
  [3048/4237] 522233 ワライブ vol.295 若手芸人ネタバトルライブ！ 公演1/券種1
  [3049/4237] 522232 ワライブ vol.294 若手芸人ネタバトルライブ！ 公演1/券種1
  [3050/4237] 522236 ワライブ vol.298 若手芸人ネタバトルライブ！ 公演1/券種1
  [3051/4237] 522173 ノガワタカアキ 公演1/券種1
  [3052/4237] 522025 ボートヨットカヌーだけの1時間のお笑いライブ 公演1/券種1
  [3053/4237] 522204 下克上ライブ 公演1/券種1
  [3054/4237] 522153 大喜利ライブ「きなびと利益60」 公演1/券種1
  [3055/4237] 522145 義母部４ 公演1/券種1
  [3056/4237] 522144 全部バターの中 公演1/券種1
  [3057/4237] 522088 クリスピーパーク【2026 10/1(木)】 公演1/券種1
  [3058/4237] 522108 第二十八回 驚天動地 公演1/券種1
  [3059/4237] 521755 春組織トークライブ『南国大気圏』2回目 公演1/券種2
  [3060/4237] 521320 思いっきりネタ5本 公演1/券種1
  [3061/4237] 522006 10/31(土)【新ネタ2本ずつ】漫才工作教室#34 公演1/券種1
  [3062/4237] 522068 新ネタライブ スペア 公演1/券種1
  [3063/4237] 519509 「サンナンズ小菅の新ギャグを見守る会」＆企画ライブ「大山大炎上」 公演3/券種3
  [3064/4237] 519192 マルアイライブ 公演1/券種1
  [3065/4237] 522051 引き分けたい！！ 公演1/券種1
  [3066/4237] 522015 第2回トンチキ武者修行〜トンチキが憧れる学生芸人に挑む〜 公演1/券種1
  [3067/4237] 521225 すがちゃん大ちゃんのカカリスギ公開収録 公演1/券種1
  [3068/4237] 522037 大喜利BAR 公演1/券種1
  [3069/4237] 522038 ピン芸賞レース予選対策模擬試験2027 公演1/券種1
  [3070/4237] 522031 裏13期の金曜日 公演1/券種1
  [3071/4237] 521882 ばたやんの コーナーライヴ vol.1〜ばたやんがコーナーいっぱい考 公演1/券種1
  [3072/4237] 521998 病的な正義 2 公演1/券種1
  [3073/4237] 522000 君と僕のSkyblue 4回目 公演1/券種1
  [3074/4237] 515088 嘘八百 公演1/券種1
  [3075/4237] 521974 六おんぶ 公演1/券種1
  [3076/4237] 521973 vs楽屋Avol.10 公演1/券種1
  [3077/4237] 521954 あおい 公演1/券種1
  [3078/4237] 521946 マリアとこじらせハスキー〜新ネタライブ〜 公演1/券種1
  [3079/4237] 521889 キイロイYeah!寄席！サタデーSP!!【2026 9/19(土)】 公演1/券種1
  [3080/4237] 519121 マザー・テラサワ2026年秋の演目発表会 リヴァイアサン無き道化者の 公演1/券種1
  [3081/4237] 521898 錦鯉 長谷川雅紀ひとりトークライブVol.1「まさのりの聞いて聞いて 公演1/券種1
  [3082/4237] 521899 蠱毒 公演1/券種1
  [3083/4237] 521908 10/4 めっちゃ最高ズの1日 チェキ 公演1/券種1
  [3084/4237] 521904 福島大学お笑い同好会20周年記念ライブ 公演1/券種1
  [3085/4237] 521881 ジョン漫才オノコントvol.12 公演1/券種1
  [3086/4237] 521858 元気もりもり寄席 公演1/券種1
  [3087/4237] 521857 第三十九回 社会人お笑いライブ「夜さり」 公演1/券種1
  [3088/4237] 521844 Dear Woman ~女性がいる芸人限定ライブ ～Septembe 公演1/券種1
  [3089/4237] 521748 ヤングソルジャー ～7年目芸人ユニットライブ～ 公演1/券種1
  [3090/4237] 521735 マタンゴトークライブ『話ヶ窪』 公演1/券種2
  [3091/4237] 521315 カルバート vol.6 公演1/券種1
  [3092/4237] 521809 ROOM OUT 公演1/券種1
  [3093/4237] 521799 カズ•ヒラカズ×小林空 ツーマンライブ「大迷惑2」 公演1/券種1
  [3094/4237] 521251 酒井直斗が会いたい人と話すライブ 公演1/券種1
  [3095/4237] 521267 MgM 公演1/券種1
  [3096/4237] 521287 瀧川蛙朝vs馬肉かなめ 大阪大会 公演1/券種1
  [3097/4237] 518102 【10/31(土)】アルファ209 @中野の劇場サッチー 公演1/券種1
  [3098/4237] 518101 【10/29(木)】アルファ208 @中野の劇場サッチー 公演1/券種1
  [3099/4237] 518100 【10/28(水)】アルファ207 @中野の劇場サッチー 公演1/券種1
  [3100/4237] 518099 【10/24(土)】アルファ206 @新宿バッシュ!! 公演1/券種1
  [3101/4237] 518098 【10/22(木)】アルファ205 @中野の劇場サッチー 公演1/券種1
  [3102/4237] 518097 【10/20(火)】アルファ204 @中野の劇場サッチー 公演1/券種1
  [3103/4237] 518096 【10/19(月)】アルファ203 @中野の劇場サッチー 公演1/券種1
  [3104/4237] 518095 【10/15(木)】アルファ202 @中野の劇場サッチー 公演1/券種1
  [3105/4237] 518094 【10/13(火)】アルファ201 @中野の劇場サッチー 公演1/券種1
  [3106/4237] 518093 【10/9(金)】アルファ199 @中野の劇場サッチー 公演1/券種1
  [3107/4237] 518092 【10/7(水)】アルファ198 @中野の劇場サッチー 公演1/券種1
  [3108/4237] 518091 【10/6(火)】アルファ197 @中野の劇場サッチー 公演1/券種1
  [3109/4237] 518089 【10/2(金)】アルファ196 @中野の劇場サッチー 公演1/券種1
  [3110/4237] 521761 押忍ライダー リョウガ -押忍珍塾外伝- 公演1/券種1
  [3111/4237] 521727 ゴルゴのオクタン 公演1/券種1
  [3112/4237] 521721 秋のユニット祭り 公演1/券種1
  [3113/4237] 521716 うるせぇやつら 公演1/券種1
  [3114/4237] 521513 おそらくタコス食べたことない人にタコスを食べさせる 公演1/券種1
  [3115/4237] 521507 BINBO 公演1/券種2
  [3116/4237] 521704 アンダーバトルvol.15 公演1/券種1
  [3117/4237] 521702 アンダーバトルvol.14 公演1/券種1
  [3118/4237] 521691 怪炎2 公演1/券種1
  [3119/4237] 521662 BAR舞台袖大喜利ライブvol.16 公演1/券種1
  [3120/4237] 521660 粒ぞろい5 公演1/券種1
  [3121/4237] 521622 【京都開催】はんなリーグ vol.2 公演1/券種1
  [3122/4237] 521581 ごきげん寄席2 公演1/券種1
  [3123/4237] 521535 血色良好 公演1/券種1
  [3124/4237] 521606 朝のお笑い！おっはっはライブvol.6 公演1/券種1
  [3125/4237] 521532 メガワンクエスト vol.3 公演1/券種1
  [3126/4237] 521604 アンダーバトルvol.13 公演1/券種1
  [3127/4237] 521599 揉まれる男達vol.10 公演1/券種1
  [3128/4237] 521575 関大グランドバトルvol.2 公演1/券種1
  [3129/4237] 521572 トークライブ黒スキニー 公演1/券種1
  [3130/4237] 521564 SMA芸人さん！いらっしゃ～い！ 公演1/券種1
  [3131/4237] 521558 ケモノノヨセ 公演1/券種1
  [3132/4237] 521538 タワー・タワー・タワー 公演1/券種1
  [3133/4237] 521314 ジャンプトス 公演1/券種1
  [3134/4237] 521523 大喜利壱番館 公演1/券種1
  [3135/4237] 521524 きらきら天守閣 公演1/券種1
  [3136/4237] 521459 にっこり日和の「日本全国にっこり音頭」in宮城 公演1/券種1
  [3137/4237] 517525 アメリカ横断ウルトラ大喜利 公演1/券種1
  [3138/4237] 521512 【絶望コーナーライブ】トントン 公演1/券種1
  [3139/4237] 521499 September enjoy X 公演1/券種1
  [3140/4237] 518935 9月27日トム・ブラウン布川の1人4545ライブ【2公演通し券】 公演1/券種1
  [3141/4237] 518931 トム・ブラウン布川の1人4545ライブ～30玉目～1部 公演1/券種1
  [3142/4237] 518932 トム・ブラウン布川の1人4545ライブ～30玉目～2部 公演1/券種1
  [3143/4237] 519923 ブラッシュアップライブ 公演1/券種1
  [3144/4237] 521466 【トークライブ】オスイチ 公演1/券種1
  [3145/4237] 518705 伝説トークライブ 公演1/券種1
  [3146/4237] 521324 無課金顔サミット 公演1/券種1
  [3147/4237] 521451 パイナポーライブ:月編 公演1/券種1
  [3148/4237] 521449 お酒ぐびぐびライブvol.3 公演1/券種1
  [3149/4237] 521428 10/14ぶちぬき魂!プレーオフ 公演1/券種1
  [3150/4237] 521311 友情の家 公演1/券種1
  [3151/4237] 521415 ハニハニ魂！ 公演1/券種1
  [3152/4237] 521440 寄席研新ネタ3本ライブ「ヨセケンVS殺人ロボ」 公演1/券種1
  [3153/4237] 520328 破竹の勢い 公演1/券種1
  [3154/4237] 521391 誰、お前？ vol.5 公演1/券種1
  [3155/4237] 521394 KARAMIKATA 公演1/券種1
  [3156/4237] 521384 ポコロコ7 公演1/券種1
  [3157/4237] 521380 ズンズンポイポイとガロインがゲストを招くライブ『エフィカシー』 公演1/券種1
  [3158/4237] 521372 【18時開演】10/10(土)開催！マセキ芸能社定例ライブ「ライジン 公演1/券種1
  [3159/4237] 521002 お笑いライブ💰RAGS TO RICHES.vol.926💰 公演1/券種1
  [3160/4237] 521318 スーパーマーベラスブロンドライブ 公演1/券種1
  [3161/4237] 521279 顔面所vol.8 公演1/券種1
  [3162/4237] 521273 金の葡萄 公演1/券種1
  [3163/4237] 521271 Myメンタル本当は弱いぜvs今夜はボードゲームで狂おうぜvol2 公演1/券種1
  [3164/4237] 521159 アホアホ！10月だヨ！全員集合！ド・ド・同期で大爆笑 公演1/券種1
  [3165/4237] 517809 newたくてぃーフェスタ 公演1/券種1
  [3166/4237] 520235 第ニ回甲殻ネタ合戦 公演1/券種1
  [3167/4237] 521248 ささやか 公演1/券種1
  [3168/4237] 521247 アルファバトル 公演1/券種1
  [3169/4237] 521167 セーリング・ストーンズ 公演1/券種1
  [3170/4237] 521190 PYRAMIDS（ピラミッズ） 公演1/券種1
  [3171/4237] 497950 おすし寄席2(リターンズ) 〜もっと推しが好きすぎてしんどい〜 公演1/券種1
  [3172/4237] 521037 漫才王者王様 公演1/券種1
  [3173/4237] 521106 かち上げ 公演1/券種1
  [3174/4237] 520459 舞台袖とーくはら傑作選vol.2 〜もう1杯いこか〜 公演1/券種1
  [3175/4237] 521069 「東京センターマイクNEXT」 公演1/券種1
  [3176/4237] 521161 10月11日(日)わくわくライブ 公演1/券種1
  [3177/4237] 521158 中村ライブ vol.9 公演1/券種1
  [3178/4237] 521066 メガネなし博士が当日ネタを作って出来た数だけやるライブ 公演1/券種1
  [3179/4237] 521144 『拍手喝采 vol.42』 公演1/券種1
  [3180/4237] 520890 るなちっく東京 公演1/券種1
  [3181/4237] 521124 KFCトークライブ〜仮屋フィッシングクラブ〜 公演1/券種1
  [3182/4237] 521084 出張版ミニマムズ〜群馬に行ってまで自慢したいものがある？〜 公演1/券種1
  [3183/4237] 521041 ネタモルフォーゼ 公演1/券種1
  [3184/4237] 521025 MWグランプリ決勝 公演1/券種1
  [3185/4237] 521023 ネタライブ「ベースK」 公演1/券種1
  [3186/4237] 521011 肉むしゃり 公演1/券種1
  [3187/4237] 521005 学生お笑いの麻雀好きによるライブ「純チャン三色」第8回 公演1/券種1
  [3188/4237] 521001 お笑いライブ💰RAGS TO RICHES.vol.925💰 公演1/券種1
  [3189/4237] 520997 お笑いライブ💰RAGS TO RICHES.vol.924💰 公演1/券種1
  [3190/4237] 520964 ケイダッシュシルバーライブ 公演1/券種1
  [3191/4237] 520962 ケイダッシュブロンズライブ 公演1/券種1
  [3192/4237] 520960 ケイダッシュアイアンライブ 公演1/券種1
  [3193/4237] 520958 コントライブ 政界進出 公演1/券種1
  [3194/4237] 520493 ネタ壱番館 公演1/券種1
  [3195/4237] 520937 たき火vol.20 公演1/券種1
  [3196/4237] 520930 TonTonカーニバル 公演1/券種1
  [3197/4237] 520925 ピンピンピングー2 公演1/券種1
  [3198/4237] 520917 ◆シマネ街道◆ 公演1/券種1
  [3199/4237] 520907 サシサシ魂!みすも堂☓ミラージュ編 公演1/券種1
  [3200/4237] 520891 集団下校 vol.5 公演1/券種1
  [3201/4237] 520416 シモドン！VOL１７ 公演1/券種1
  [3202/4237] 520825 ヤンし・お笑いトークライブ 公演1/券種1
  [3203/4237] 520877 群青団地新ネタライブ『笛越豆腐』 公演1/券種1
  [3204/4237] 519632 登龍門下生2026 秋～スクール在学生ネタバトル～ 公演1/券種1
  [3205/4237] 520882 ヤングのきまぐれベストフレンド 公演1/券種1
  [3206/4237] 520673 森本サイダー新ネタ4本ライブ『感謝』 公演1/券種1
  [3207/4237] 520857 桜川ボードゲームパーク4 公演1/券種1
  [3208/4237] 520804 今日からオハナ 公演1/券種1
  [3209/4237] 520851 キャラネタ芸人祭 公演1/券種1
  [3210/4237] 520841 下北すみっこ大喜利ライブ「大喜らせろやっ！」vol.15 公演1/券種1
  [3211/4237] 520835 ミヤギライブ 公演1/券種1
  [3212/4237] 520802 笑の国カンダーラ Vol.02 公演1/券種1
  [3213/4237] 520799 笑の国カンダーラ Vol.01 公演1/券種1
  [3214/4237] 520820 第5回 HOKKAIDO－１グランプリ【10月24日(土)開催分】 公演1/券種1
  [3215/4237] 518338 最大公約数vol.7 公演1/券種1
  [3216/4237] 520781 あずけばち#26 公演1/券種1
  [3217/4237] 520800 10/11(日)【コンビの日】 公演1/券種1
  [3218/4237] 520795 10/1(木)【ピンの日】 公演1/券種1
  [3219/4237] 520794 ヒレカーテン畑中・ヒレカーテン本多 ツーマンライブ「これ誰が掃除する 公演1/券種1
  [3220/4237] 519812 「カミナリ・ロケット団を近くで観られる席」しもだて商工まつり2026 公演1/券種6
  [3221/4237] 520696 【京都開催】楽屋Aオーディションバトルライブ「口火vol.657｣ 公演1/券種1
  [3222/4237] 520695 【京都開催】楽屋Aオーディションバトルライブ「口火vol.650｣ 公演1/券種1
  [3223/4237] 520680 三茶お笑いレース！Vol,6 公演1/券種2
  [3224/4237] 520655 ほぼ、同期トーク 公演1/券種1
  [3225/4237] 520511 元ぐん丈を囲む会 公演1/券種1
  [3226/4237] 520646 ホンリョウハチキ vol.1 公演1/券種1
  [3227/4237] 520485 お笑いライブ【OHNABE】 公演1/券種1
  [3228/4237] 520507 トークライブ｢あわ｣vol.19 公演1/券種1
  [3229/4237] 520573 みんなで満咲ちゃん 公演1/券種1
  [3230/4237] 520217 漫談家の雄 公演1/券種1
  [3231/4237] 519851 マリパ人狼 公演1/券種1
  [3232/4237] 520389 トリップトークライブ 〜ヤギファミリー旅行に行く〜 公演1/券種1
  [3233/4237] 518771 ヤギファミリー 公演1/券種1
  [3234/4237] 519174 #チゲコメ vol.3 公演1/券種3
  [3235/4237] 520342 照り焼き海老大根2 公演1/券種1
  [3236/4237] 520604 漫才王＋ 公演1/券種1
  [3237/4237] 520601 キャモン西本寄席 公演1/券種1
  [3238/4237] 520585 象の帝国 公演1/券種1
  [3239/4237] 516014 「月に行け！」第2号~ピンの星~ 公演1/券種1
  [3240/4237] 520049 ロン毛シャッフルネタ祭り 公演1/券種1
  [3241/4237] 520559 【京都開催】侵攻勢力vol.4～京大落研×Dawn College合 公演1/券種1
  [3242/4237] 520001 ドキッ！スタミナパンだらけのネタ大会2026 公演1/券種1
  [3243/4237] 519899 UP LIVE BATTLE 公演1/券種1
  [3244/4237] 519902 UP LIVE BEST 公演1/券種1
  [3245/4237] 519896 UP OOGIRI & ROOKIE BATTLE 公演1/券種1
  [3246/4237] 520446 【漫詣】in北海道室蘭市〜三拍子25周年全国ツアー〜 公演1/券種1
  [3247/4237] 520506 ピンクだま寄席vol.17 公演1/券種1
  [3248/4237] 520504 ピコピコ！〜ネタとゲームコーナーのライブ〜 公演1/券種1
  [3249/4237] 520499 楽屋Aオーディションバトルライブ「口火vol.659｣ 公演1/券種1
  [3250/4237] 520498 楽屋Aオーディションバトルライブ「口火vol.656｣ 公演1/券種1
  [3251/4237] 520497 楽屋Aオーディションバトルライブ「口火vol.649｣ 公演1/券種1
  [3252/4237] 520496 楽屋Aオーディションバトルライブ「口火vol.648｣ 公演1/券種1
  [3253/4237] 520495 楽屋Aオーディションバトルライブ「口火vol.643｣ 公演1/券種1
  [3254/4237] 520494 楽屋Aオーディションバトルライブ「口火vol.644｣ 公演1/券種1
  [3255/4237] 520491 エビザル 公演1/券種1
  [3256/4237] 520205 ライブバー寄席 Vol.2 公演1/券種2
  [3257/4237] 520240 即興（インプロ）コメディワークショップ Vol.2 in 山形米沢八 公演1/券種3
  [3258/4237] 520467 神社でネタと大喜利 公演1/券種1
  [3259/4237] 520461 楽屋Aようこそ寄席 公演1/券種2
  [3260/4237] 508531 一撃.9 公演1/券種1
  [3261/4237] 520448 青い炎を灯せ！！ 公演1/券種1
  [3262/4237] 520415 "社会人と学生"限定ライブ「複合vol.3」 公演1/券種2
  [3263/4237] 517398 YGF vol.6 -9番街お兄ちゃんたちがまた来てくれたの巻- 公演1/券種1
  [3264/4237] 519649 一輪挿し〜ピン芸人オンリーライブ〜 公演1/券種2
  [3265/4237] 520268 新19 公演1/券種1
  [3266/4237] 520434 むつえんぶつみ 公演1/券種1
  [3267/4237] 520430 漫才ダブルス サンミュージック編 公演1/券種1
  [3268/4237] 520078 ネタロク 公演1/券種1
  [3269/4237] 519904 同期ライブ コント三十六景 vol.24 公演1/券種1
  [3270/4237] 520412 エレクトロ オメガ 公演1/券種1
  [3271/4237] 519969 ラフいいね！Z【2nd & 1st】通し券 公演1/券種3
  [3272/4237] 519960 ラフいいね！Z【3rd】 公演1/券種1
  [3273/4237] 519964 ラフいいね！Z【2nd】 公演1/券種3
  [3274/4237] 519966 ラフいいね！Z【1st】 公演1/券種3
  [3275/4237] 519534 ピン芸人ライブ「一坪の」①密林②海岸線③セット券 公演3/券種3
  [3276/4237] 520338 第８７回MANZAI魂！ 公演1/券種1
  [3277/4237] 520334 10/7ぶちぬき魂!プレーオフ 公演1/券種1
  [3278/4237] 520345 楽屋Aオーディションバトルライブ「口火vol.660｣ 公演1/券種1
  [3279/4237] 520344 楽屋Aオーディションバトルライブ「口火vol.658｣ 公演1/券種1
  [3280/4237] 520343 楽屋Aオーディションバトルライブ「口火vol.655｣ 公演1/券種1
  [3281/4237] 519958 NE TA LAND 公演1/券種1
  [3282/4237] 520340 楽屋Aオーディションバトルライブ「口火vol.654｣ 公演1/券種1
  [3283/4237] 520339 楽屋Aオーディションバトルライブ「口火vol.653｣ 公演1/券種1
  [3284/4237] 520337 楽屋Aオーディションバトルライブ「口火vol.652｣ 公演1/券種1
  [3285/4237] 520333 楽屋Aオーディションバトルライブ「口火vol.647｣ 公演1/券種1
  [3286/4237] 520330 楽屋Aオーディションバトルライブ「口火vol.646｣ 公演1/券種1
  [3287/4237] 520329 10/4ぶちぬき魂!プレーオフ 公演1/券種1
  [3288/4237] 520327 楽屋Aオーディションバトルライブ「口火vol.651｣ 公演1/券種1
  [3289/4237] 520325 楽屋Aオーディションバトルライブ「口火vol.645｣ 公演1/券種1
  [3290/4237] 520323 実りの秋！ぶちぬき魂！２部 公演1/券種1
  [3291/4237] 520318 実りの秋！ぶちぬき魂！１部 公演1/券種1
  [3292/4237] 520156 飲み屋でするような根も葉もない噂を持ち寄ってもらう漫才ライブ 公演1/券種1
  [3293/4237] 520316 【漫詣】in北海道白老町〜三拍子25周年全国ツアー〜 公演1/券種1
  [3294/4237] 520303 楽屋Aオーディションバトルライブ「口火vol.642｣ 公演1/券種1
  [3295/4237] 519580 お笑い工務店〜第15現場目 公演1/券種1
  [3296/4237] 519067 『ドドんのネタ強化ライブ 〜宿願成就〜』 公演1/券種1
  [3297/4237] 519212 BITCOIN JAPAN 2026 お笑いコンテスト 予選Aブロッ 公演1/券種1
  [3298/4237] 520265 獏の食べ残し 公演1/券種1
  [3299/4237] 520250 10/16(金)開催！エクストラシルバージュニア / エクストラシル 公演2/券種2
  [3300/4237] 520253 大喜王VSAI 公演1/券種1
  [3301/4237] 520144 おかえりトキヤスベトナムライブ 公演1/券種1
  [3302/4237] 520149 バリ発見 公演1/券種1
  [3303/4237] 519158 クワガタつかまえた 公演1/券種1
  [3304/4237] 520214 10/28 元気出してこ 公演1/券種1
  [3305/4237] 520125 独断場 公演1/券種1
  [3306/4237] 520203 コントやって家に帰るマン 公演1/券種1
  [3307/4237] 519820 HYAKU-DAI 東京公演2026 公演2/券種2
  [3308/4237] 520157 モテテクバトルライブ 公演1/券種1
  [3309/4237] 520154 加齢実感ライブ 公演1/券種1
  [3310/4237] 520152 私だってふざけたい 公演1/券種1
  [3311/4237] 520137 吐夢狂頭襲名披露公演 公演1/券種1
  [3312/4237] 520130 そ。のラブ&ピースLIVE 公演1/券種1
  [3313/4237] 520124 グレイモヤβ 公演1/券種1
  [3314/4237] 520056 ピン参者 公演1/券種1
  [3315/4237] 519296 今夜も星が綺麗・パンプキンポテトフライになりたくて 公演1/券種1
  [3316/4237] 519290 素晴らしき長尺漫談の世界 公演1/券種1
  [3317/4237] 520054 クイズ！ しょうもな芸人替え歌！ 公演1/券種1
  [3318/4237] 519277 お笑いライブin茨城 公演1/券種1
  [3319/4237] 520062 喜利フー 公演1/券種1
  [3320/4237] 520074 第３回 ナズム 公演1/券種1
  [3321/4237] 513212 らぶわんVol.4 公演1/券種1
  [3322/4237] 520059 マイケルジェニー×ラクジャ 新ネタツーマンライブ「べもん」 公演1/券種1
  [3323/4237] 520047 札幌U24お笑いバトル「TODOWARA」 公演1/券種1
  [3324/4237] 519832 東高円寺定食坊主 公演2/券種3
  [3325/4237] 519798 千年寄席 公演1/券種1
  [3326/4237] 518646 漫のたまご 公演1/券種1
  [3327/4237] 520005 クロコップ荒木✕にしね・ザ・タイガー 『しゃけトーク』【2026 9 公演1/券種1
  [3328/4237] 519993 #フリガヤ 公演1/券種2
  [3329/4237] 516762 BOOSTER vol.6 公演1/券種1
  [3330/4237] 519944 あすひなvol.2 公演1/券種1
  [3331/4237] 519800 注年時代 vol.8 公演1/券種1
  [3332/4237] 519717 酔いどれ！ 公演1/券種1
  [3333/4237] 519901 Autumn eclipse 公演1/券種2
  [3334/4237] 517693 社会人男女コンビ限定ライブ『バックドロップジェンダーロール』 公演1/券種1
  [3335/4237] 519887 聖剣ライブ19〜空と海と大地とゾンビの美大生とおもろいアヒルの子たち 公演1/券種1
  [3336/4237] 519874 生活の中のキリン 2026 公演1/券種1
  [3337/4237] 519842 ◎戦いたくない人のためのエントリーライブ◎ 「Just want t 公演1/券種1
  [3338/4237] 519841 ◎戦いたくない人のためのエントリーライブ◎ 「Just want t 公演1/券種1
  [3339/4237] 519849 KASENJIKI☆賞レーストレーニング（10/17夜） 公演1/券種1
  [3340/4237] 519850 【無差別級ネタ＆大喜利バトル！】ストイック☆アルティメット！vol. 公演1/券種1
  [3341/4237] 519848 KASENJIKI☆チューニング☆SPOT！ 公演1/券種2
  [3342/4237] 519847 【昼の若手ネタバトルライブ！】KASENJIKI☆サンライズ！Vol 公演1/券種1
  [3343/4237] 519844 KASENJIKI☆賞レーストレーニング（10/10夜） 公演1/券種1
  [3344/4237] 519839 オーパスツーのネタ2本とトークのライブ 『しゃべくりvol.2』 公演1/券種1
  [3345/4237] 519794 正雀・きく麿〜ヒヤシンスとネタ交換の会〜 公演1/券種1
  [3346/4237] 514775 みんなのペチカvol.220 公演2/券種4
  [3347/4237] 514772 ぼくらのペチカvol.43 公演1/券種2
  [3348/4237] 519131 オチ台詞全員共通ライブ2 公演1/券種1
  [3349/4237] 519718 バタ足ザウルス vol.9 公演1/券種1
  [3350/4237] 519489 森のちいさな大喜利屋さん 公演1/券種1
  [3351/4237] 519700 ネタやって紹介王やろうぜ 公演1/券種1
  [3352/4237] 519795 ミコシ 公演1/券種1
  [3353/4237] 519517 コン太 ボリューム15 公演1/券種1
  [3354/4237] 519780 第三回だるま歓楽街 公演1/券種1
  [3355/4237] 519772 ごっこ【第一回ラジオ】 公演1/券種1
  [3356/4237] 519751 もちもち他餅 公演1/券種1
  [3357/4237] 519742 村元祭5 公演1/券種1
  [3358/4237] 519739 マグマさんvol.5 公演1/券種1
  [3359/4237] 519732 こんな時代だからこそ生活に有益な情報を！2026年もみんなで乗り越え 公演1/券種1
  [3360/4237] 519728 ピュア 公演1/券種1
  [3361/4237] 519482 赤本 公演1/券種1
  [3362/4237] 519714 あんま見た事ない飲み物を持ち寄って皆で仲良くおばあちゃん家でしか見な 公演1/券種1
  [3363/4237] 519703 国々ん 公演1/券種1
  [3364/4237] 519689 この時期だからコント師が漫才でワイワイするライブ 公演1/券種1
  [3365/4237] 519675 お笑い鳥獣戯画チュッチュッチュッPARTY 十三ノ巻 公演1/券種1
  [3366/4237] 519665 ジェット世代 二次会 公演1/券種1
  [3367/4237] 519630 【⑤17:00開演】喜劇衆ギガンティックシアター 第9回公演『夜更け 公演1/券種1
  [3368/4237] 519629 【④13:00開演】喜劇衆ギガンティックシアター 第9回公演『夜更け 公演1/券種1
  [3369/4237] 519623 【③19:00開演】喜劇衆ギガンティックシアター 第9回公演『夜更け 公演1/券種1
  [3370/4237] 519622 【②14:00開演】喜劇衆ギガンティックシアター 第9回公演『夜更け 公演1/券種1
  [3371/4237] 519669 大豊作寄席！6 公演1/券種1
  [3372/4237] 519668 大豊作寄席！5 公演1/券種1
  [3373/4237] 519620 【①19:00開演】喜劇衆ギガンティックシアター 第9回公演『夜更け 公演1/券種1
  [3374/4237] 519185 現状打破ライブ「嫌だ！」 公演1/券種1
  [3375/4237] 519664 ジェット世代vol.8 公演1/券種1
  [3376/4237] 519666 第2回スリーウーマンライブ「梅田デパ地下チョコレート」 公演1/券種1
  [3377/4237] 519648 めいきよまつり'26 ~秋~ 公演1/券種1
  [3378/4237] 519639 どろろvol.14 公演1/券種1
  [3379/4237] 519600 マリア新ネタライブ 公演1/券種1
  [3380/4237] 519603 秘臓6 公演1/券種1
  [3381/4237] 519594 燦然-Sanzen- 公演1/券種1
  [3382/4237] 519590 ゲラチカ！10 公演1/券種1
  [3383/4237] 519522 仙台のお笑いライブ IGINARI LIVE vol.308 公演1/券種1
  [3384/4237] 519504 兼業芸人王2027準決勝3rd round 公演1/券種1
  [3385/4237] 519499 はなさない アーカイブ配信 公演1/券種1
  [3386/4237] 519494 トルンジ 公演1/券種1
  [3387/4237] 519492 あらたvol.5 公演1/券種1
  [3388/4237] 519491 浅井のナイスコーナーMCライブ 公演1/券種1
  [3389/4237] 519490 長袖買おう！ボンバーマンの新ネタライブ！ 公演1/券種1
  [3390/4237] 519488 仲寄席小寄席vol.11 公演1/券種1
  [3391/4237] 519486 舞台袖漫談協会vol.5 公演1/券種1
  [3392/4237] 519479 12/12(土)ユーティリティボーイズ第二回単独ライブ『いい予感』 公演1/券種1
  [3393/4237] 519478 12/11(金)ユーティリティボーイズ第二回単独ライブ『いい予感』 公演1/券種1
  [3394/4237] 515434 PP×なおたろうツーマンライブ『たこ焼き肉』 公演1/券種1
  [3395/4237] 516774 ピン芸浪漫 公演1/券種1
  [3396/4237] 519450 第八十九回「安藤道場一門会ラザニア」 公演1/券種1
  [3397/4237] 517403 ODD TWO 公演1/券種1
  [3398/4237] 517172 みんなのねた 公演1/券種1
  [3399/4237] 519068 とにかくしゃべるんジャー！ 公演1/券種1
  [3400/4237] 519443 いおりわーるど 公演1/券種1
  [3401/4237] 519442 漫事うまくいくvol.27 公演1/券種1
  [3402/4237] 519422 煉瓦 公演1/券種1
  [3403/4237] 518076 同朋大学お笑いサークルコペル 卒業ライブ『ん？』 公演1/券種1
  [3404/4237] 516341 正義正義第４回単独ライブ「よしなにの100分」 公演1/券種1
  [3405/4237] 519381 ふたりノリ 10.24 公演1/券種3
  [3406/4237] 519359 第一回漫才ライブ「働きたい。」 公演1/券種1
  [3407/4237] 519366 街裏ぴんく×加藤ミリガン 二人会 公演2/券種2
  [3408/4237] 519365 かわいそうに④ 公演1/券種1
  [3409/4237] 519363 ゾウがいない部屋 公演1/券種1
  [3410/4237] 518812 「HORIPRO COMedy Academy3期生ライブ」 公演1/券種1
  [3411/4237] 512287 ビバオンタイム 真夏のﾊﾟﾂﾊﾟﾂｿｰｾｰｼﾞ編 公演1/券種1
  [3412/4237] 517594 社会人お笑い新人王 公演1/券種1
  [3413/4237] 519333 ももかライブ 賞レース絶対受かりたい。見守ってください 公演1/券種1
  [3414/4237] 519323 漫罪者 公演1/券種1
  [3415/4237] 519307 漫才ドリル④ 公演1/券種1
  [3416/4237] 518937 助けなよ 9月 公演1/券種1
  [3417/4237] 519281 10/3 ネタライブ“SeedS” vol.12 公演1/券種1
  [3418/4237] 519272 みんなのトークライブ『プジョル！vol.14』 公演1/券種1
  [3419/4237] 519268 秋を返せ 公演1/券種1
  [3420/4237] 519252 帝王シャンシャンとお喋り下民ども 公演1/券種1
  [3421/4237] 519251 メインアンダーグラウンドvol.16 公演1/券種1
  [3422/4237] 519217 ベルナルド大将としょうへい トークライブ「一夜干しvol.65」 公演1/券種1
  [3423/4237] 518840 ネタ伝言ゲームvol.5 公演1/券種1
  [3424/4237] 518843 ネタ伝言ゲームvol.6 公演1/券種2
  [3425/4237] 519168 第20回コントバトルLIVE in Gコレ 公演1/券種1
  [3426/4237] 519166 第21回コントバトルLIVE in Gコレ 公演1/券種1
  [3427/4237] 519165 第19回コントバトルLIVE in Gコレ 公演1/券種1
  [3428/4237] 519157 【ネタライブ】コゼ6 公演1/券種1
  [3429/4237] 519156 3PEACEカジュアル 公演1/券種1
  [3430/4237] 519154 【コーナーライブ】オハテン 公演1/券種1
  [3431/4237] 519146 思念伝達…あの日の罪パート2 公演1/券種1
  [3432/4237] 518921 星歌の相方探しと自分探しのライブ 公演1/券種1
  [3433/4237] 509914 太田プロJr.ライブvol.141 公演4/券種4
  [3434/4237] 519087 強制新ネタ作成マシーン vol.7 公演1/券種1
  [3435/4237] 519129 ハヤイカガヤイ×森田GM新ネタ3本ライブ「リャンピン待ち」vol.7 公演1/券種1
  [3436/4237] 519122 新ネタ3本ライブ ブレイキングタイツ 公演1/券種1
  [3437/4237] 519095 9月21日 公演1/券種1
  [3438/4237] 519084 コウメ太夫とヒロ・オクムラのトークライブ『（仮）』 公演1/券種1
  [3439/4237] 519081 細田と麻婆とカミムラと放送作家の企画案（ゲスト：ダンダス） 公演1/券種1
  [3440/4237] 519083 10/23(金)【春雨や晴太✖︎柳家蝠よしトークライブ】 公演1/券種1
  [3441/4237] 519061 ヨタバナシ×とととツーマンライブ「見上げてごらん」 公演1/券種1
  [3442/4237] 519064 ナイフとフォーク学外ライブー笑い過ぎて泣きそうやわー 公演1/券種1
  [3443/4237] 519043 Autumn discharge 公演1/券種2
  [3444/4237] 516703 お笑いライブ「おっさんずラフ Vol.8」 公演1/券種1
  [3445/4237] 518009 にんにく道場 企画編 公演1/券種1
  [3446/4237] 518007 にんにく道場 vol.32 公演1/券種1
  [3447/4237] 518815 ネタ&トークライブ「切磋琢磨リ」 公演1/券種1
  [3448/4237] 518781 章かにアキラ×大人稚魚ツーマンライブ「淡水」 公演1/券種1
  [3449/4237] 518983 第53回漫才バトルLIVE in Gコレ 公演1/券種1
  [3450/4237] 516469 月曜夜のネタと企画のライブ 公演1/券種1
  [3451/4237] 518977 第52回漫才バトルLIVE in Gコレ 公演1/券種1
  [3452/4237] 518620 センチネル新ネタライブ「HELL」 公演1/券種1
  [3453/4237] 518879 サモエド vol.7 公演1/券種1
  [3454/4237] 518966 MAXIMUM 公演1/券種2
  [3455/4237] 517197 騙し王決定戦2 公演1/券種1
  [3456/4237] 518803 【福島区民センター開催】母席 公演1/券種1
  [3457/4237] 517165 二者択一 公演1/券種1
  [3458/4237] 518933 ファイトクラブ Vol.70 公演1/券種1
  [3459/4237] 518920 『龍剣』〜異端のリターン×モクレン〜 公演1/券種1
  [3460/4237] 518909 仁王立ち話 vol.14 公演1/券種1
  [3461/4237] 518114 DONPAPA✖️パラ港対決ライブ「ドンパラ騒ぎ2」 公演1/券種1
  [3462/4237] 518802 何方未知〜どっちみち〜vol.32 公演1/券種1
  [3463/4237] 518228 TITANLIVE Pandora スペシャル 公演1/券種1
  [3464/4237] 518800 【10/26(月)】 漫ドリル @新宿バティオス 公演1/券種1
  [3465/4237] 518799 【10/12(月)】 漫ドリル @新宿ハイジアV-1 公演1/券種1
  [3466/4237] 518798 【10/4(日)】 漫ドリル @中野の劇場サッチー 公演1/券種1
  [3467/4237] 518794 【9/21(月)】 コントル @新宿ハイジアV-1 公演1/券種1
  [3468/4237] 518776 センサールマンが日本一の漫才師を目指すライブ～第二十四夜 漫才師の背 公演1/券種1
  [3469/4237] 518768 サンセット寄席vol.342 公演1/券種1
  [3470/4237] 518767 サンセット寄席vol.341 公演1/券種1
  [3471/4237] 518766 サンセット寄席vol.340 公演1/券種1
  [3472/4237] 518763 邁進（まいしん） 公演1/券種1
  [3473/4237] 518761 骨々寄席 公演1/券種1
  [3474/4237] 518760 えば寄席vol.10 公演1/券種1
  [3475/4237] 518759 ゆの寄席vol.11 公演1/券種1
  [3476/4237] 518647 札幌漫才LIVE「３８５５」 公演1/券種1
  [3477/4237] 518738 サンセット寄席vol.339 公演1/券種1
  [3478/4237] 518733 サンセット寄席vol.338 公演1/券種1
  [3479/4237] 518723 マンダニズム2 公演1/券種1
  [3480/4237] 518720 PLAY vol.8 公演1/券種1
  [3481/4237] 518718 あなたに一途、とりいちず 公演1/券種1
  [3482/4237] 518716 第51回漫才バトルLIVE in Gコレ 公演1/券種1
  [3483/4237] 518714 第50回漫才バトルLIVE in Gコレ 公演1/券種1
  [3484/4237] 518713 第49回漫才バトルLIVE in Gコレ 公演1/券種1
  [3485/4237] 518710 角座まいど寄席 Produced by 九明ジュエル 公演1/券種1
  [3486/4237] 518709 第18回コントバトルLIVE in Gコレ 公演1/券種1
  [3487/4237] 518706 新ネタライブ 【トリプレッタ26 vol.21】 公演1/券種1
  [3488/4237] 518699 ケミカルX 公演1/券種1
  [3489/4237] 518697 ダックワーズ新ネタ5本ライブ ひみつ基地クラブ 公演1/券種1
  [3490/4237] 518689 【決勝】KUSANONE-1グランプリ グランドチャンピオン大会 公演1/券種1
  [3491/4237] 518685 【予選B】KUSANONE-1グランプリ グランドチャンピオン大会 公演1/券種1
  [3492/4237] 518682 【予選A】KUSANONE-1グランプリ グランドチャンピオン大会 公演1/券種1
  [3493/4237] 518535 第三回 東京二六式（とうきょうふろしき） 公演1/券種1
  [3494/4237] 518531 ラブ刺激新ネタ５本ライブ① 公演1/券種1
  [3495/4237] 518688 第3回北沢バニーボーイ 公演1/券種1
  [3496/4237] 518683 きゃお 公演1/券種1
  [3497/4237] 518663 9/21(月祝)ワンコイン30分お笑いライブ「シモキタキャラバン」 公演1/券種1
  [3498/4237] 518662 9/20(日)ワンコイン30分お笑いライブ「シモキタキャラバン」 公演1/券種1
  [3499/4237] 518661 9/23(水祝)ワンコイン30分お笑いライブ「シモキタキャラバン」 公演1/券種1
  [3500/4237] 518659 9/22(火祝)ワンコイン30分お笑いライブ「シモキタキャラバン」 公演1/券種1
  [3501/4237] 518658 9/19(土)ワンコイン30分お笑いライブ「シモキタキャラバン」 公演1/券種1
  [3502/4237] 518629 日本エレキテル連合プレゼンツ「ものまね芸人じゃない芸人のものまねライ 公演1/券種1
  [3503/4237] 515089 夜すがら漫才 公演1/券種1
  [3504/4237] 517184 相方理解王 公演1/券種1
  [3505/4237] 518657 チーム友達 vol.24 公演1/券種2
  [3506/4237] 518651 渡部クイズ大会 〜最終回〜 公演1/券種1
  [3507/4237] 518528 はなし遊園地 公演1/券種1
  [3508/4237] 518621 THE M 公演1/券種1
  [3509/4237] 518554 SHOWENKAi vol.2 公演1/券種1
  [3510/4237] 518591 【アーカイブ販売】ぽんぽこのそえじまが構成作家になるトークライブ。ゲ 公演1/券種1
  [3511/4237] 518456 ダイダイショー2026.10/23 公演1/券種1
  [3512/4237] 517923 リコーダー笛・ぎょう虫第２回ツーマンライブ『腹筋崩壊』 公演1/券種1
  [3513/4237] 518538 第3回もじゃに服をあげるライブ 公演1/券種1
  [3514/4237] 518529 シンジャガライブ 公演1/券種1
  [3515/4237] 518523 優しい世界 公演1/券種1
  [3516/4237] 517506 強さ、それは優しい 10月の味 公演1/券種1
  [3517/4237] 518366 まっくら寄席 公演1/券種1
  [3518/4237] 518510 キョウシツノスミにアホロートル 公演1/券種1
  [3519/4237] 518372 歌うんだ山 公演1/券種1
  [3520/4237] 518496 HOSバトルライブ「オスマン4」 公演1/券種1
  [3521/4237] 518485 太陽と月２ 公演1/券種1
  [3522/4237] 518463 ネタ見せライブ 公演1/券種1
  [3523/4237] 518465 ケッタケタ 【2026総決算】 公演1/券種1
  [3524/4237] 518459 見守り隊vol.14 公演1/券種1
  [3525/4237] 518443 ヤングパイン 福岡単独公演【未熟でも甘い】配信チケット 公演1/券種1
  [3526/4237] 518379 軟式トークチーム『メモジョイ』 公演1/券種1
  [3527/4237] 518389 お昼ライブ 公演1/券種1
  [3528/4237] 518416 GO→TENライブvol.11～即興最強コンビ決定戦～ 公演2/券種2
  [3529/4237] 518413 承子クラーケンの「どうして会議室で血が流れるんだ！」ライブ 公演1/券種1
  [3530/4237] 518404 下北GRIP DASH 月曜 入れ替え戦 公演1/券種1
  [3531/4237] 518403 やすと横澤さんミニ単独ライブ「ミラバル」vol.4 公演1/券種1
  [3532/4237] 516244 10月2日の厚生ライブ 公演1/券種1
  [3533/4237] 518391 第1回カラオケバトルLIVE in Gコレ 公演1/券種1
  [3534/4237] 515600 ふとっちょ☆カウボーイ以外が漫才をするライブ 公演1/券種1
  [3535/4237] 518369 19時でっせ 公演1/券種1
  [3536/4237] 518358 あっちゃべら こっちゃべら 公演1/券種1
  [3537/4237] 518357 新シイ風、勝ツ風 公演1/券種1
  [3538/4237] 518352 眉なし寄席 公演1/券種1
  [3539/4237] 518340 経商法66期同期対決ライブvol.2〜IOK編〜『秒針』 公演1/券種1
  [3540/4237] 517819 角番 公演1/券種1
  [3541/4237] 518267 ぎょねこ新ネタ3本ライブ勝色 公演1/券種1
  [3542/4237] 518319 ネタ集中カウンターvol.4 公演1/券種1
  [3543/4237] 514774 みんなのペチカvol.219 公演2/券種4
  [3544/4237] 517671 エスニカーズ 公演1/券種1
  [3545/4237] 518170 おばたとアンケート3 公演1/券種1
  [3546/4237] 516842 あけぼのニューゴルフコース 公演1/券種1
  [3547/4237] 518293 牛鬼 公演1/券種1
  [3548/4237] 518262 風穴あけるズ新ネタ3本ライブ 「身の丈3㎝」 公演1/券種1
  [3549/4237] 518221 漫談児〜4人40分〜 公演1/券種1
  [3550/4237] 518279 ジゴスパークⅨ 公演1/券種1
  [3551/4237] 518202 チーズマンズ3 公演1/券種1
  [3552/4237] 518245 三（Smile Together） 公演1/券種1
  [3553/4237] 518232 じぇじぇじぇ 公演1/券種1
  [3554/4237] 518162 メルヘントークvol.19 公演1/券種1
  [3555/4237] 518132 9/20(日) とし金トーク 公演1/券種1
  [3556/4237] 518120 銃-SHOCK ネタライブ New shock!!! 公演1/券種1
  [3557/4237] 517904 黒子タクシー第16回単独公演『虚夢くじゃら』 公演2/券種2
  [3558/4237] 517903 黒子タクシー第16回単独公演『虚夢くじゃら』 公演2/券種2
  [3559/4237] 517902 黒子タクシー第16回単独公演『虚夢くじゃら』 公演1/券種1
  [3560/4237] 517104 七夕カリー新ネタライブ 『天の川』 公演1/券種1
  [3561/4237] 518087 二進法 公演1/券種1
  [3562/4237] 517672 ビクヨセ 公演1/券種1
  [3563/4237] 518057 飯田さなぎの新ネタライブ 第2回 臆病な我儘 公演1/券種1
  [3564/4237] 518044 人造人間10000号 公演1/券種1
  [3565/4237] 517974 おもしろフィロソフィー 公演1/券種1
  [3566/4237] 516789 オアシス vol.4 公演1/券種1
  [3567/4237] 518036 みんなのお笑いライブ新宿バッシュ 公演1/券種1
  [3568/4237] 518029 みんなのお笑いライブ新宿ハイジアV-1 公演1/券種1
  [3569/4237] 518028 みんなのお笑いライブ新宿ブリーカー 公演1/券種1
  [3570/4237] 517699 目玉展12 公演1/券種1
  [3571/4237] 517575 大喜利大会 One 公演1/券種2
  [3572/4237] 517978 Fight! Fight! ムッキムキ寄席～未来へのスター発掘～ 公演1/券種1
  [3573/4237] 517647 大阪松竹バトルセレクション～勝てば東京～カテバト 公演1/券種1
  [3574/4237] 517930 【16時開演】9/29(火)開催！「大発見」ネタライブ 公演1/券種1
  [3575/4237] 517950 翔んでMORIYAMA vol.33 公演1/券種1
  [3576/4237] 517933 第四回パラオーズ単独ライブ「四部始終」 公演1/券種1
  [3577/4237] 517765 SMALL 公演1/券種1
  [3578/4237] 516950 それいけ！ビビビオルネード！ 公演1/券種1
  [3579/4237] 517559 月刊☆カープ！2026 9月号 公演1/券種1
  [3580/4237] 517884 冷蔵庫の中にあるパン食べていいよ4 公演1/券種1
  [3581/4237] 517685 雨傘新ネタ4本ライブ「フリスビードッグ vol.16」 公演1/券種1
  [3582/4237] 517863 第4回ハチャメチャバトルライブ 公演1/券種1
  [3583/4237] 517861 蛇寄席VOL.12 公演1/券種1
  [3584/4237] 517848 月刊ひこーき雲 最終号 公演1/券種1
  [3585/4237] 517794 桂三四郎まくらだけの独演会 公演1/券種1
  [3586/4237] 517823 漫才戯画 公演1/券種1
  [3587/4237] 517826 思い出ライブ～BBQ編～ 公演1/券種1
  [3588/4237] 517831 おばた無双 公演1/券種1
  [3589/4237] 517833 素直なお客様 公演1/券種1
  [3590/4237] 517832 『テクノロ』第1回 公演1/券種1
  [3591/4237] 517615 青おろし vol.3 公演1/券種1
  [3592/4237] 515063 呪物メイト Special Talk Event 田中俊行とマユリカ 公演1/券種1
  [3593/4237] 517732 お笑いバトル 京極Ⅵ Vol.5 公演1/券種4
  [3594/4237] 517769 人間味たれ 公演1/券種1
  [3595/4237] 515971 はなさない 公演1/券種1
  [3596/4237] 517758 シアターワークスvol.19 公演1/券種1
  [3597/4237] 517735 真・秋田730LIVE-ねじフェス出演芸人決定- 公演1/券種1
  [3598/4237] 517648 バーニングフェーズ 公演1/券種1
  [3599/4237] 516360 ハンドメイドを慈しむ会SP in 日本ヴォーグ社 公演2/券種3
  [3600/4237] 517639 ひねくれ者 vol.34 公演1/券種1
  [3601/4237] 517595 新ネタライブ‼︎サラニアケッパナシ 公演1/券種1
  [3602/4237] 516438 粉骨漫才身 参 公演1/券種1
  [3603/4237] 517579 雛 公演1/券種1
  [3604/4237] 517577 ゴツ寄席 公演1/券種1
  [3605/4237] 517405 お笑いライブ📍(PIN)BALL PARTY 18📍 公演1/券種1
  [3606/4237] 516357 エリオット波動3波 公演1/券種1
  [3607/4237] 514773 みんなのペチカvol.218 公演2/券種4
  [3608/4237] 517535 てんてこ舞い 公演1/券種1
  [3609/4237] 517519 「南国の生き物なつかれ寄席」 公演1/券種1
  [3610/4237] 515806 空、海、太陽、そしてネタ おもてなし二人羽織ライブvol.20 公演1/券種1
  [3611/4237] 517258 楽屋A東西お笑いFES オーパスツー×フランスピアノ ツーマンライブ 公演1/券種1
  [3612/4237] 517245 東京芸人60分vol.23-ユビッジャ・ポポポー編- 公演1/券種1
  [3613/4237] 517244 楽屋A東西お笑いFES 母性人×相性はいいよね ツーマンライブ『母性 公演1/券種1
  [3614/4237] 517241 楽屋A東西お笑いFES東西芸人大集合ライブ『大楽屋-1部-』 公演1/券種1
  [3615/4237] 517248 楽屋A東西お笑いFES東西芸人大集合ライブ『大楽屋-2部-』 公演1/券種1
  [3616/4237] 517246 東京芸人60分vol.24-今夜も星が綺麗編- 公演1/券種1
  [3617/4237] 517240 楽屋A東西お笑いFES ぽちゃむしぃ×偽ビートルズ ツーマンライブ『 公演1/券種1
  [3618/4237] 517251 楽屋A東西お笑いFES ヤング×タワー ツーマンライブ『タワーヤング 公演1/券種1
  [3619/4237] 517036 各々 公演1/券種1
  [3620/4237] 517512 暴飲暴食vol.22 公演1/券種1
  [3621/4237] 512484 お笑い！ゲンモリライブ3〜今日が一番若い日〜 公演1/券種1
  [3622/4237] 511948 YAGATE vol.39 公演1/券種1
  [3623/4237] 517425 ヴァンパイアハウス 公演1/券種1
  [3624/4237] 517418 古川軍VS加納軍VS小久保軍 ～薫はん枠ありがとうございます、やっと 公演1/券種1
  [3625/4237] 517222 【2026/10/22】「カモたん〜ナツノカモ単独公演〜」 公演1/券種1
  [3626/4237] 517396 10/24(土)ヒポリタンズ-第一回公演- 公演1/券種1
  [3627/4237] 517360 絆・2026 絆消失編 公演1/券種1
  [3628/4237] 517376 角座マッチアップネタバトル2026 公演1/券種1
  [3629/4237] 511877 序盤のボケだけ出来てて、後どうしていいかわからんネタいっぱいやるライ 公演1/券種1
  [3630/4237] 517358 超フルMAXライブ‼︎ 公演1/券種1
  [3631/4237] 516927 大人様ランチ vol.2 公演1/券種1
  [3632/4237] 517316 きり 第2回ソロライブコンサート ソリにのる犬、ひっぱる人たち 公演1/券種2
  [3633/4237] 517304 俺にVIVANTを語らせろ！-俺たち的VIVANT徹底考察！- 公演1/券種1
  [3634/4237] 517315 第276回 岸和田ぼんじり・だんじりの新ネタとお喋り会 公演1/券種1
  [3635/4237] 517310 毎月ゲストとツーマンライブ！【発蕾】 公演1/券種1
  [3636/4237] 517307 毎月ゲストとツーマンライブ！【発蕾】 公演1/券種1
  [3637/4237] 514719 センターマイク界隈 公演1/券種1
  [3638/4237] 517296 FNB ～Friday Night Boost !～ 9/25 公演2/券種2
  [3639/4237] 517306 CURAZAO vol.43 公演1/券種2
  [3640/4237] 516836 ミネルヴァモータース B④ 配信チケット 公演1/券種1
  [3641/4237] 516835 ミネルヴァモータース A③ 配信チケット 公演1/券種1
  [3642/4237] 517303 Kerala 26 公演1/券種1
  [3643/4237] 516832 ミネルヴァモータース CD⑩配信チケット 公演1/券種1
  [3644/4237] 516831 ミネルヴァモータースCD⑨ 配信チケット 公演1/券種1
  [3645/4237] 516833 ミネルヴァモータース B③ 配信チケット 公演1/券種1
  [3646/4237] 516830 ミネルヴァモータース CD⑧配信チケット 公演1/券種1
  [3647/4237] 516829 ミネルヴァモータースCD⑦ 配信チケット 公演1/券種1
  [3648/4237] 517274 ピティララ 公演1/券種1
  [3649/4237] 516795 9/23(水祝)バティオスで#ワイガヤ《1部》 公演1/券種1
  [3650/4237] 516797 9/23(水祝)バティオスで#ワイガヤ《3部》 公演1/券種1
  [3651/4237] 516796 9/23(水祝)バティオスで#ワイガヤ《2部》 公演1/券種1
  [3652/4237] 516799 9/30(水) 漫腹〜まんぷく〜 公演1/券種1
  [3653/4237] 517238 スタミナパン新宿21時半倶楽部 公演1/券種1
  [3654/4237] 517236 【準決勝】全日本アマチュアお笑いNo.1決定戦2026 公演2/券種2
  [3655/4237] 517181 夢闘宴 公演1/券種1
  [3656/4237] 517142 「ミ。」─松竹トリオスリーマン─ 公演1/券種1
  [3657/4237] 517137 UNIZΦNE 公演1/券種1
  [3658/4237] 517213 十六夜ライブvol.20 公演1/券種1
  [3659/4237] 517209 十六夜ライブvol.19 公演1/券種1
  [3660/4237] 517207 妄人教〜ぼうじんきょう〜 公演1/券種1
  [3661/4237] 517178 ネタメシ 公演1/券種1
  [3662/4237] 517177 9/20(日)キャラバン特別編・キャラバンSP寄席 公演1/券種1
  [3663/4237] 517168 10/24(土)事務所バトルライブ「スタリオンファースト」 公演1/券種1
  [3664/4237] 517169 10/24(土)事務所バトルライブ「スタリオンセカンド＆サード」 公演1/券種1
  [3665/4237] 517160 笑面突破～Base～ 公演1/券種1
  [3666/4237] 517157 笑面突破～Base～ 公演1/券種1
  [3667/4237] 517156 笑面突破～Base～ 公演1/券種1
  [3668/4237] 517155 笑面突破～Base～ 公演1/券種1
  [3669/4237] 517154 スパンキープロデュースライブ「ブレブレ！」 公演1/券種1
  [3670/4237] 517153 スパンキープロデュースライブ「ブレブレ！」 公演1/券種1
  [3671/4237] 517152 スパンキープロデュースライブ「ブレブレ！」 公演1/券種1
  [3672/4237] 517083 三（総集編） 公演1/券種1
  [3673/4237] 517070 哺乳があっての我々 公演1/券種1
  [3674/4237] 517046 ありがたや寄席vol.13 公演1/券種1
  [3675/4237] 517045 Mのために 公演1/券種1
  [3676/4237] 517007 社会人R対2027 第1部・第2部 公演2/券種2
  [3677/4237] 517003 9/25(金) 【ENGAGE vol.1】 公演1/券種1
  [3678/4237] 516339 魚雷2倍速が会いたかった学生芸人寄席3 公演1/券種1
  [3679/4237] 516967 サファイアvol.49 公演1/券種1
  [3680/4237] 516961 ぽくた 公演1/券種1
  [3681/4237] 516794 9/22(火祝)バティオスで#ワイガヤ《3部》 公演1/券種1
  [3682/4237] 516793 9/22(火祝)バティオスで#ワイガヤ《2部》 公演1/券種1
  [3683/4237] 516792 9/22(火祝)バティオスで#ワイガヤ《1部》 公演1/券種1
  [3684/4237] 516944 ネタライブ「くんくん」 公演1/券種1
  [3685/4237] 516938 『WAGYU2』WPS×GYUTAN 合同ライブ 公演1/券種1
  [3686/4237] 516783 アイドル結成❣️衣装獲得ライブ vol.2~母性人をスカウト! ２人 公演1/券種1
  [3687/4237] 516858 10 公演1/券種1
  [3688/4237] 516588 11/29(日)キャサリン単独ライブ「恋しさに溺れて」 公演1/券種1
  [3689/4237] 516910 血のりで鼻うがい 公演1/券種1
  [3690/4237] 516306 12/12(土)【スイミーのゆうこ第１回単独ライブ「うお座」】 公演1/券種1
  [3691/4237] 516621 9/19(土)V-1で#ワイガヤ《3部》 公演1/券種1
  [3692/4237] 516558 9/19(土)V-1で#ワイガヤ《2部》 公演1/券種1
  [3693/4237] 516557 9/19(土)V-1で#ワイガヤ《1部》 公演1/券種1
  [3694/4237] 516861 アサレンvol.2 公演1/券種1
  [3695/4237] 516061 集まれ！はらっぱの会〜残暑と 戦闘 バチバチだ〜 公演1/券種1
  [3696/4237] 513158 京極統一戦 暁 -Ⅵ- 公演1/券種1
  [3697/4237] 516815 超マンザイザンマイ 公演1/券種1
  [3698/4237] 516702 クニヤス ネタライブ「くにゃ5」 公演1/券種1
  [3699/4237] 516785 特例：道徳倫理完全撤廃地区 公演1/券種1
  [3700/4237] 516770 雨に打たれたら口紅 公演1/券種1
  [3701/4237] 516739 文理落研×HOS×成城落研対決ライブ『もっちゅりん』 公演1/券種1
  [3702/4237] 516003 ヒーロー 公演1/券種1
  [3703/4237] 516004 残りの暑さ 公演1/券種1
  [3704/4237] 516713 下位打線 vol.20 公演1/券種1
  [3705/4237] 516370 夫婦・秋 公演1/券種1
  [3706/4237] 515303 東北りーもこコレクション 2026 公演1/券種2
  [3707/4237] 514906 バチバチ👊vol.20 公演1/券種1
  [3708/4237] 516619 君と僕のSkyblue 3回目 公演1/券種1
  [3709/4237] 513808 バーバラ鬼頭単独ライブ『理想の推し活』 公演2/券種2
  [3710/4237] 516050 アユミ・ブティックと賢者の喜利 公演1/券種1
  [3711/4237] 516644 マイアミ 公演1/券種1
  [3712/4237] 511876 区寄席 公演1/券種1
  [3713/4237] 516620 エレファントパオーンズ 公演1/券種1
  [3714/4237] 516585 ドパガキ 公演1/券種1
  [3715/4237] 516576 9/28吠えろ!MC魂! 公演1/券種1
  [3716/4237] 516574 第７５回ヤンヤン魂! 公演1/券種1
  [3717/4237] 516573 9/28ぶちぬき魂!プレーオフ 公演1/券種1
  [3718/4237] 516561 行列のできるアホう律相談事務所〜絶対に訴えられてやる〜 公演1/券種1
  [3719/4237] 516563 ノガワタカアキ 公演1/券種1
  [3720/4237] 516059 暗鈍 公演1/券種1
  [3721/4237] 516063 ぐん才 公演1/券種1
  [3722/4237] 516228 Mにやさしく 公演1/券種1
  [3723/4237] 516531 リバーマン古川惹女香花リバーマン市川スリーマンライブ 三大河川 公演1/券種1
  [3724/4237] 516547 【入替制ユニットライブ】フレクルズ vol.28 公演1/券種1
  [3725/4237] 516534 コモダドラゴンの猛省と引退 公演1/券種1
  [3726/4237] 516535 群青団地レインマンズツーマンライブ 20代男性 公演1/券種1
  [3727/4237] 516559 サンライズ寄席vol.7 公演1/券種1
  [3728/4237] 516532 アークのネタコナ 31 公演1/券種1
  [3729/4237] 516280 黒子タクシー桃寧四十路ノ禊『ん寧、もっと』 公演1/券種1
  [3730/4237] 507051 加藤ミリガンどっこいしょシリーズ31『たれながし』 公演1/券種1
  [3731/4237] 516476 9月27日(日)わくわくライブ 公演1/券種1
  [3732/4237] 515032 大喜利ライブ「あるあるマスターズ」 公演1/券種1
  [3733/4237] 516440 無印×築笑会合同ライブ『マンワカ~真ん中にあるのはわかめか文化か~』 公演1/券種1
  [3734/4237] 516386 星空ブラザーズ 新ネタライブ『新ネタ掘り起こしvol.10』 公演1/券種1
  [3735/4237] 516369 そんなこんなで vol.7 公演1/券種1
  [3736/4237] 515522 クボナルオバタ 公演1/券種1
  [3737/4237] 516336 お笑いライブ「ファニーでいこうぜ」（アーカイブ版） 公演1/券種1
  [3738/4237] 516315 養成所出てない芸人養成所ライブ 公演1/券種1
  [3739/4237] 515478 ベビーブーム 公演1/券種1
  [3740/4237] 516308 【9/28(月)】 漫ドリル @新宿バティオス 公演1/券種1
  [3741/4237] 516310 【9/21(月)】 漫ドリル @新宿ハイジアV-1 公演1/券種1
  [3742/4237] 516034 ヤングコア 公演1/券種1
  [3743/4237] 516303 TALKもろこし 公演1/券種1
  [3744/4237] 515133 ALIVE TOWER 〜チーム対抗三つ巴バラエティ〜 公演1/券種1
  [3745/4237] 515134 THE WATCH ROOM 〜制限時間内に楽屋から脱出するココナッ 公演1/券種1
  [3746/4237] 515112 キャパオーバー寄席 公演1/券種1
  [3747/4237] 515135 BRISON 〜スカしたら罰金。無茶振り50分耐久ライブ〜 公演1/券種1
  [3748/4237] 515569 2逸メン 公演1/券種1
  [3749/4237] 515567 ゆがむくうかんV2 公演1/券種1
  [3750/4237] 515975 服対決ライブ『きせかえ3着目』 公演1/券種1
  [3751/4237] 516260 シンバルモンキー主催ライブ 【 ONとOFF 】 公演1/券種1
  [3752/4237] 516247 ひつじねいり×スタミナパン ツーマンライブFINAL「キャバたこ」 公演1/券種1
  [3753/4237] 516182 目の色変える 公演1/券種1
  [3754/4237] 516222 ウルトラC 公演1/券種1
  [3755/4237] 515842 いけだ お笑い N-１グランプリ 公演1/券種1
  [3756/4237] 515887 茂松と小松 公演1/券種1
  [3757/4237] 515862 ゴルゴのオクタン 公演1/券種1
  [3758/4237] 516047 萌芽的研究 公演1/券種1
  [3759/4237] 516033 第2回ブタイノウエ主催ライブ「笑わせ屋の夜」 公演1/券種1
  [3760/4237] 515964 めちゃ✕2ライブ出てるッ！ vol.1 公演1/券種1
  [3761/4237] 515876 9/18(金) 武蔵野芸能劇場で#ワイガヤ 公演1/券種1
  [3762/4237] 514153 落合のハゲを100個例えるまで終わらない 公演1/券種1
  [3763/4237] 515966 フランス代表 公演1/券種1
  [3764/4237] 515954 VSナイキ 公演1/券種1
  [3765/4237] 515953 シニア演芸アワー「狂い咲き寄席」 公演1/券種2
  [3766/4237] 515414 豚の貯金箱 〜ストレッチーズ×高速ぷりん ツーマンライブ〜 公演1/券種1
  [3767/4237] 515771 MAN MAN ZAI 公演1/券種1
  [3768/4237] 515766 SUN 公演1/券種1
  [3769/4237] 515765 グレイモヤ 公演1/券種1
  [3770/4237] 515803 亀井割引単独ライブ2026秋「NOT MOSH」 公演1/券種1
  [3771/4237] 515821 C.C.LIVE【DAY2】 公演1/券種1
  [3772/4237] 515603 何かの缶詰 新ネタライブ『聞けたと思う』 公演1/券種1
  [3773/4237] 515783 ダイノジ・大谷 独演会2026 公演1/券種1
  [3774/4237] 515734 MABスタンダップコメディライブ 〜言わなきゃ良かった 〜in大阪 公演1/券種1
  [3775/4237] 515733 青秋ライブ 公演1/券種1
  [3776/4237] 515731 マスカーニャ寄席 公演1/券種1
  [3777/4237] 515730 G8 vol.2 公演1/券種1
  [3778/4237] 515729 ファンマイ寄席〜おもろい奴ら集めてやったんじゃ編〜 公演1/券種1
  [3779/4237] 515726 リサイクル寄席 公演1/券種1
  [3780/4237] 515725 敬老寄席 公演1/券種1
  [3781/4237] 514940 フォーマン 公演1/券種1
  [3782/4237] 515657 キーパーリベロピッチャーズ 公演1/券種1
  [3783/4237] 515652 【京都開催】二足のわらじvol.260 公演1/券種1
  [3784/4237] 514876 コントライブアトリエ - Atelier -【vol.3】 公演1/券種1
  [3785/4237] 515623 デカロボットver.9 公演1/券種1
  [3786/4237] 515616 ささやかポップ 公演1/券種1
  [3787/4237] 515386 ぽんちょみめっぴ 公演1/券種1
  [3788/4237] 515559 今夜は踊れそう #6 公演1/券種1
  [3789/4237] 515556 チェイスvol.5 公演1/券種1
  [3790/4237] 515555 初号機 公演1/券種1
  [3791/4237] 515494 C.C.LIVE【DAY1】 公演1/券種1
  [3792/4237] 515096 ネタ+大喜利ライブ「会う口実」 公演1/券種1
  [3793/4237] 509536 W/2 IMPACT ～漫談・一人コント二刀流ネタライブ～ 公演1/券種1
  [3794/4237] 500413 お笑いの的 Vol.22 公演1/券種1
  [3795/4237] 515226 遊ぶだけライブ 公演1/券種1
  [3796/4237] 515225 めっちゃ最高寄席 公演1/券種1
  [3797/4237] 515217 ふつーに！男子vs女子 公演1/券種1
  [3798/4237] 511932 Mania vol.3 公演1/券種1
  [3799/4237] 515215 人生を1時間で振り返った後に1問だけクイズ出すライブ〜レインマンズ赤 公演1/券種1
  [3800/4237] 515372 眉毛がメガネにかからない 公演1/券種1
  [3801/4237] 515370 ネタのクイズ 公演1/券種1
  [3802/4237] 515312 9/23 元気出してこ 公演1/券種1
  [3803/4237] 514545 ファイブボンバーマン寄席 公演1/券種1
  [3804/4237] 515330 第ニ回 いとま 公演1/券種1
  [3805/4237] 515322 第3回札幌ローランドゴリラお笑い侵略計画 公演1/券種1
  [3806/4237] 515310 金木犀を笑わないでvol.8 公演1/券種1
  [3807/4237] 514662 KIDS KIDS KIDS 公演1/券種1
  [3808/4237] 513723 如吹 矢ー独演会「あたしのために その５」 公演1/券種1
  [3809/4237] 515231 新フルコース 公演1/券種1
  [3810/4237] 514848 超ボルト 特別編 公演1/券種1
  [3811/4237] 515021 漫才ダブルス 公演1/券種1
  [3812/4237] 515060 ミネラルボーイズ 公演1/券種1
  [3813/4237] 514626 あでしゃ寄席vol.7 公演1/券種1
  [3814/4237] 514511 秋休みseason5 公演1/券種1
  [3815/4237] 514510 躍進のトシちゃん 公演1/券種1
  [3816/4237] 515010 みちがえる単独ライブ「ひっくりがえる」 公演1/券種1
  [3817/4237] 514956 えば寄席vol.9 公演1/券種1
  [3818/4237] 514930 9/26(土) 【金木犀を笑わないでvol.7】 公演1/券種1
  [3819/4237] 514917 9/24ぶちぬき魂!プレーオフ 公演1/券種1
  [3820/4237] 514914 サシサシ魂!ブリキカラス☓ボートヨットカヌー編 公演1/券種1
  [3821/4237] 514918 ゴリゴリ魂！ 公演1/券種1
  [3822/4237] 514926 試作品 公演1/券種1
  [3823/4237] 514921 照マー湯 其の拾陸 公演1/券種1
  [3824/4237] 514919 第48回漫才バトルLIVE in Gコレ 公演1/券種1
  [3825/4237] 514915 もっぱらがんばる３～あがりを積み立てて新衣装買います～ 公演1/券種1
  [3826/4237] 514886 9/23 Dream Explorer 公演1/券種1
  [3827/4237] 514893 伍穀豊穣 vol.18 公演1/券種1
  [3828/4237] 514684 8.8.8〜あの日何があったのか〜 公演1/券種1
  [3829/4237] 514875 小松海佑単独公演「冷凍」三部 公演1/券種1
  [3830/4237] 514822 孫ダッシュが2027年2月に解散しない為の新ネタライブvol.1 公演1/券種1
  [3831/4237] 514820 エル・カブキ 強い奴に胸借りライブ vsキュウ、バベコンブ 公演1/券種2
  [3832/4237] 514823 第三十八回 社会人お笑いライブ「夜さり」 公演1/券種1
  [3833/4237] 514803 【無差別級ネタ＆大喜利バトル！】ストイック☆アルティメット！vol. 公演1/券種2
  [3834/4237] 512836 ズンズンポイポイ再会ツーマンツアー「キングドリフト2」〜げんこつメン 公演1/券種1
  [3835/4237] 514731 ピンセレ vol.1 公演1/券種1
  [3836/4237] 514700 10/24(土)【能動的十分間vol.14】 公演1/券種1
  [3837/4237] 514565 ヤッチマイナライブ55 公演1/券種1
  [3838/4237] 513848 ピン芸人ユニットライブ『ひとりだらけ』vol.14 公演1/券種1
  [3839/4237] 514564 サンプンサンプン 〜賞レース対策ライブ〜 公演1/券種1
  [3840/4237] 512758 「お笑いライブ！」会社を辞めずに『週末芸能人』in東洋館 公演1/券種1
  [3841/4237] 511199 街裏ぴんく×ツートライブ ツーマンライブ「リアル現実」 公演1/券種1
  [3842/4237] 514598 漫才遣隋使 公演1/券種1
  [3843/4237] 514593 【昼の若手ネタバトルライブ！】KASENJIKI☆サンライズ！Vol 公演1/券種2
  [3844/4237] 514591 KASENJIKI☆賞レーストレーニング（9/26午後） 公演1/券種1
  [3845/4237] 514590 KASENJIKI☆賞レーストレーニング（9/19午後） 公演1/券種1
  [3846/4237] 514582 第2回ココナッツ学園の単独ライブ 公演1/券種1
  [3847/4237] 513966 大喜利徹夜組 〜第二夜〜 公演1/券種1
  [3848/4237] 514530 二足のわらじvol.259 公演1/券種1
  [3849/4237] 514529 二足のわらじvol.258 公演1/券種1
  [3850/4237] 514528 二足のわらじvol.257 公演1/券種1
  [3851/4237] 514527 二足のわらじvol.256 公演1/券種1
  [3852/4237] 514483 9/24 揃(そろい) 公演1/券種1
  [3853/4237] 514467 CCレクレーション2 公演1/券種1
  [3854/4237] 514118 金星 公演1/券種1
  [3855/4237] 514345 5教科7科目 公演1/券種1
  [3856/4237] 514335 N 2, 3 minutes 公演1/券種1
  [3857/4237] 513671 CANOPY第１回お笑いライブ 公演1/券種1
  [3858/4237] 514290 9/30(水)ホンビノス単独ライブ『スーパーアウトプットパーティー』 公演1/券種1
  [3859/4237] 514212 漫才師の空論 公演1/券種1
  [3860/4237] 514174 すべての差別は論外ライブ 公演1/券種1
  [3861/4237] 514092 9/22(火)【新ネタ2本ずつ】漫才工作教室#33 公演1/券種1
  [3862/4237] 514082 ヴィラ2 公演1/券種1
  [3863/4237] 514036 第68回 女流寄席 公演1/券種1
  [3864/4237] 514035 笑いの本場所～其の拾伍～ 公演1/券種1
  [3865/4237] 513294 YOIYOSE 172 @中野の劇場サッチー 公演1/券種1
  [3866/4237] 513275 TASOGARE YOSE 83 @中野の劇場サッチー 公演1/券種1
  [3867/4237] 513952 銀座六双 公演1/券種1
  [3868/4237] 513272 HAKUCHU YOSE 19 @中野の劇場サッチー 公演1/券種1
  [3869/4237] 513271 HAKUCHU YOSE 18 @新宿ハイジアV-1 公演1/券種1
  [3870/4237] 513936 第47回漫才バトルLIVE in Gコレ 公演1/券種1
  [3871/4237] 513935 社会人お笑いグランプリ WORKING2026 決勝戦 公演1/券種4
  [3872/4237] 513901 リラハ×燕雀ツーマントークライブ「マブダチ！」 公演1/券種1
  [3873/4237] 513871 ワライブ vol.293 若手芸人ネタバトルライブ！ 公演1/券種1
  [3874/4237] 513870 ワライブ vol.292 若手芸人ネタバトルライブ！ 公演1/券種1
  [3875/4237] 513878 tuning!! vol.4 公演1/券種1
  [3876/4237] 513858 快楽主義者の脳内会議 公演1/券種1
  [3877/4237] 513778 うれしい！たのしい！大好き！ 公演1/券種1
  [3878/4237] 513717 最強寄席 vol.13 公演1/券種1
  [3879/4237] 513715 ミューネクスト！２ vol.35 公演1/券種1
  [3880/4237] 513708 よせよせ寄席vol.81 公演1/券種1
  [3881/4237] 513643 進進軍軍 vol.8 公演1/券種1
  [3882/4237] 512403 シンボルタワー初単独『大きいコインロッカーしか空いてない』 公演1/券種1
  [3883/4237] 513641 キャラネタ芸人祭 公演1/券種1
  [3884/4237] 513610 第18回 お笑いライブ「横浜ファンタジスタ」 公演1/券種1
  [3885/4237] 513608 社会人お笑いグランプリ WORKING2026 予選第1部・第2部 公演2/券種3
  [3886/4237] 512049 たくなるLIVE vol.１ 公演2/券種2
  [3887/4237] 513562 PJキャンプ 秋季トレーニング編 公演1/券種1
  [3888/4237] 513517 はまテラの新ネタ60分ライブ！ 公演1/券種1
  [3889/4237] 513445 祭りのあとvol.4 公演1/券種1
  [3890/4237] 513439 ピンネタライブ『ヴァリアシオン』 公演1/券種1
  [3891/4237] 512238 ピンネタライブ「深淵」 公演1/券種1
  [3892/4237] 513430 イッタリキタリ 公演1/券種1
  [3893/4237] 513359 江戸のすきま風 公演1/券種1
  [3894/4237] 509451 札幌オーギリング九月興行 グロリアスジャッジモーメント 公演1/券種3
  [3895/4237] 512140 論と証拠の花束 ジェームズ篇 公演1/券種1
  [3896/4237] 513277 メイタイブキとマミモンシンテターゼが先輩と後輩と四段を呼び出して新ネ 公演1/券種1
  [3897/4237] 513233 ガンバヤ！vol.2〜頑張Re.屋〜 公演1/券種1
  [3898/4237] 513099 大阪漫才師組合 定期公演 -秋- 公演1/券種1
  [3899/4237] 513248 ロジハジ 公演1/券種1
  [3900/4237] 512694 『パンゲア』第13回 公演1/券種1
  [3901/4237] 513125 フラワーガール 公演1/券種1
  [3902/4237] 513109 ムーンライトお嬢様新ネタライブ〜ロボット〜 公演1/券種1
  [3903/4237] 510675 三浦マイルド単独ライブ「やるなら今しかねえ」大阪公演 公演1/券種2
  [3904/4237] 512524 【9/30(水)】アルファ195 @中野の劇場サッチー 公演1/券種1
  [3905/4237] 512522 【9/24(木)】アルファ194 @中野の劇場サッチー 公演1/券種1
  [3906/4237] 512520 【9/23(水)】アルファ193 @中野の劇場サッチー 公演1/券種1
  [3907/4237] 513068 はこジャム主催ライブ 『捕食』 公演1/券種1
  [3908/4237] 511766 スリーマンライブ【がなる】 公演1/券種1
  [3909/4237] 510921 サイゼ2 ～能勢ちゃん、オカヤマ、ハヤイカガヤイのトークライブ～ 公演1/券種1
  [3910/4237] 513036 ごたいめんvol.32 公演1/券種1
  [3911/4237] 511223 「エクスカリバー寄席2026.10」 公演1/券種1
  [3912/4237] 512931 Dawn College 9月ライブ 公演1/券種1
  [3913/4237] 512897 9/26(土)事務所バトルライブ「スタリオンファースト」 公演1/券種1
  [3914/4237] 512898 9/26(土)事務所バトルライブ「スタリオンセカンド＆サード」 公演1/券種1
  [3915/4237] 512814 板橋シアター咲定期お笑いライブin板橋文化会館 公演1/券種1
  [3916/4237] 512765 たこ焼きインフェルノ Vol.5 〜漫才心とタコの空 中秋の舞台袖〜 公演1/券種1
  [3917/4237] 512777 楽屋Aオーディションバトルライブ「口火vol.640」 公演1/券種1
  [3918/4237] 512775 楽屋Aオーディションバトルライブ「口火vol.637」 公演1/券種1
  [3919/4237] 512771 楽屋Aオーディションバトルライブ「口火vol.641｣ 公演1/券種1
  [3920/4237] 512770 【京都開催】楽屋Aオーディションバトルライブ「口火vol.639」 公演1/券種1
  [3921/4237] 512717 コント激凸バトル~コン凸~ 第十七戦 公演1/券種1
  [3922/4237] 512716 楽屋Aオーディションバトルライブ「口火vol.638｣ 公演1/券種1
  [3923/4237] 512714 楽屋Aオーディションバトルライブ「口火vol.636｣ 公演1/券種1
  [3924/4237] 512712 楽屋Aオーディションバトルライブ「口火vol.635｣ 公演1/券種1
  [3925/4237] 512557 パフォームグラフィティ 公演1/券種1
  [3926/4237] 512529 桂三四郎まくらだけの独演会 公演1/券種2
  [3927/4237] 512525 第2回大喜利バトルLIVE in Gコレ 公演1/券種1
  [3928/4237] 512423 ガクヅケ新ネタライブ『無尾目vs木田』 公演1/券種1
  [3929/4237] 512420 無尽蔵のシン・ネタ 公演1/券種1
  [3930/4237] 512328 10月の豆セポ 公演1/券種2
  [3931/4237] 512330 11月の豆セポ 公演1/券種1
  [3932/4237] 512318 OPIN 公演1/券種1
  [3933/4237] 512292 ねじロックフェス2026 公演2/券種3
  [3934/4237] 512160 奇喜怪快【スピ×お笑い】 公演1/券種1
  [3935/4237] 512062 漫才交遊録vol.6 公演1/券種1
  [3936/4237] 512026 さんぽもまたいいよね 公演1/券種1
  [3937/4237] 511969 Conva第4回単独『レガリア』 公演1/券種1
  [3938/4237] 511963 日英仏共同ネタ訓練 第六演習 〜自由で開かれたインド太平洋〜 公演1/券種1
  [3939/4237] 511760 青色１号カミムラ×ア・ロングアイランドゆい松トークライブ💀毒ガスvo 公演1/券種1
  [3940/4237] 511792 MWグランプリ予選② 公演1/券種1
  [3941/4237] 511790 MWグランプリ予選① 公演1/券種1
  [3942/4237] 511585 第56回 僕のらくご道 ─ 三遊亭天どん独演会 公演1/券種1
  [3943/4237] 511579 東若手町（ひがしわかてまち）お笑いフェスティバル 公演1/券種1
  [3944/4237] 511134 見つかりまち芸人バラエティ 公演1/券種1
  [3945/4237] 511125 お笑いフリーマーケット 公演1/券種1
  [3946/4237] 511338 きき酒師の漫才師・にほんしゅPresents『第26回にぎやかな晩酌 公演1/券種1
  [3947/4237] 511303 ユガミノーマル第三回単独ライブ『ユガミノーマルを信じるな！』 公演2/券種2
  [3948/4237] 511272 ウメ単独ライブ 公演1/券種1
  [3949/4237] 511271 ピンクだま寄席vol.16 公演1/券種1
  [3950/4237] 507233 酒井直斗の独り言2026 公演1/券種1
  [3951/4237] 508863 シェアする落語第45回特別企画 シェアする浪曲 東家千春 公演1/券種1
  [3952/4237] 511175 サイヤング新ネタ4本ツーストライクツーボールvol.16 公演1/券種1
  [3953/4237] 509635 笑の歯車-ワライノハグルマ- 公演1/券種3
  [3954/4237] 493127 【京都開催】森脇健児トークライブ「ブロウダウン27 京都編」 公演1/券種1
  [3955/4237] 510839 オールドボーイ初単独ライブ『オールドボーイ完全版』 公演1/券種1
  [3956/4237] 511028 第46回漫才バトルLIVE in Gコレ 公演1/券種1
  [3957/4237] 511001 第17回コントバトルLIVE in Gコレ 公演1/券種1
  [3958/4237] 510997 第16回コントバトルLIVE in Gコレ 公演1/券種1
  [3959/4237] 510995 第15回コントバトルLIVE in Gコレ 公演1/券種1
  [3960/4237] 510866 九月 札幌公演「待望の札幌11〜2026年秋に作ったネタ編〜」 公演1/券種1
  [3961/4237] 510865 九月 札幌公演「待望の札幌10〜札幌10回記念ベストネタ公演編〜」 公演1/券種1
  [3962/4237] 510863 九月 仙台公演「九木山ベニーランド」 公演3/券種6
  [3963/4237] 510770 カシュウ’s LIVE！ 第一回「狂」 公演1/券種1
  [3964/4237] 500410 午後のコント～2nd～ 公演1/券種1
  [3965/4237] 510597 サンセット寄席vol.337 公演1/券種1
  [3966/4237] 510554 サンセット寄席vol.336 公演1/券種1
  [3967/4237] 510042 題名のないユニットライブ 公演1/券種1
  [3968/4237] 510356 CCTN 公演1/券種1
  [3969/4237] 510152 目の色変える （第1回） 公演1/券種1
  [3970/4237] 509811 大豊作寄席！４ 公演1/券種1
  [3971/4237] 509810 第6回 DAKKICHI 公演1/券種1
  [3972/4237] 509508 林家きく麿独演会 公演1/券種2
  [3973/4237] 509538 第三回 小島あやめ一人発表会『長途、晴れ』 公演3/券種3
  [3974/4237] 509472 まみわ☆ぶち強化ライブ「お願いいたしまみわ!!! Vol.13」 公演1/券種3
  [3975/4237] 509663 スパンキープロデュースライブ「ブレブレ！」 公演1/券種1
  [3976/4237] 509639 桂紋四郎 札幌・手稲 パン屋喫茶大和さんで落語会16回目 公演1/券種1
  [3977/4237] 509638 桂紋四郎 札幌・手稲 パン屋喫茶大和さんで落語会15回目 公演1/券種1
  [3978/4237] 509413 第3回「爆速で可愛がれ！｣〜プロになる学生芸人の寄席〜 公演1/券種1
  [3979/4237] 509304 犬はかわいい単独ライブ「0次会」アーカイブ配信 公演1/券種1
  [3980/4237] 509162 楽屋aミニ頂上決戦-2026秋口らへん- 公演1/券種1
  [3981/4237] 509122 またまた帰ってきたビリヤニライブ 公演1/券種1
  [3982/4237] 508984 まぼろしvol.15 公演1/券種1
  [3983/4237] 508670 笑う門には福来たるvol.2 公演2/券種2
  [3984/4237] 508664 笑う門には福来たるvol.2 公演2/券種2
  [3985/4237] 508691 センサールマンが日本一の漫才師を目指すライブ〜第二十三夜 素材の味が 公演1/券種1
  [3986/4237] 507914 居島一平エンドレスライブ「狂気の沙汰も客次第」第66回 公演1/券種1
  [3987/4237] 508380 センス 公演1/券種1
  [3988/4237] 508376 復刻版みにまむず4 公演1/券種1
  [3989/4237] 508234 漫画トーク！！🏈編 公演1/券種1
  [3990/4237] 507488 センサールマンが日本一の漫才師を目指すライブ〜第二十二夜 傷だらけの 公演1/券種1
  [3991/4237] 475460 サドンDeath!! Vol.13 公演1/券種1
  [3992/4237] 507044 ポテトカレッジのハイパー・ピギーバンク#100回記念ライブ 公演1/券種1
  [3993/4237] 505783 第三回 爆裂お玉のみ寄席 公演1/券種1
  [3994/4237] 506997 オカヤマ×上下するツーマンライブ「多芸は無芸2」Tokyo 公演1/券種1
  [3995/4237] 506751 オカヤマ×上下するツーマンライブ「多芸は無芸2」Osaka 公演1/券種1
  [3996/4237] 506863 第6回 旭堂南歩 とすとcoffee 講談会 公演1/券種1
  [3997/4237] 506861 第5回 旭堂南歩 とすとcoffee 講談会 公演1/券種1
  [3998/4237] 506860 第4回 旭堂南歩 とすとcoffee 講談会 公演1/券種1
  [3999/4237] 506853 第3回 旭堂南歩 とすとcoffee 講談会 公演1/券種1
  [4000/4237] 499245 11/15(日)【決勝戦 ROAD TO Y ~東山わいわいフェスタ 公演1/券種1
  [4001/4237] 506427 三拍子単独ツアー2026 『漫詣』秋田公演（DoLIVE） 公演1/券種2
  [4002/4237] 506188 三拍子単独ツアー2026 『漫詣』新潟公演（クロスパルにいがた） 公演1/券種2
  [4003/4237] 506181 三拍子単独ツアー2026 『漫詣』茨城公演（ノバホール） 公演1/券種2
  [4004/4237] 506171 君と僕のSkyblue 2回目 公演1/券種1
  [4005/4237] 506002 三拍子単独ツアー2026 『漫詣』東京公演（マルアイビル 銀河ホール 公演1/券種2
  [4006/4237] 505999 三拍子単独ツアー2026 『漫詣』山梨公演（こうふ亀屋座） 公演1/券種2
  [4007/4237] 505997 三拍子単独ツアー2026 『漫詣』千葉公演（千葉市生涯学習センター） 公演1/券種2
  [4008/4237] 505996 三拍子単独ツアー2026 『漫詣』広島公演（神楽門前湯治村かむくら座 公演1/券種2
  [4009/4237] 505995 三拍子単独ツアー2026 『漫詣』岡山公演（学び館サエスタ） 公演1/券種2
  [4010/4237] 505992 三拍子単独ツアー2026 『漫詣』岐阜公演（多治見市笠原交流センター 公演1/券種2
  [4011/4237] 505988 三拍子単独ツアー2026 『漫詣』埼玉公演（長念寺） 公演1/券種2
  [4012/4237] 505989 三拍子単独ツアー2026 『漫詣』静岡公演（浜松市福祉交流センター） 公演1/券種2
  [4013/4237] 505977 Over50〜第七話〜 公演1/券種1
  [4014/4237] 505973 三遊亭ごはんつぶ 本当の勉強会 公演1/券種1
  [4015/4237] 505969 三遊亭ごはんつぶ 本当の勉強会 公演1/券種1
  [4016/4237] 504912 Over50〜第六話〜 公演1/券種1
  [4017/4237] 504763 オーパスツー×ハスキーポーズ 漫才ツーマン ―顔― 公演1/券種1
  [4018/4237] 504762 オーパスツー×ハスキーポーズ 漫才ツーマン ―顔― 公演1/券種1
  [4019/4237] 504760 オーパスツー×ハスキーポーズ 漫才ツーマン ―顔― 公演1/券種1
  [4020/4237] 504758 オーパスツー×ハスキーポーズ 漫才ツーマン ―顔― 公演1/券種1
  [4021/4237] 504141 大塚友賀 単独ライブ ～追憶～ 公演1/券種1
  [4022/4237] 504223 第16回 濱田屋寄席 公演1/券種1
  [4023/4237] 501801 ふねしぼり第4回単独ライブ「本気サーキット」 公演1/券種1
  [4024/4237] 496087 三拍子に熱狂せよ！in KOBE 公演1/券種3
  [4025/4237] 503691 ピンクだま寄席vol.15 公演1/券種1
  [4026/4237] 503231 みぞれ 公演1/券種1
  [4027/4237] 501463 三遊亭遊雀独演会 公演1/券種2
  [4028/4237] 493245 苦肉祭・広島場所 公演1/券種1
  [4029/4237] 502191 ヒロ・オクムラ ピンネタライブ「7本」 公演1/券種1
  [4030/4237] 501765 ヤングの銭湯漫才 in 清水温泉 公演1/券種1
  [4031/4237] 501386 すけ大好き寄席 公演1/券種1
  [4032/4237] 500568 未熟でも甘い 公演1/券種1
  [4033/4237] 499282 11/28(土)トークライブ「後日談」 公演1/券種1
  [4034/4237] 498928 第4回バニーぴょん吉郎1人漫談会『愛しきなかにも礼儀あり』 公演1/券種1
  [4035/4237] 498145 社会人芸人夫婦寄席 公演1/券種1
  [4036/4237] 497731 パラダイムシフト新ネタライブ「Serendipity」season8 公演1/券種1
  [4037/4237] 497321 9/23(水･祝)【グレンアロマ特訓ライブ「まかろんのおうかん」】 公演1/券種1
  [4038/4237] 494157 新作コントライブエムバペ 公演1/券種1
  [4039/4237] 493236 川村鷺宮盛り上げたいライブ 配信チケット 公演1/券種1
  [4040/4237] 492641 子連れ大歓迎寄席vol.4 公演1/券種2
  [4041/4237] 490934 舞台袖とーくはらvol.17 公演1/券種1
  [4042/4237] 490932 舞台袖とーくはらvol.16 公演1/券種1
  [4043/4237] 488412 ⭐︎札幌開催⭐︎ 林家きく麿独演会 公演1/券種1
  [4044/4237] 484520 ハニートースト単独 公演1/券種1
  [4045/4237] 484250 楽屋A寄席 in 喜楽館vol.2 公演1/券種1
  [4046/4237] 484143 満漢全席 公演1/券種1
  [4047/4237] 480700 のはこ第二回単独ライブ「コードネーム:フェアマンと5人のドッペルゲン 公演1/券種1
  [4048/4237] 467830 『東京ファイナル』全国ツアー2026 公演1/券種1
  [4049/4237] 466111 ナチョス。新ネタライブ vol.6 公演1/券種2
  [4050/4237] 466269 R-1対策ライブ#1 公演1/券種1
  [4051/4237] 464788 村祭り 公演1/券種1
  [4052/4237] 456198 『にわのももかの1年〜秋Vol.3〜』 公演1/券種1
  [4053/4237] 455817 『にわのももかの1年〜秋Vol.2〜』 公演1/券種1
  [4054/4237] 455816 『にわのももかの1年〜秋Vol.1〜』 公演1/券種1
  [4055/4237] 455275 『たらの山~2月猫になったよ編〜』 公演1/券種1
  [4056/4237] 455274 『たらの山~1月太陽系惑星編〜』 公演1/券種1
  [4057/4237] 455273 『たらの山~12月年忘れ後輩大集合スペシャル編〜』 公演1/券種1
  [4058/4237] 455802 『たらの山~3月SUPER JUDGE編〜』 公演1/券種1
  [4059/4237] 455272 『たらの山~11月お笑いのない人生だったら編〜』 公演1/券種1
  [4060/4237] 455271 『たらの山~10月未知との邂逅編〜』 公演1/券種1
  [4061/4237] 454168 石橋わたる第2回単独公演「審美眼」 公演1/券種1
  [4062/4237] 422498 【第9回】また帰ってきた！３金落語 12ヶ月連続 毎月ネタ下ろし落語 公演1/券種1
  [4063/4237] 422500 【第11回】また帰ってきた！３金落語 12ヶ月連続 毎月ネタ下ろし落 公演1/券種1
  [4064/4237] 422501 【最終回】また帰ってきた！３金落語 12ヶ月連続 毎月ネタ下ろし落語 公演1/券種1
  [4065/4237] 422499 【第10回】また帰ってきた！３金落語 12ヶ月連続 毎月ネタ下ろし落 公演1/券種1
  [4066/4237] 354745 ペンた丸新ネタライブ【ペンおろし】vol.1 公演1/券種1
  [4067/4237] 283766 お互いどんなになってたとしてもみんなで出ようねライブ 公演1/券種1
  [4068/4237] 522243 《生配信・1ヶ月アーカイブ視聴可能!》リーディングミュージカル「オズ 公演4/券種4
  [4069/4237] 518020 青春!!アクトリーグ3期 チャンピオンシップ 公演1/券種1
  [4070/4237] 516824 2026.10.3(土)『R30 - 逆リトルブラック-』 公演1/券種1
  [4071/4237] 519875 劇団 百劇『寺町物語 : Tera-machi story』 公演1/券種3
  [4072/4237] 519870 『All the good』バストリオ 前橋公演 公演3/券種6
  [4073/4237] 519869 Layers High 『SILENT KNIGHT』⑥※11/29 公演1/券種1
  [4074/4237] 519867 Layers High 『SILENT KNIGHT』⑤※11/29 公演1/券種1
  [4075/4237] 519866 Layers High 『SILENT KNIGHT』③※11/28 公演1/券種1
  [4076/4237] 519865 Layers High 『SILENT KNIGHT』④※11/28 公演1/券種1
  [4077/4237] 519864 Layers High 『SILENT KNIGHT』②※11/27 公演1/券種1
  [4078/4237] 519863 Layers High 『SILENT KNIGHT』①※11/27 公演1/券種1
  [4079/4237] 484416 【配信】ワニズなんとか芝居３ 〜４人芝居と５人芝居〜 公演1/券種4
  [4080/4237] 509238 【舞台公演】ワニズなんとか芝居３ 〜４人芝居と５人芝居〜 公演3/券種12
  [4081/4237] 509261 【舞台公演】ワニズなんとか芝居３ 〜４人芝居と５人芝居〜 公演2/券種8
  [4082/4237] 509210 【舞台公演】ワニズなんとか芝居３ 〜４人芝居と５人芝居〜 公演2/券種8
  [4083/4237] 517941 BBAFES 2026 公演1/券種2
  [4084/4237] 517173 「街はいま、劇場になりたがっている」本公演 公演4/券種15
  [4085/4237] 516969 ザジモン 公演5/券種15
  [4086/4237] 516417 劇団ばってんおメメ第3回本公演「未完だった」 公演2/券種4
  [4087/4237] 516099 リーディングミュージカル「オズの魔法使い」 公演20/券種20
  [4088/4237] 515445 噺 - Amor - 公演3/券種3
  [4089/4237] 515014 劇団玄喜座 感謝祭〜皆様に心から感謝を込めて〜 公演1/券種2
  [4090/4237] 510769 ココカラ第1回公演「エンドロールはまだ来ない」 公演2/券種4
  [4091/4237] 510766 ココカラ第1回公演「エンドロールはまだ来ない」 公演2/券種4
  [4092/4237] 510764 ココカラ第1回公演「エンドロールはまだ来ない」 公演1/券種2
  [4093/4237] 510771 ココカラ第1回公演「エンドロールはまだ来ない」 公演3/券種5
  [4094/4237] 510327 モンスターズ ２章：布告 公演1/券種2
  [4095/4237] 510323 モンスターズ 1章：陰謀 公演1/券種2
  [4096/4237] 510642 あ・い・で・す アンソニー 三の丸ホール公演 公演2/券種4
  [4097/4237] 510072 モンスターズスピンオフ：報讐 公演1/券種2
  [4098/4237] 508524 劇団風の子公演「ちぇんじ☆図書室のすきまから」 公演1/券種2
  [4099/4237] 508692 朗読劇「覗けない食卓」 公演6/券種12
  [4100/4237] 506697 シリコン第4回公演『ふたしか』 公演2/券種4
  [4101/4237] 505660 一人芝居 マシュー・カスバート 公演2/券種2
  [4102/4237] 504628 シリコン第4回公演『ふたしか』 公演2/券種4
  [4103/4237] 504627 シリコン第4回公演『ふたしか』 公演1/券種2
  [4104/4237] 504626 シリコン第4回公演『ふたしか』 公演2/券種4
  [4105/4237] 504619 シリコン第4回公演『ふたしか』 公演1/券種2
  [4106/4237] 501596 劇団玄喜座第４回本公演【モンタージュ・コメディ「恐るべし」】 公演6/券種12
  [4107/4237] 481987 【鈴木・大島Ver.】NDプラットフォーム公演Vol.2「異邦人の庭 公演2/券種2
  [4108/4237] 481989 【森迫・中島Ver.】NDプラットフォーム公演Vol.2「異邦人の庭 公演2/券種2
  [4109/4237] 522697 第6回Studio Lotus発表会 公演1/券種1
  [4110/4237] 520936 踊物語vol.34 公演1/券種1
  [4111/4237] 521749 鶴の舞vol.8.5 公演1/券種0
  [4112/4237] 521668 peatishimo♡⃛ワンマンライブ 公演1/券種5
  [4113/4237] 517134 めこ誕～ひつじの村へようこそ～ 公演1/券種5
  [4114/4237] 520888 ダンス&女○盛り 公演1/券種1
  [4115/4237] 520787 名画座アンダーグラウンド3 公演1/券種1
  [4116/4237] 519408 彼女はいつもオシャレに着こなしている。in HOTEL Siliqu 公演4/券種4
  [4117/4237] 519386 彼女はいつもオシャレに着こなしている。in HOTEL Siliqu 公演4/券種13
  [4118/4237] 519002 ※10/27・10/28開催※彼女はいつもオシャレに着こなしている。 公演1/券種16
  [4119/4237] 519028 ※10/27・10/28開催※彼女はいつもオシャレに着こなしている。 公演1/券種4
  [4120/4237] 518524 踊物語-HOLIDAY-vol.16 公演2/券種2
  [4121/4237] 517127 雪村流縄遊戯Vol.5 公演3/券種7
  [4122/4237] 515775 プチぱんまつり。2026 公演2/券種3
  [4123/4237] 513836 踊ってみた発表会Vol.2 ♡お誕生日編♡ ｰいままでとこれからとｰ 公演1/券種0
